case_id,interaction_name,case,parameter,parameters,expected_mom_exception,executable,reason,section_refs
MOM-NEG-1516-1-2010-0001-hlamodifyattributestate-unexpected-parameter,HLAinteractionRoot.HLAmanager.HLAfederate.HLAadjust.HLAmodifyAttributeState,unexpected_parameter,,,UnexpectedMOMParameter,True,executable strict MOM parameter validation,1516.1-2010 §11.4.1;1516.1-2010 §11.5
MOM-NEG-1516-1-2010-0002-hlamodifyattributestate-missing-required-parameter-hlafederate,HLAinteractionRoot.HLAmanager.HLAfederate.HLAadjust.HLAmodifyAttributeState,missing_required_parameter,HLAfederate,,MissingMOMParameter,True,executable strict MOM parameter validation,1516.1-2010 §11.4.1;1516.1-2010 §11.5
MOM-NEG-1516-1-2010-0003-hlamodifyattributestate-missing-required-parameter-hlaobjectinstance,HLAinteractionRoot.HLAmanager.HLAfederate.HLAadjust.HLAmodifyAttributeState,missing_required_parameter,HLAobjectInstance,,MissingMOMParameter,True,executable strict MOM parameter validation,1516.1-2010 §11.4.1;1516.1-2010 §11.5
MOM-NEG-1516-1-2010-0004-hlamodifyattributestate-missing-required-parameter-hlaattribute,HLAinteractionRoot.HLAmanager.HLAfederate.HLAadjust.HLAmodifyAttributeState,missing_required_parameter,HLAattribute,,MissingMOMParameter,True,executable strict MOM parameter validation,1516.1-2010 §11.4.1;1516.1-2010 §11.5
MOM-NEG-1516-1-2010-0005-hlamodifyattributestate-missing-required-parameter-hlaattributestate,HLAinteractionRoot.HLAmanager.HLAfederate.HLAadjust.HLAmodifyAttributeState,missing_required_parameter,HLAattributeState,,MissingMOMParameter,True,executable strict MOM parameter validation,1516.1-2010 §11.4.1;1516.1-2010 §11.5
MOM-NEG-1516-1-2010-0006-hlamodifyattributestate-bad-handle-encoding-hlafederate,HLAinteractionRoot.HLAmanager.HLAfederate.HLAadjust.HLAmodifyAttributeState,bad_handle_encoding,HLAfederate,,InvalidMOMParameterEncoding,True,executable strict MOM parameter validation,1516.1-2010 §11.4.1;1516.1-2010 §11.5
MOM-NEG-1516-1-2010-0007-hlamodifyattributestate-bad-handle-encoding-hlaobjectinstance,HLAinteractionRoot.HLAmanager.HLAfederate.HLAadjust.HLAmodifyAttributeState,bad_handle_encoding,HLAobjectInstance,,InvalidMOMParameterEncoding,True,executable strict MOM parameter validation,1516.1-2010 §11.4.1;1516.1-2010 §11.5
MOM-NEG-1516-1-2010-0008-hlasetexceptionreporting-unexpected-parameter,HLAinteractionRoot.HLAmanager.HLAfederate.HLAadjust.HLAsetExceptionReporting,unexpected_parameter,,,UnexpectedMOMParameter,True,executable strict MOM parameter validation,1516.1-2010 §11.4.1;1516.1-2010 §11.5
MOM-NEG-1516-1-2010-0009-hlasetexceptionreporting-missing-required-parameter-hlafederate,HLAinteractionRoot.HLAmanager.HLAfederate.HLAadjust.HLAsetExceptionReporting,missing_required_parameter,HLAfederate,,MissingMOMParameter,True,executable strict MOM parameter validation,1516.1-2010 §11.4.1;1516.1-2010 §11.5
MOM-NEG-1516-1-2010-0010-hlasetexceptionreporting-missing-required-parameter-hlareportingstate,HLAinteractionRoot.HLAmanager.HLAfederate.HLAadjust.HLAsetExceptionReporting,missing_required_parameter,HLAreportingState,,MissingMOMParameter,True,executable strict MOM parameter validation,1516.1-2010 §11.4.1;1516.1-2010 §11.5
MOM-NEG-1516-1-2010-0011-hlasetexceptionreporting-bad-handle-encoding-hlafederate,HLAinteractionRoot.HLAmanager.HLAfederate.HLAadjust.HLAsetExceptionReporting,bad_handle_encoding,HLAfederate,,InvalidMOMParameterEncoding,True,executable strict MOM parameter validation,1516.1-2010 §11.4.1;1516.1-2010 §11.5
MOM-NEG-1516-1-2010-0012-hlasetexceptionreporting-bad-boolean-encoding-hlareportingstate,HLAinteractionRoot.HLAmanager.HLAfederate.HLAadjust.HLAsetExceptionReporting,bad_boolean_encoding,HLAreportingState,,InvalidMOMParameterEncoding,True,executable strict MOM parameter validation,1516.1-2010 §11.4.1;1516.1-2010 §11.5
MOM-NEG-1516-1-2010-0013-hlasetservicereporting-unexpected-parameter,HLAinteractionRoot.HLAmanager.HLAfederate.HLAadjust.HLAsetServiceReporting,unexpected_parameter,,,UnexpectedMOMParameter,True,executable strict MOM parameter validation,1516.1-2010 §11.4.1;1516.1-2010 §11.5
MOM-NEG-1516-1-2010-0014-hlasetservicereporting-missing-required-parameter-hlafederate,HLAinteractionRoot.HLAmanager.HLAfederate.HLAadjust.HLAsetServiceReporting,missing_required_parameter,HLAfederate,,MissingMOMParameter,True,executable strict MOM parameter validation,1516.1-2010 §11.4.1;1516.1-2010 §11.5
MOM-NEG-1516-1-2010-0015-hlasetservicereporting-missing-required-parameter-hlareportingstate,HLAinteractionRoot.HLAmanager.HLAfederate.HLAadjust.HLAsetServiceReporting,missing_required_parameter,HLAreportingState,,MissingMOMParameter,True,executable strict MOM parameter validation,1516.1-2010 §11.4.1;1516.1-2010 §11.5
MOM-NEG-1516-1-2010-0016-hlasetservicereporting-bad-handle-encoding-hlafederate,HLAinteractionRoot.HLAmanager.HLAfederate.HLAadjust.HLAsetServiceReporting,bad_handle_encoding,HLAfederate,,InvalidMOMParameterEncoding,True,executable strict MOM parameter validation,1516.1-2010 §11.4.1;1516.1-2010 §11.5
MOM-NEG-1516-1-2010-0017-hlasetservicereporting-bad-boolean-encoding-hlareportingstate,HLAinteractionRoot.HLAmanager.HLAfederate.HLAadjust.HLAsetServiceReporting,bad_boolean_encoding,HLAreportingState,,InvalidMOMParameterEncoding,True,executable strict MOM parameter validation,1516.1-2010 §11.4.1;1516.1-2010 §11.5
MOM-NEG-1516-1-2010-0018-hlasetswitches-unexpected-parameter,HLAinteractionRoot.HLAmanager.HLAfederate.HLAadjust.HLAsetSwitches,unexpected_parameter,,,UnexpectedMOMParameter,True,executable strict MOM parameter validation,1516.1-2010 §11.4.1;1516.1-2010 §11.5
MOM-NEG-1516-1-2010-0019-hlasetswitches-missing-parameter-choice,HLAinteractionRoot.HLAmanager.HLAfederate.HLAadjust.HLAsetSwitches,missing_parameter_choice,,HLAconveyRegionDesignatorSets;HLAconveyProducingFederate,MissingMOMParameterChoice,True,executable strict MOM parameter validation,1516.1-2010 §11.4.1;1516.1-2010 §11.5
MOM-NEG-1516-1-2010-0020-hlasetswitches-bad-handle-encoding-hlafederate,HLAinteractionRoot.HLAmanager.HLAfederate.HLAadjust.HLAsetSwitches,bad_handle_encoding,HLAfederate,,InvalidMOMParameterEncoding,True,executable strict MOM parameter validation,1516.1-2010 §11.4.1;1516.1-2010 §11.5
MOM-NEG-1516-1-2010-0021-hlasetswitches-bad-boolean-encoding-hlaconveyregiondesignatorsets,HLAinteractionRoot.HLAmanager.HLAfederate.HLAadjust.HLAsetSwitches,bad_boolean_encoding,HLAconveyRegionDesignatorSets,,InvalidMOMParameterEncoding,True,executable strict MOM parameter validation,1516.1-2010 §11.4.1;1516.1-2010 §11.5
MOM-NEG-1516-1-2010-0022-hlasetswitches-bad-boolean-encoding-hlaconveyproducingfederate,HLAinteractionRoot.HLAmanager.HLAfederate.HLAadjust.HLAsetSwitches,bad_boolean_encoding,HLAconveyProducingFederate,,InvalidMOMParameterEncoding,True,executable strict MOM parameter validation,1516.1-2010 §11.4.1;1516.1-2010 §11.5
MOM-NEG-1516-1-2010-0023-hlasettiming-unexpected-parameter,HLAinteractionRoot.HLAmanager.HLAfederate.HLAadjust.HLAsetTiming,unexpected_parameter,,,UnexpectedMOMParameter,True,executable strict MOM parameter validation,1516.1-2010 §11.4.1;1516.1-2010 §11.5
MOM-NEG-1516-1-2010-0024-hlasettiming-missing-required-parameter-hlafederate,HLAinteractionRoot.HLAmanager.HLAfederate.HLAadjust.HLAsetTiming,missing_required_parameter,HLAfederate,,MissingMOMParameter,True,executable strict MOM parameter validation,1516.1-2010 §11.4.1;1516.1-2010 §11.5
MOM-NEG-1516-1-2010-0025-hlasettiming-missing-required-parameter-hlareportperiod,HLAinteractionRoot.HLAmanager.HLAfederate.HLAadjust.HLAsetTiming,missing_required_parameter,HLAreportPeriod,,MissingMOMParameter,True,executable strict MOM parameter validation,1516.1-2010 §11.4.1;1516.1-2010 §11.5
MOM-NEG-1516-1-2010-0026-hlasettiming-bad-handle-encoding-hlafederate,HLAinteractionRoot.HLAmanager.HLAfederate.HLAadjust.HLAsetTiming,bad_handle_encoding,HLAfederate,,InvalidMOMParameterEncoding,True,executable strict MOM parameter validation,1516.1-2010 §11.4.1;1516.1-2010 §11.5
MOM-NEG-1516-1-2010-0027-hlasettiming-bad-float-encoding-hlareportperiod,HLAinteractionRoot.HLAmanager.HLAfederate.HLAadjust.HLAsetTiming,bad_float_encoding,HLAreportPeriod,,InvalidMOMParameterEncoding,True,executable strict MOM parameter validation,1516.1-2010 §11.4.1;1516.1-2010 §11.5
MOM-NEG-1516-1-2010-0028-hlarequestfommoduledata-unexpected-parameter,HLAinteractionRoot.HLAmanager.HLAfederate.HLArequest.HLArequestFOMmoduleData,unexpected_parameter,,,UnexpectedMOMParameter,True,executable strict MOM parameter validation,1516.1-2010 §11.4.1;1516.1-2010 §11.5
MOM-NEG-1516-1-2010-0029-hlarequestfommoduledata-missing-required-parameter-hlafederate,HLAinteractionRoot.HLAmanager.HLAfederate.HLArequest.HLArequestFOMmoduleData,missing_required_parameter,HLAfederate,,MissingMOMParameter,True,executable strict MOM parameter validation,1516.1-2010 §11.4.1;1516.1-2010 §11.5
MOM-NEG-1516-1-2010-0030-hlarequestfommoduledata-missing-required-parameter-hlafommoduleindicator,HLAinteractionRoot.HLAmanager.HLAfederate.HLArequest.HLArequestFOMmoduleData,missing_required_parameter,HLAFOMmoduleIndicator,,MissingMOMParameter,True,executable strict MOM parameter validation,1516.1-2010 §11.4.1;1516.1-2010 §11.5
MOM-NEG-1516-1-2010-0031-hlarequestfommoduledata-bad-handle-encoding-hlafederate,HLAinteractionRoot.HLAmanager.HLAfederate.HLArequest.HLArequestFOMmoduleData,bad_handle_encoding,HLAfederate,,InvalidMOMParameterEncoding,True,executable strict MOM parameter validation,1516.1-2010 §11.4.1;1516.1-2010 §11.5
MOM-NEG-1516-1-2010-0032-hlarequestinteractionsreceived-unexpected-parameter,HLAinteractionRoot.HLAmanager.HLAfederate.HLArequest.HLArequestInteractionsReceived,unexpected_parameter,,,UnexpectedMOMParameter,True,executable strict MOM parameter validation,1516.1-2010 §11.4.1;1516.1-2010 §11.5
MOM-NEG-1516-1-2010-0033-hlarequestinteractionsreceived-missing-required-parameter-hlafederate,HLAinteractionRoot.HLAmanager.HLAfederate.HLArequest.HLArequestInteractionsReceived,missing_required_parameter,HLAfederate,,MissingMOMParameter,True,executable strict MOM parameter validation,1516.1-2010 §11.4.1;1516.1-2010 §11.5
MOM-NEG-1516-1-2010-0034-hlarequestinteractionsreceived-bad-handle-encoding-hlafederate,HLAinteractionRoot.HLAmanager.HLAfederate.HLArequest.HLArequestInteractionsReceived,bad_handle_encoding,HLAfederate,,InvalidMOMParameterEncoding,True,executable strict MOM parameter validation,1516.1-2010 §11.4.1;1516.1-2010 §11.5
MOM-NEG-1516-1-2010-0035-hlarequestinteractionssent-unexpected-parameter,HLAinteractionRoot.HLAmanager.HLAfederate.HLArequest.HLArequestInteractionsSent,unexpected_parameter,,,UnexpectedMOMParameter,True,executable strict MOM parameter validation,1516.1-2010 §11.4.1;1516.1-2010 §11.5
MOM-NEG-1516-1-2010-0036-hlarequestinteractionssent-missing-required-parameter-hlafederate,HLAinteractionRoot.HLAmanager.HLAfederate.HLArequest.HLArequestInteractionsSent,missing_required_parameter,HLAfederate,,MissingMOMParameter,True,executable strict MOM parameter validation,1516.1-2010 §11.4.1;1516.1-2010 §11.5
MOM-NEG-1516-1-2010-0037-hlarequestinteractionssent-bad-handle-encoding-hlafederate,HLAinteractionRoot.HLAmanager.HLAfederate.HLArequest.HLArequestInteractionsSent,bad_handle_encoding,HLAfederate,,InvalidMOMParameterEncoding,True,executable strict MOM parameter validation,1516.1-2010 §11.4.1;1516.1-2010 §11.5
MOM-NEG-1516-1-2010-0038-hlarequestobjectinstanceinformation-unexpected-parameter,HLAinteractionRoot.HLAmanager.HLAfederate.HLArequest.HLArequestObjectInstanceInformation,unexpected_parameter,,,UnexpectedMOMParameter,True,executable strict MOM parameter validation,1516.1-2010 §11.4.1;1516.1-2010 §11.5
MOM-NEG-1516-1-2010-0039-hlarequestobjectinstanceinformation-missing-required-parameter-hlafederate,HLAinteractionRoot.HLAmanager.HLAfederate.HLArequest.HLArequestObjectInstanceInformation,missing_required_parameter,HLAfederate,,MissingMOMParameter,True,executable strict MOM parameter validation,1516.1-2010 §11.4.1;1516.1-2010 §11.5
MOM-NEG-1516-1-2010-0040-hlarequestobjectinstanceinformation-missing-required-parameter-hlaobjectinstance,HLAinteractionRoot.HLAmanager.HLAfederate.HLArequest.HLArequestObjectInstanceInformation,missing_required_parameter,HLAobjectInstance,,MissingMOMParameter,True,executable strict MOM parameter validation,1516.1-2010 §11.4.1;1516.1-2010 §11.5
MOM-NEG-1516-1-2010-0041-hlarequestobjectinstanceinformation-bad-handle-encoding-hlafederate,HLAinteractionRoot.HLAmanager.HLAfederate.HLArequest.HLArequestObjectInstanceInformation,bad_handle_encoding,HLAfederate,,InvalidMOMParameterEncoding,True,executable strict MOM parameter validation,1516.1-2010 §11.4.1;1516.1-2010 §11.5
MOM-NEG-1516-1-2010-0042-hlarequestobjectinstanceinformation-bad-handle-encoding-hlaobjectinstance,HLAinteractionRoot.HLAmanager.HLAfederate.HLArequest.HLArequestObjectInstanceInformation,bad_handle_encoding,HLAobjectInstance,,InvalidMOMParameterEncoding,True,executable strict MOM parameter validation,1516.1-2010 §11.4.1;1516.1-2010 §11.5
MOM-NEG-1516-1-2010-0043-hlarequestobjectinstancesreflected-unexpected-parameter,HLAinteractionRoot.HLAmanager.HLAfederate.HLArequest.HLArequestObjectInstancesReflected,unexpected_parameter,,,UnexpectedMOMParameter,True,executable strict MOM parameter validation,1516.1-2010 §11.4.1;1516.1-2010 §11.5
MOM-NEG-1516-1-2010-0044-hlarequestobjectinstancesreflected-missing-required-parameter-hlafederate,HLAinteractionRoot.HLAmanager.HLAfederate.HLArequest.HLArequestObjectInstancesReflected,missing_required_parameter,HLAfederate,,MissingMOMParameter,True,executable strict MOM parameter validation,1516.1-2010 §11.4.1;1516.1-2010 §11.5
MOM-NEG-1516-1-2010-0045-hlarequestobjectinstancesreflected-bad-handle-encoding-hlafederate,HLAinteractionRoot.HLAmanager.HLAfederate.HLArequest.HLArequestObjectInstancesReflected,bad_handle_encoding,HLAfederate,,InvalidMOMParameterEncoding,True,executable strict MOM parameter validation,1516.1-2010 §11.4.1;1516.1-2010 §11.5
MOM-NEG-1516-1-2010-0046-hlarequestobjectinstancesthatcanbedeleted-unexpected-parameter,HLAinteractionRoot.HLAmanager.HLAfederate.HLArequest.HLArequestObjectInstancesThatCanBeDeleted,unexpected_parameter,,,UnexpectedMOMParameter,True,executable strict MOM parameter validation,1516.1-2010 §11.4.1;1516.1-2010 §11.5
MOM-NEG-1516-1-2010-0047-hlarequestobjectinstancesthatcanbedeleted-missing-required-parameter-hlafederate,HLAinteractionRoot.HLAmanager.HLAfederate.HLArequest.HLArequestObjectInstancesThatCanBeDeleted,missing_required_parameter,HLAfederate,,MissingMOMParameter,True,executable strict MOM parameter validation,1516.1-2010 §11.4.1;1516.1-2010 §11.5
MOM-NEG-1516-1-2010-0048-hlarequestobjectinstancesthatcanbedeleted-bad-handle-encoding-hlafederate,HLAinteractionRoot.HLAmanager.HLAfederate.HLArequest.HLArequestObjectInstancesThatCanBeDeleted,bad_handle_encoding,HLAfederate,,InvalidMOMParameterEncoding,True,executable strict MOM parameter validation,1516.1-2010 §11.4.1;1516.1-2010 §11.5
MOM-NEG-1516-1-2010-0049-hlarequestobjectinstancesupdated-unexpected-parameter,HLAinteractionRoot.HLAmanager.HLAfederate.HLArequest.HLArequestObjectInstancesUpdated,unexpected_parameter,,,UnexpectedMOMParameter,True,executable strict MOM parameter validation,1516.1-2010 §11.4.1;1516.1-2010 §11.5
MOM-NEG-1516-1-2010-0050-hlarequestobjectinstancesupdated-missing-required-parameter-hlafederate,HLAinteractionRoot.HLAmanager.HLAfederate.HLArequest.HLArequestObjectInstancesUpdated,missing_required_parameter,HLAfederate,,MissingMOMParameter,True,executable strict MOM parameter validation,1516.1-2010 §11.4.1;1516.1-2010 §11.5
MOM-NEG-1516-1-2010-0051-hlarequestobjectinstancesupdated-bad-handle-encoding-hlafederate,HLAinteractionRoot.HLAmanager.HLAfederate.HLArequest.HLArequestObjectInstancesUpdated,bad_handle_encoding,HLAfederate,,InvalidMOMParameterEncoding,True,executable strict MOM parameter validation,1516.1-2010 §11.4.1;1516.1-2010 §11.5
MOM-NEG-1516-1-2010-0052-hlarequestpublications-unexpected-parameter,HLAinteractionRoot.HLAmanager.HLAfederate.HLArequest.HLArequestPublications,unexpected_parameter,,,UnexpectedMOMParameter,True,executable strict MOM parameter validation,1516.1-2010 §11.4.1;1516.1-2010 §11.5
MOM-NEG-1516-1-2010-0053-hlarequestpublications-missing-required-parameter-hlafederate,HLAinteractionRoot.HLAmanager.HLAfederate.HLArequest.HLArequestPublications,missing_required_parameter,HLAfederate,,MissingMOMParameter,True,executable strict MOM parameter validation,1516.1-2010 §11.4.1;1516.1-2010 §11.5
MOM-NEG-1516-1-2010-0054-hlarequestpublications-bad-handle-encoding-hlafederate,HLAinteractionRoot.HLAmanager.HLAfederate.HLArequest.HLArequestPublications,bad_handle_encoding,HLAfederate,,InvalidMOMParameterEncoding,True,executable strict MOM parameter validation,1516.1-2010 §11.4.1;1516.1-2010 §11.5
MOM-NEG-1516-1-2010-0055-hlarequestreflectionsreceived-unexpected-parameter,HLAinteractionRoot.HLAmanager.HLAfederate.HLArequest.HLArequestReflectionsReceived,unexpected_parameter,,,UnexpectedMOMParameter,True,executable strict MOM parameter validation,1516.1-2010 §11.4.1;1516.1-2010 §11.5
MOM-NEG-1516-1-2010-0056-hlarequestreflectionsreceived-missing-required-parameter-hlafederate,HLAinteractionRoot.HLAmanager.HLAfederate.HLArequest.HLArequestReflectionsReceived,missing_required_parameter,HLAfederate,,MissingMOMParameter,True,executable strict MOM parameter validation,1516.1-2010 §11.4.1;1516.1-2010 §11.5
MOM-NEG-1516-1-2010-0057-hlarequestreflectionsreceived-bad-handle-encoding-hlafederate,HLAinteractionRoot.HLAmanager.HLAfederate.HLArequest.HLArequestReflectionsReceived,bad_handle_encoding,HLAfederate,,InvalidMOMParameterEncoding,True,executable strict MOM parameter validation,1516.1-2010 §11.4.1;1516.1-2010 §11.5
MOM-NEG-1516-1-2010-0058-hlarequestsubscriptions-unexpected-parameter,HLAinteractionRoot.HLAmanager.HLAfederate.HLArequest.HLArequestSubscriptions,unexpected_parameter,,,UnexpectedMOMParameter,True,executable strict MOM parameter validation,1516.1-2010 §11.4.1;1516.1-2010 §11.5
MOM-NEG-1516-1-2010-0059-hlarequestsubscriptions-missing-required-parameter-hlafederate,HLAinteractionRoot.HLAmanager.HLAfederate.HLArequest.HLArequestSubscriptions,missing_required_parameter,HLAfederate,,MissingMOMParameter,True,executable strict MOM parameter validation,1516.1-2010 §11.4.1;1516.1-2010 §11.5
MOM-NEG-1516-1-2010-0060-hlarequestsubscriptions-bad-handle-encoding-hlafederate,HLAinteractionRoot.HLAmanager.HLAfederate.HLArequest.HLArequestSubscriptions,bad_handle_encoding,HLAfederate,,InvalidMOMParameterEncoding,True,executable strict MOM parameter validation,1516.1-2010 §11.4.1;1516.1-2010 §11.5
MOM-NEG-1516-1-2010-0061-hlarequestupdatessent-unexpected-parameter,HLAinteractionRoot.HLAmanager.HLAfederate.HLArequest.HLArequestUpdatesSent,unexpected_parameter,,,UnexpectedMOMParameter,True,executable strict MOM parameter validation,1516.1-2010 §11.4.1;1516.1-2010 §11.5
MOM-NEG-1516-1-2010-0062-hlarequestupdatessent-missing-required-parameter-hlafederate,HLAinteractionRoot.HLAmanager.HLAfederate.HLArequest.HLArequestUpdatesSent,missing_required_parameter,HLAfederate,,MissingMOMParameter,True,executable strict MOM parameter validation,1516.1-2010 §11.4.1;1516.1-2010 §11.5
MOM-NEG-1516-1-2010-0063-hlarequestupdatessent-bad-handle-encoding-hlafederate,HLAinteractionRoot.HLAmanager.HLAfederate.HLArequest.HLArequestUpdatesSent,bad_handle_encoding,HLAfederate,,InvalidMOMParameterEncoding,True,executable strict MOM parameter validation,1516.1-2010 §11.4.1;1516.1-2010 §11.5
MOM-NEG-1516-1-2010-0064-hlachangeattributeordertype-unexpected-parameter,HLAinteractionRoot.HLAmanager.HLAfederate.HLAservice.HLAchangeAttributeOrderType,unexpected_parameter,,,UnexpectedMOMParameter,True,executable strict MOM parameter validation,1516.1-2010 §11.4.1;1516.1-2010 §11.5
MOM-NEG-1516-1-2010-0065-hlachangeattributeordertype-missing-required-parameter-hlafederate,HLAinteractionRoot.HLAmanager.HLAfederate.HLAservice.HLAchangeAttributeOrderType,missing_required_parameter,HLAfederate,,MissingMOMParameter,True,executable strict MOM parameter validation,1516.1-2010 §11.4.1;1516.1-2010 §11.5
MOM-NEG-1516-1-2010-0066-hlachangeattributeordertype-missing-required-parameter-hlaobjectinstance,HLAinteractionRoot.HLAmanager.HLAfederate.HLAservice.HLAchangeAttributeOrderType,missing_required_parameter,HLAobjectInstance,,MissingMOMParameter,True,executable strict MOM parameter validation,1516.1-2010 §11.4.1;1516.1-2010 §11.5
MOM-NEG-1516-1-2010-0067-hlachangeattributeordertype-missing-required-parameter-hlaattributelist,HLAinteractionRoot.HLAmanager.HLAfederate.HLAservice.HLAchangeAttributeOrderType,missing_required_parameter,HLAattributeList,,MissingMOMParameter,True,executable strict MOM parameter validation,1516.1-2010 §11.4.1;1516.1-2010 §11.5
MOM-NEG-1516-1-2010-0068-hlachangeattributeordertype-missing-required-parameter-hlasendorder,HLAinteractionRoot.HLAmanager.HLAfederate.HLAservice.HLAchangeAttributeOrderType,missing_required_parameter,HLAsendOrder,,MissingMOMParameter,True,executable strict MOM parameter validation,1516.1-2010 §11.4.1;1516.1-2010 §11.5
MOM-NEG-1516-1-2010-0069-hlachangeattributeordertype-bad-handle-encoding-hlafederate,HLAinteractionRoot.HLAmanager.HLAfederate.HLAservice.HLAchangeAttributeOrderType,bad_handle_encoding,HLAfederate,,InvalidMOMParameterEncoding,True,executable strict MOM parameter validation,1516.1-2010 §11.4.1;1516.1-2010 §11.5
MOM-NEG-1516-1-2010-0070-hlachangeattributeordertype-bad-handle-encoding-hlaobjectinstance,HLAinteractionRoot.HLAmanager.HLAfederate.HLAservice.HLAchangeAttributeOrderType,bad_handle_encoding,HLAobjectInstance,,InvalidMOMParameterEncoding,True,executable strict MOM parameter validation,1516.1-2010 §11.4.1;1516.1-2010 §11.5
MOM-NEG-1516-1-2010-0071-hlachangeattributeordertype-bad-handle-encoding-hlaattributelist,HLAinteractionRoot.HLAmanager.HLAfederate.HLAservice.HLAchangeAttributeOrderType,bad_handle_encoding,HLAattributeList,,InvalidMOMParameterEncoding,True,executable strict MOM parameter validation,1516.1-2010 §11.4.1;1516.1-2010 §11.5
MOM-NEG-1516-1-2010-0072-hlachangeattributeordertype-unsupported-or-failed-service-action,HLAinteractionRoot.HLAmanager.HLAfederate.HLAservice.HLAchangeAttributeOrderType,unsupported_or_failed_service_action,,,MOMServiceActionFailed,False,"semantic service-action precondition case; retained in matrix, not part of the generated parameter-validation test set",1516.1-2010 §11.4.1;1516.1-2010 §11.5
MOM-NEG-1516-1-2010-0073-hlachangeinteractionordertype-unexpected-parameter,HLAinteractionRoot.HLAmanager.HLAfederate.HLAservice.HLAchangeInteractionOrderType,unexpected_parameter,,,UnexpectedMOMParameter,True,executable strict MOM parameter validation,1516.1-2010 §11.4.1;1516.1-2010 §11.5
MOM-NEG-1516-1-2010-0074-hlachangeinteractionordertype-missing-required-parameter-hlafederate,HLAinteractionRoot.HLAmanager.HLAfederate.HLAservice.HLAchangeInteractionOrderType,missing_required_parameter,HLAfederate,,MissingMOMParameter,True,executable strict MOM parameter validation,1516.1-2010 §11.4.1;1516.1-2010 §11.5
MOM-NEG-1516-1-2010-0075-hlachangeinteractionordertype-missing-required-parameter-hlainteractionclass,HLAinteractionRoot.HLAmanager.HLAfederate.HLAservice.HLAchangeInteractionOrderType,missing_required_parameter,HLAinteractionClass,,MissingMOMParameter,True,executable strict MOM parameter validation,1516.1-2010 §11.4.1;1516.1-2010 §11.5
MOM-NEG-1516-1-2010-0076-hlachangeinteractionordertype-missing-required-parameter-hlasendorder,HLAinteractionRoot.HLAmanager.HLAfederate.HLAservice.HLAchangeInteractionOrderType,missing_required_parameter,HLAsendOrder,,MissingMOMParameter,True,executable strict MOM parameter validation,1516.1-2010 §11.4.1;1516.1-2010 §11.5
MOM-NEG-1516-1-2010-0077-hlachangeinteractionordertype-bad-handle-encoding-hlafederate,HLAinteractionRoot.HLAmanager.HLAfederate.HLAservice.HLAchangeInteractionOrderType,bad_handle_encoding,HLAfederate,,InvalidMOMParameterEncoding,True,executable strict MOM parameter validation,1516.1-2010 §11.4.1;1516.1-2010 §11.5
MOM-NEG-1516-1-2010-0078-hlachangeinteractionordertype-bad-handle-encoding-hlainteractionclass,HLAinteractionRoot.HLAmanager.HLAfederate.HLAservice.HLAchangeInteractionOrderType,bad_handle_encoding,HLAinteractionClass,,InvalidMOMParameterEncoding,True,executable strict MOM parameter validation,1516.1-2010 §11.4.1;1516.1-2010 §11.5
MOM-NEG-1516-1-2010-0079-hlachangeinteractionordertype-unsupported-or-failed-service-action,HLAinteractionRoot.HLAmanager.HLAfederate.HLAservice.HLAchangeInteractionOrderType,unsupported_or_failed_service_action,,,MOMServiceActionFailed,False,"semantic service-action precondition case; retained in matrix, not part of the generated parameter-validation test set",1516.1-2010 §11.4.1;1516.1-2010 §11.5
MOM-NEG-1516-1-2010-0080-hladeleteobjectinstance-unexpected-parameter,HLAinteractionRoot.HLAmanager.HLAfederate.HLAservice.HLAdeleteObjectInstance,unexpected_parameter,,,UnexpectedMOMParameter,True,executable strict MOM parameter validation,1516.1-2010 §11.4.1;1516.1-2010 §11.5
MOM-NEG-1516-1-2010-0081-hladeleteobjectinstance-missing-required-parameter-hlafederate,HLAinteractionRoot.HLAmanager.HLAfederate.HLAservice.HLAdeleteObjectInstance,missing_required_parameter,HLAfederate,,MissingMOMParameter,True,executable strict MOM parameter validation,1516.1-2010 §11.4.1;1516.1-2010 §11.5
MOM-NEG-1516-1-2010-0082-hladeleteobjectinstance-missing-required-parameter-hlaobjectinstance,HLAinteractionRoot.HLAmanager.HLAfederate.HLAservice.HLAdeleteObjectInstance,missing_required_parameter,HLAobjectInstance,,MissingMOMParameter,True,executable strict MOM parameter validation,1516.1-2010 §11.4.1;1516.1-2010 §11.5
MOM-NEG-1516-1-2010-0083-hladeleteobjectinstance-bad-handle-encoding-hlafederate,HLAinteractionRoot.HLAmanager.HLAfederate.HLAservice.HLAdeleteObjectInstance,bad_handle_encoding,HLAfederate,,InvalidMOMParameterEncoding,True,executable strict MOM parameter validation,1516.1-2010 §11.4.1;1516.1-2010 §11.5
MOM-NEG-1516-1-2010-0084-hladeleteobjectinstance-bad-handle-encoding-hlaobjectinstance,HLAinteractionRoot.HLAmanager.HLAfederate.HLAservice.HLAdeleteObjectInstance,bad_handle_encoding,HLAobjectInstance,,InvalidMOMParameterEncoding,True,executable strict MOM parameter validation,1516.1-2010 §11.4.1;1516.1-2010 §11.5
MOM-NEG-1516-1-2010-0085-hladeleteobjectinstance-bad-time-encoding-hlatimestamp,HLAinteractionRoot.HLAmanager.HLAfederate.HLAservice.HLAdeleteObjectInstance,bad_time_encoding,HLAtimeStamp,,InvalidMOMParameterEncoding,True,executable strict MOM parameter validation,1516.1-2010 §11.4.1;1516.1-2010 §11.5
MOM-NEG-1516-1-2010-0086-hladeleteobjectinstance-unsupported-or-failed-service-action,HLAinteractionRoot.HLAmanager.HLAfederate.HLAservice.HLAdeleteObjectInstance,unsupported_or_failed_service_action,,,MOMServiceActionFailed,False,"semantic service-action precondition case; retained in matrix, not part of the generated parameter-validation test set",1516.1-2010 §11.4.1;1516.1-2010 §11.5
MOM-NEG-1516-1-2010-0087-hladisableasynchronousdelivery-unexpected-parameter,HLAinteractionRoot.HLAmanager.HLAfederate.HLAservice.HLAdisableAsynchronousDelivery,unexpected_parameter,,,UnexpectedMOMParameter,True,executable strict MOM parameter validation,1516.1-2010 §11.4.1;1516.1-2010 §11.5
MOM-NEG-1516-1-2010-0088-hladisableasynchronousdelivery-missing-required-parameter-hlafederate,HLAinteractionRoot.HLAmanager.HLAfederate.HLAservice.HLAdisableAsynchronousDelivery,missing_required_parameter,HLAfederate,,MissingMOMParameter,True,executable strict MOM parameter validation,1516.1-2010 §11.4.1;1516.1-2010 §11.5
MOM-NEG-1516-1-2010-0089-hladisableasynchronousdelivery-bad-handle-encoding-hlafederate,HLAinteractionRoot.HLAmanager.HLAfederate.HLAservice.HLAdisableAsynchronousDelivery,bad_handle_encoding,HLAfederate,,InvalidMOMParameterEncoding,True,executable strict MOM parameter validation,1516.1-2010 §11.4.1;1516.1-2010 §11.5
MOM-NEG-1516-1-2010-0090-hladisableasynchronousdelivery-unsupported-or-failed-service-action,HLAinteractionRoot.HLAmanager.HLAfederate.HLAservice.HLAdisableAsynchronousDelivery,unsupported_or_failed_service_action,,,MOMServiceActionFailed,False,"semantic service-action precondition case; retained in matrix, not part of the generated parameter-validation test set",1516.1-2010 §11.4.1;1516.1-2010 §11.5
MOM-NEG-1516-1-2010-0091-hladisabletimeconstrained-unexpected-parameter,HLAinteractionRoot.HLAmanager.HLAfederate.HLAservice.HLAdisableTimeConstrained,unexpected_parameter,,,UnexpectedMOMParameter,True,executable strict MOM parameter validation,1516.1-2010 §11.4.1;1516.1-2010 §11.5
MOM-NEG-1516-1-2010-0092-hladisabletimeconstrained-missing-required-parameter-hlafederate,HLAinteractionRoot.HLAmanager.HLAfederate.HLAservice.HLAdisableTimeConstrained,missing_required_parameter,HLAfederate,,MissingMOMParameter,True,executable strict MOM parameter validation,1516.1-2010 §11.4.1;1516.1-2010 §11.5
MOM-NEG-1516-1-2010-0093-hladisabletimeconstrained-bad-handle-encoding-hlafederate,HLAinteractionRoot.HLAmanager.HLAfederate.HLAservice.HLAdisableTimeConstrained,bad_handle_encoding,HLAfederate,,InvalidMOMParameterEncoding,True,executable strict MOM parameter validation,1516.1-2010 §11.4.1;1516.1-2010 §11.5
MOM-NEG-1516-1-2010-0094-hladisabletimeconstrained-unsupported-or-failed-service-action,HLAinteractionRoot.HLAmanager.HLAfederate.HLAservice.HLAdisableTimeConstrained,unsupported_or_failed_service_action,,,MOMServiceActionFailed,False,"semantic service-action precondition case; retained in matrix, not part of the generated parameter-validation test set",1516.1-2010 §11.4.1;1516.1-2010 §11.5
MOM-NEG-1516-1-2010-0095-hladisabletimeregulation-unexpected-parameter,HLAinteractionRoot.HLAmanager.HLAfederate.HLAservice.HLAdisableTimeRegulation,unexpected_parameter,,,UnexpectedMOMParameter,True,executable strict MOM parameter validation,1516.1-2010 §11.4.1;1516.1-2010 §11.5
MOM-NEG-1516-1-2010-0096-hladisabletimeregulation-missing-required-parameter-hlafederate,HLAinteractionRoot.HLAmanager.HLAfederate.HLAservice.HLAdisableTimeRegulation,missing_required_parameter,HLAfederate,,MissingMOMParameter,True,executable strict MOM parameter validation,1516.1-2010 §11.4.1;1516.1-2010 §11.5
MOM-NEG-1516-1-2010-0097-hladisabletimeregulation-bad-handle-encoding-hlafederate,HLAinteractionRoot.HLAmanager.HLAfederate.HLAservice.HLAdisableTimeRegulation,bad_handle_encoding,HLAfederate,,InvalidMOMParameterEncoding,True,executable strict MOM parameter validation,1516.1-2010 §11.4.1;1516.1-2010 §11.5
MOM-NEG-1516-1-2010-0098-hladisabletimeregulation-unsupported-or-failed-service-action,HLAinteractionRoot.HLAmanager.HLAfederate.HLAservice.HLAdisableTimeRegulation,unsupported_or_failed_service_action,,,MOMServiceActionFailed,False,"semantic service-action precondition case; retained in matrix, not part of the generated parameter-validation test set",1516.1-2010 §11.4.1;1516.1-2010 §11.5
MOM-NEG-1516-1-2010-0099-hlaenableasynchronousdelivery-unexpected-parameter,HLAinteractionRoot.HLAmanager.HLAfederate.HLAservice.HLAenableAsynchronousDelivery,unexpected_parameter,,,UnexpectedMOMParameter,True,executable strict MOM parameter validation,1516.1-2010 §11.4.1;1516.1-2010 §11.5
MOM-NEG-1516-1-2010-0100-hlaenableasynchronousdelivery-missing-required-parameter-hlafederate,HLAinteractionRoot.HLAmanager.HLAfederate.HLAservice.HLAenableAsynchronousDelivery,missing_required_parameter,HLAfederate,,MissingMOMParameter,True,executable strict MOM parameter validation,1516.1-2010 §11.4.1;1516.1-2010 §11.5
MOM-NEG-1516-1-2010-0101-hlaenableasynchronousdelivery-bad-handle-encoding-hlafederate,HLAinteractionRoot.HLAmanager.HLAfederate.HLAservice.HLAenableAsynchronousDelivery,bad_handle_encoding,HLAfederate,,InvalidMOMParameterEncoding,True,executable strict MOM parameter validation,1516.1-2010 §11.4.1;1516.1-2010 §11.5
MOM-NEG-1516-1-2010-0102-hlaenableasynchronousdelivery-unsupported-or-failed-service-action,HLAinteractionRoot.HLAmanager.HLAfederate.HLAservice.HLAenableAsynchronousDelivery,unsupported_or_failed_service_action,,,MOMServiceActionFailed,False,"semantic service-action precondition case; retained in matrix, not part of the generated parameter-validation test set",1516.1-2010 §11.4.1;1516.1-2010 §11.5
MOM-NEG-1516-1-2010-0103-hlaenabletimeconstrained-unexpected-parameter,HLAinteractionRoot.HLAmanager.HLAfederate.HLAservice.HLAenableTimeConstrained,unexpected_parameter,,,UnexpectedMOMParameter,True,executable strict MOM parameter validation,1516.1-2010 §11.4.1;1516.1-2010 §11.5
MOM-NEG-1516-1-2010-0104-hlaenabletimeconstrained-missing-required-parameter-hlafederate,HLAinteractionRoot.HLAmanager.HLAfederate.HLAservice.HLAenableTimeConstrained,missing_required_parameter,HLAfederate,,MissingMOMParameter,True,executable strict MOM parameter validation,1516.1-2010 §11.4.1;1516.1-2010 §11.5
MOM-NEG-1516-1-2010-0105-hlaenabletimeconstrained-bad-handle-encoding-hlafederate,HLAinteractionRoot.HLAmanager.HLAfederate.HLAservice.HLAenableTimeConstrained,bad_handle_encoding,HLAfederate,,InvalidMOMParameterEncoding,True,executable strict MOM parameter validation,1516.1-2010 §11.4.1;1516.1-2010 §11.5
MOM-NEG-1516-1-2010-0106-hlaenabletimeconstrained-unsupported-or-failed-service-action,HLAinteractionRoot.HLAmanager.HLAfederate.HLAservice.HLAenableTimeConstrained,unsupported_or_failed_service_action,,,MOMServiceActionFailed,False,"semantic service-action precondition case; retained in matrix, not part of the generated parameter-validation test set",1516.1-2010 §11.4.1;1516.1-2010 §11.5
MOM-NEG-1516-1-2010-0107-hlaenabletimeregulation-unexpected-parameter,HLAinteractionRoot.HLAmanager.HLAfederate.HLAservice.HLAenableTimeRegulation,unexpected_parameter,,,UnexpectedMOMParameter,True,executable strict MOM parameter validation,1516.1-2010 §11.4.1;1516.1-2010 §11.5
MOM-NEG-1516-1-2010-0108-hlaenabletimeregulation-missing-required-parameter-hlafederate,HLAinteractionRoot.HLAmanager.HLAfederate.HLAservice.HLAenableTimeRegulation,missing_required_parameter,HLAfederate,,MissingMOMParameter,True,executable strict MOM parameter validation,1516.1-2010 §11.4.1;1516.1-2010 §11.5
MOM-NEG-1516-1-2010-0109-hlaenabletimeregulation-missing-required-parameter-hlalookahead,HLAinteractionRoot.HLAmanager.HLAfederate.HLAservice.HLAenableTimeRegulation,missing_required_parameter,HLAlookahead,,MissingMOMParameter,True,executable strict MOM parameter validation,1516.1-2010 §11.4.1;1516.1-2010 §11.5
MOM-NEG-1516-1-2010-0110-hlaenabletimeregulation-bad-handle-encoding-hlafederate,HLAinteractionRoot.HLAmanager.HLAfederate.HLAservice.HLAenableTimeRegulation,bad_handle_encoding,HLAfederate,,InvalidMOMParameterEncoding,True,executable strict MOM parameter validation,1516.1-2010 §11.4.1;1516.1-2010 §11.5
MOM-NEG-1516-1-2010-0111-hlaenabletimeregulation-bad-interval-encoding-hlalookahead,HLAinteractionRoot.HLAmanager.HLAfederate.HLAservice.HLAenableTimeRegulation,bad_interval_encoding,HLAlookahead,,InvalidMOMParameterEncoding,True,executable strict MOM parameter validation,1516.1-2010 §11.4.1;1516.1-2010 §11.5
MOM-NEG-1516-1-2010-0112-hlaenabletimeregulation-unsupported-or-failed-service-action,HLAinteractionRoot.HLAmanager.HLAfederate.HLAservice.HLAenableTimeRegulation,unsupported_or_failed_service_action,,,MOMServiceActionFailed,False,"semantic service-action precondition case; retained in matrix, not part of the generated parameter-validation test set",1516.1-2010 §11.4.1;1516.1-2010 §11.5
MOM-NEG-1516-1-2010-0113-hlafederaterestorecomplete-unexpected-parameter,HLAinteractionRoot.HLAmanager.HLAfederate.HLAservice.HLAfederateRestoreComplete,unexpected_parameter,,,UnexpectedMOMParameter,True,executable strict MOM parameter validation,1516.1-2010 §11.4.1;1516.1-2010 §11.5
MOM-NEG-1516-1-2010-0114-hlafederaterestorecomplete-missing-required-parameter-hlafederate,HLAinteractionRoot.HLAmanager.HLAfederate.HLAservice.HLAfederateRestoreComplete,missing_required_parameter,HLAfederate,,MissingMOMParameter,True,executable strict MOM parameter validation,1516.1-2010 §11.4.1;1516.1-2010 §11.5
MOM-NEG-1516-1-2010-0115-hlafederaterestorecomplete-bad-handle-encoding-hlafederate,HLAinteractionRoot.HLAmanager.HLAfederate.HLAservice.HLAfederateRestoreComplete,bad_handle_encoding,HLAfederate,,InvalidMOMParameterEncoding,True,executable strict MOM parameter validation,1516.1-2010 §11.4.1;1516.1-2010 §11.5
MOM-NEG-1516-1-2010-0116-hlafederaterestorecomplete-bad-boolean-encoding-hlasuccessindicator,HLAinteractionRoot.HLAmanager.HLAfederate.HLAservice.HLAfederateRestoreComplete,bad_boolean_encoding,HLAsuccessIndicator,,InvalidMOMParameterEncoding,True,executable strict MOM parameter validation,1516.1-2010 §11.4.1;1516.1-2010 §11.5
MOM-NEG-1516-1-2010-0117-hlafederaterestorecomplete-unsupported-or-failed-service-action,HLAinteractionRoot.HLAmanager.HLAfederate.HLAservice.HLAfederateRestoreComplete,unsupported_or_failed_service_action,,,MOMServiceActionFailed,False,"semantic service-action precondition case; retained in matrix, not part of the generated parameter-validation test set",1516.1-2010 §11.4.1;1516.1-2010 §11.5
MOM-NEG-1516-1-2010-0118-hlafederatesavebegun-unexpected-parameter,HLAinteractionRoot.HLAmanager.HLAfederate.HLAservice.HLAfederateSaveBegun,unexpected_parameter,,,UnexpectedMOMParameter,True,executable strict MOM parameter validation,1516.1-2010 §11.4.1;1516.1-2010 §11.5
MOM-NEG-1516-1-2010-0119-hlafederatesavebegun-missing-required-parameter-hlafederate,HLAinteractionRoot.HLAmanager.HLAfederate.HLAservice.HLAfederateSaveBegun,missing_required_parameter,HLAfederate,,MissingMOMParameter,True,executable strict MOM parameter validation,1516.1-2010 §11.4.1;1516.1-2010 §11.5
MOM-NEG-1516-1-2010-0120-hlafederatesavebegun-bad-handle-encoding-hlafederate,HLAinteractionRoot.HLAmanager.HLAfederate.HLAservice.HLAfederateSaveBegun,bad_handle_encoding,HLAfederate,,InvalidMOMParameterEncoding,True,executable strict MOM parameter validation,1516.1-2010 §11.4.1;1516.1-2010 §11.5
MOM-NEG-1516-1-2010-0121-hlafederatesavebegun-unsupported-or-failed-service-action,HLAinteractionRoot.HLAmanager.HLAfederate.HLAservice.HLAfederateSaveBegun,unsupported_or_failed_service_action,,,MOMServiceActionFailed,False,"semantic service-action precondition case; retained in matrix, not part of the generated parameter-validation test set",1516.1-2010 §11.4.1;1516.1-2010 §11.5
MOM-NEG-1516-1-2010-0122-hlafederatesavecomplete-unexpected-parameter,HLAinteractionRoot.HLAmanager.HLAfederate.HLAservice.HLAfederateSaveComplete,unexpected_parameter,,,UnexpectedMOMParameter,True,executable strict MOM parameter validation,1516.1-2010 §11.4.1;1516.1-2010 §11.5
MOM-NEG-1516-1-2010-0123-hlafederatesavecomplete-missing-required-parameter-hlafederate,HLAinteractionRoot.HLAmanager.HLAfederate.HLAservice.HLAfederateSaveComplete,missing_required_parameter,HLAfederate,,MissingMOMParameter,True,executable strict MOM parameter validation,1516.1-2010 §11.4.1;1516.1-2010 §11.5
MOM-NEG-1516-1-2010-0124-hlafederatesavecomplete-bad-handle-encoding-hlafederate,HLAinteractionRoot.HLAmanager.HLAfederate.HLAservice.HLAfederateSaveComplete,bad_handle_encoding,HLAfederate,,InvalidMOMParameterEncoding,True,executable strict MOM parameter validation,1516.1-2010 §11.4.1;1516.1-2010 §11.5
MOM-NEG-1516-1-2010-0125-hlafederatesavecomplete-bad-boolean-encoding-hlasuccessindicator,HLAinteractionRoot.HLAmanager.HLAfederate.HLAservice.HLAfederateSaveComplete,bad_boolean_encoding,HLAsuccessIndicator,,InvalidMOMParameterEncoding,True,executable strict MOM parameter validation,1516.1-2010 §11.4.1;1516.1-2010 §11.5
MOM-NEG-1516-1-2010-0126-hlafederatesavecomplete-unsupported-or-failed-service-action,HLAinteractionRoot.HLAmanager.HLAfederate.HLAservice.HLAfederateSaveComplete,unsupported_or_failed_service_action,,,MOMServiceActionFailed,False,"semantic service-action precondition case; retained in matrix, not part of the generated parameter-validation test set",1516.1-2010 §11.4.1;1516.1-2010 §11.5
MOM-NEG-1516-1-2010-0127-hlaflushqueuerequest-unexpected-parameter,HLAinteractionRoot.HLAmanager.HLAfederate.HLAservice.HLAflushQueueRequest,unexpected_parameter,,,UnexpectedMOMParameter,True,executable strict MOM parameter validation,1516.1-2010 §11.4.1;1516.1-2010 §11.5
MOM-NEG-1516-1-2010-0128-hlaflushqueuerequest-missing-required-parameter-hlafederate,HLAinteractionRoot.HLAmanager.HLAfederate.HLAservice.HLAflushQueueRequest,missing_required_parameter,HLAfederate,,MissingMOMParameter,True,executable strict MOM parameter validation,1516.1-2010 §11.4.1;1516.1-2010 §11.5
MOM-NEG-1516-1-2010-0129-hlaflushqueuerequest-missing-required-parameter-hlatimestamp,HLAinteractionRoot.HLAmanager.HLAfederate.HLAservice.HLAflushQueueRequest,missing_required_parameter,HLAtimeStamp,,MissingMOMParameter,True,executable strict MOM parameter validation,1516.1-2010 §11.4.1;1516.1-2010 §11.5
MOM-NEG-1516-1-2010-0130-hlaflushqueuerequest-bad-handle-encoding-hlafederate,HLAinteractionRoot.HLAmanager.HLAfederate.HLAservice.HLAflushQueueRequest,bad_handle_encoding,HLAfederate,,InvalidMOMParameterEncoding,True,executable strict MOM parameter validation,1516.1-2010 §11.4.1;1516.1-2010 §11.5
MOM-NEG-1516-1-2010-0131-hlaflushqueuerequest-bad-time-encoding-hlatimestamp,HLAinteractionRoot.HLAmanager.HLAfederate.HLAservice.HLAflushQueueRequest,bad_time_encoding,HLAtimeStamp,,InvalidMOMParameterEncoding,True,executable strict MOM parameter validation,1516.1-2010 §11.4.1;1516.1-2010 §11.5
MOM-NEG-1516-1-2010-0132-hlaflushqueuerequest-unsupported-or-failed-service-action,HLAinteractionRoot.HLAmanager.HLAfederate.HLAservice.HLAflushQueueRequest,unsupported_or_failed_service_action,,,MOMServiceActionFailed,False,"semantic service-action precondition case; retained in matrix, not part of the generated parameter-validation test set",1516.1-2010 §11.4.1;1516.1-2010 §11.5
MOM-NEG-1516-1-2010-0133-hlalocaldeleteobjectinstance-unexpected-parameter,HLAinteractionRoot.HLAmanager.HLAfederate.HLAservice.HLAlocalDeleteObjectInstance,unexpected_parameter,,,UnexpectedMOMParameter,True,executable strict MOM parameter validation,1516.1-2010 §11.4.1;1516.1-2010 §11.5
MOM-NEG-1516-1-2010-0134-hlalocaldeleteobjectinstance-missing-required-parameter-hlafederate,HLAinteractionRoot.HLAmanager.HLAfederate.HLAservice.HLAlocalDeleteObjectInstance,missing_required_parameter,HLAfederate,,MissingMOMParameter,True,executable strict MOM parameter validation,1516.1-2010 §11.4.1;1516.1-2010 §11.5
MOM-NEG-1516-1-2010-0135-hlalocaldeleteobjectinstance-missing-required-parameter-hlaobjectinstance,HLAinteractionRoot.HLAmanager.HLAfederate.HLAservice.HLAlocalDeleteObjectInstance,missing_required_parameter,HLAobjectInstance,,MissingMOMParameter,True,executable strict MOM parameter validation,1516.1-2010 §11.4.1;1516.1-2010 §11.5
MOM-NEG-1516-1-2010-0136-hlalocaldeleteobjectinstance-bad-handle-encoding-hlafederate,HLAinteractionRoot.HLAmanager.HLAfederate.HLAservice.HLAlocalDeleteObjectInstance,bad_handle_encoding,HLAfederate,,InvalidMOMParameterEncoding,True,executable strict MOM parameter validation,1516.1-2010 §11.4.1;1516.1-2010 §11.5
MOM-NEG-1516-1-2010-0137-hlalocaldeleteobjectinstance-bad-handle-encoding-hlaobjectinstance,HLAinteractionRoot.HLAmanager.HLAfederate.HLAservice.HLAlocalDeleteObjectInstance,bad_handle_encoding,HLAobjectInstance,,InvalidMOMParameterEncoding,True,executable strict MOM parameter validation,1516.1-2010 §11.4.1;1516.1-2010 §11.5
MOM-NEG-1516-1-2010-0138-hlalocaldeleteobjectinstance-unsupported-or-failed-service-action,HLAinteractionRoot.HLAmanager.HLAfederate.HLAservice.HLAlocalDeleteObjectInstance,unsupported_or_failed_service_action,,,MOMServiceActionFailed,False,"semantic service-action precondition case; retained in matrix, not part of the generated parameter-validation test set",1516.1-2010 §11.4.1;1516.1-2010 §11.5
MOM-NEG-1516-1-2010-0139-hlamodifylookahead-unexpected-parameter,HLAinteractionRoot.HLAmanager.HLAfederate.HLAservice.HLAmodifyLookahead,unexpected_parameter,,,UnexpectedMOMParameter,True,executable strict MOM parameter validation,1516.1-2010 §11.4.1;1516.1-2010 §11.5
MOM-NEG-1516-1-2010-0140-hlamodifylookahead-missing-required-parameter-hlafederate,HLAinteractionRoot.HLAmanager.HLAfederate.HLAservice.HLAmodifyLookahead,missing_required_parameter,HLAfederate,,MissingMOMParameter,True,executable strict MOM parameter validation,1516.1-2010 §11.4.1;1516.1-2010 §11.5
MOM-NEG-1516-1-2010-0141-hlamodifylookahead-missing-required-parameter-hlalookahead,HLAinteractionRoot.HLAmanager.HLAfederate.HLAservice.HLAmodifyLookahead,missing_required_parameter,HLAlookahead,,MissingMOMParameter,True,executable strict MOM parameter validation,1516.1-2010 §11.4.1;1516.1-2010 §11.5
MOM-NEG-1516-1-2010-0142-hlamodifylookahead-bad-handle-encoding-hlafederate,HLAinteractionRoot.HLAmanager.HLAfederate.HLAservice.HLAmodifyLookahead,bad_handle_encoding,HLAfederate,,InvalidMOMParameterEncoding,True,executable strict MOM parameter validation,1516.1-2010 §11.4.1;1516.1-2010 §11.5
MOM-NEG-1516-1-2010-0143-hlamodifylookahead-bad-interval-encoding-hlalookahead,HLAinteractionRoot.HLAmanager.HLAfederate.HLAservice.HLAmodifyLookahead,bad_interval_encoding,HLAlookahead,,InvalidMOMParameterEncoding,True,executable strict MOM parameter validation,1516.1-2010 §11.4.1;1516.1-2010 §11.5
MOM-NEG-1516-1-2010-0144-hlamodifylookahead-unsupported-or-failed-service-action,HLAinteractionRoot.HLAmanager.HLAfederate.HLAservice.HLAmodifyLookahead,unsupported_or_failed_service_action,,,MOMServiceActionFailed,False,"semantic service-action precondition case; retained in matrix, not part of the generated parameter-validation test set",1516.1-2010 §11.4.1;1516.1-2010 §11.5
MOM-NEG-1516-1-2010-0145-hlanextmessagerequest-unexpected-parameter,HLAinteractionRoot.HLAmanager.HLAfederate.HLAservice.HLAnextMessageRequest,unexpected_parameter,,,UnexpectedMOMParameter,True,executable strict MOM parameter validation,1516.1-2010 §11.4.1;1516.1-2010 §11.5
MOM-NEG-1516-1-2010-0146-hlanextmessagerequest-missing-required-parameter-hlafederate,HLAinteractionRoot.HLAmanager.HLAfederate.HLAservice.HLAnextMessageRequest,missing_required_parameter,HLAfederate,,MissingMOMParameter,True,executable strict MOM parameter validation,1516.1-2010 §11.4.1;1516.1-2010 §11.5
MOM-NEG-1516-1-2010-0147-hlanextmessagerequest-missing-required-parameter-hlatimestamp,HLAinteractionRoot.HLAmanager.HLAfederate.HLAservice.HLAnextMessageRequest,missing_required_parameter,HLAtimeStamp,,MissingMOMParameter,True,executable strict MOM parameter validation,1516.1-2010 §11.4.1;1516.1-2010 §11.5
MOM-NEG-1516-1-2010-0148-hlanextmessagerequest-bad-handle-encoding-hlafederate,HLAinteractionRoot.HLAmanager.HLAfederate.HLAservice.HLAnextMessageRequest,bad_handle_encoding,HLAfederate,,InvalidMOMParameterEncoding,True,executable strict MOM parameter validation,1516.1-2010 §11.4.1;1516.1-2010 §11.5
MOM-NEG-1516-1-2010-0149-hlanextmessagerequest-bad-time-encoding-hlatimestamp,HLAinteractionRoot.HLAmanager.HLAfederate.HLAservice.HLAnextMessageRequest,bad_time_encoding,HLAtimeStamp,,InvalidMOMParameterEncoding,True,executable strict MOM parameter validation,1516.1-2010 §11.4.1;1516.1-2010 §11.5
MOM-NEG-1516-1-2010-0150-hlanextmessagerequest-unsupported-or-failed-service-action,HLAinteractionRoot.HLAmanager.HLAfederate.HLAservice.HLAnextMessageRequest,unsupported_or_failed_service_action,,,MOMServiceActionFailed,False,"semantic service-action precondition case; retained in matrix, not part of the generated parameter-validation test set",1516.1-2010 §11.4.1;1516.1-2010 §11.5
MOM-NEG-1516-1-2010-0151-hlanextmessagerequestavailable-unexpected-parameter,HLAinteractionRoot.HLAmanager.HLAfederate.HLAservice.HLAnextMessageRequestAvailable,unexpected_parameter,,,UnexpectedMOMParameter,True,executable strict MOM parameter validation,1516.1-2010 §11.4.1;1516.1-2010 §11.5
MOM-NEG-1516-1-2010-0152-hlanextmessagerequestavailable-missing-required-parameter-hlafederate,HLAinteractionRoot.HLAmanager.HLAfederate.HLAservice.HLAnextMessageRequestAvailable,missing_required_parameter,HLAfederate,,MissingMOMParameter,True,executable strict MOM parameter validation,1516.1-2010 §11.4.1;1516.1-2010 §11.5
MOM-NEG-1516-1-2010-0153-hlanextmessagerequestavailable-missing-required-parameter-hlatimestamp,HLAinteractionRoot.HLAmanager.HLAfederate.HLAservice.HLAnextMessageRequestAvailable,missing_required_parameter,HLAtimeStamp,,MissingMOMParameter,True,executable strict MOM parameter validation,1516.1-2010 §11.4.1;1516.1-2010 §11.5
MOM-NEG-1516-1-2010-0154-hlanextmessagerequestavailable-bad-handle-encoding-hlafederate,HLAinteractionRoot.HLAmanager.HLAfederate.HLAservice.HLAnextMessageRequestAvailable,bad_handle_encoding,HLAfederate,,InvalidMOMParameterEncoding,True,executable strict MOM parameter validation,1516.1-2010 §11.4.1;1516.1-2010 §11.5
MOM-NEG-1516-1-2010-0155-hlanextmessagerequestavailable-bad-time-encoding-hlatimestamp,HLAinteractionRoot.HLAmanager.HLAfederate.HLAservice.HLAnextMessageRequestAvailable,bad_time_encoding,HLAtimeStamp,,InvalidMOMParameterEncoding,True,executable strict MOM parameter validation,1516.1-2010 §11.4.1;1516.1-2010 §11.5
MOM-NEG-1516-1-2010-0156-hlanextmessagerequestavailable-unsupported-or-failed-service-action,HLAinteractionRoot.HLAmanager.HLAfederate.HLAservice.HLAnextMessageRequestAvailable,unsupported_or_failed_service_action,,,MOMServiceActionFailed,False,"semantic service-action precondition case; retained in matrix, not part of the generated parameter-validation test set",1516.1-2010 §11.4.1;1516.1-2010 §11.5
MOM-NEG-1516-1-2010-0157-hlapublishinteractionclass-unexpected-parameter,HLAinteractionRoot.HLAmanager.HLAfederate.HLAservice.HLApublishInteractionClass,unexpected_parameter,,,UnexpectedMOMParameter,True,executable strict MOM parameter validation,1516.1-2010 §11.4.1;1516.1-2010 §11.5
MOM-NEG-1516-1-2010-0158-hlapublishinteractionclass-missing-required-parameter-hlafederate,HLAinteractionRoot.HLAmanager.HLAfederate.HLAservice.HLApublishInteractionClass,missing_required_parameter,HLAfederate,,MissingMOMParameter,True,executable strict MOM parameter validation,1516.1-2010 §11.4.1;1516.1-2010 §11.5
MOM-NEG-1516-1-2010-0159-hlapublishinteractionclass-missing-required-parameter-hlainteractionclass,HLAinteractionRoot.HLAmanager.HLAfederate.HLAservice.HLApublishInteractionClass,missing_required_parameter,HLAinteractionClass,,MissingMOMParameter,True,executable strict MOM parameter validation,1516.1-2010 §11.4.1;1516.1-2010 §11.5
MOM-NEG-1516-1-2010-0160-hlapublishinteractionclass-bad-handle-encoding-hlafederate,HLAinteractionRoot.HLAmanager.HLAfederate.HLAservice.HLApublishInteractionClass,bad_handle_encoding,HLAfederate,,InvalidMOMParameterEncoding,True,executable strict MOM parameter validation,1516.1-2010 §11.4.1;1516.1-2010 §11.5
MOM-NEG-1516-1-2010-0161-hlapublishinteractionclass-bad-handle-encoding-hlainteractionclass,HLAinteractionRoot.HLAmanager.HLAfederate.HLAservice.HLApublishInteractionClass,bad_handle_encoding,HLAinteractionClass,,InvalidMOMParameterEncoding,True,executable strict MOM parameter validation,1516.1-2010 §11.4.1;1516.1-2010 §11.5
MOM-NEG-1516-1-2010-0162-hlapublishinteractionclass-unsupported-or-failed-service-action,HLAinteractionRoot.HLAmanager.HLAfederate.HLAservice.HLApublishInteractionClass,unsupported_or_failed_service_action,,,MOMServiceActionFailed,False,"semantic service-action precondition case; retained in matrix, not part of the generated parameter-validation test set",1516.1-2010 §11.4.1;1516.1-2010 §11.5
MOM-NEG-1516-1-2010-0163-hlapublishobjectclassattributes-unexpected-parameter,HLAinteractionRoot.HLAmanager.HLAfederate.HLAservice.HLApublishObjectClassAttributes,unexpected_parameter,,,UnexpectedMOMParameter,True,executable strict MOM parameter validation,1516.1-2010 §11.4.1;1516.1-2010 §11.5
MOM-NEG-1516-1-2010-0164-hlapublishobjectclassattributes-missing-required-parameter-hlafederate,HLAinteractionRoot.HLAmanager.HLAfederate.HLAservice.HLApublishObjectClassAttributes,missing_required_parameter,HLAfederate,,MissingMOMParameter,True,executable strict MOM parameter validation,1516.1-2010 §11.4.1;1516.1-2010 §11.5
MOM-NEG-1516-1-2010-0165-hlapublishobjectclassattributes-missing-required-parameter-hlaobjectclass,HLAinteractionRoot.HLAmanager.HLAfederate.HLAservice.HLApublishObjectClassAttributes,missing_required_parameter,HLAobjectClass,,MissingMOMParameter,True,executable strict MOM parameter validation,1516.1-2010 §11.4.1;1516.1-2010 §11.5
MOM-NEG-1516-1-2010-0166-hlapublishobjectclassattributes-missing-required-parameter-hlaattributelist,HLAinteractionRoot.HLAmanager.HLAfederate.HLAservice.HLApublishObjectClassAttributes,missing_required_parameter,HLAattributeList,,MissingMOMParameter,True,executable strict MOM parameter validation,1516.1-2010 §11.4.1;1516.1-2010 §11.5
MOM-NEG-1516-1-2010-0167-hlapublishobjectclassattributes-bad-handle-encoding-hlafederate,HLAinteractionRoot.HLAmanager.HLAfederate.HLAservice.HLApublishObjectClassAttributes,bad_handle_encoding,HLAfederate,,InvalidMOMParameterEncoding,True,executable strict MOM parameter validation,1516.1-2010 §11.4.1;1516.1-2010 §11.5
MOM-NEG-1516-1-2010-0168-hlapublishobjectclassattributes-bad-handle-encoding-hlaobjectclass,HLAinteractionRoot.HLAmanager.HLAfederate.HLAservice.HLApublishObjectClassAttributes,bad_handle_encoding,HLAobjectClass,,InvalidMOMParameterEncoding,True,executable strict MOM parameter validation,1516.1-2010 §11.4.1;1516.1-2010 §11.5
MOM-NEG-1516-1-2010-0169-hlapublishobjectclassattributes-bad-handle-encoding-hlaattributelist,HLAinteractionRoot.HLAmanager.HLAfederate.HLAservice.HLApublishObjectClassAttributes,bad_handle_encoding,HLAattributeList,,InvalidMOMParameterEncoding,True,executable strict MOM parameter validation,1516.1-2010 §11.4.1;1516.1-2010 §11.5
MOM-NEG-1516-1-2010-0170-hlapublishobjectclassattributes-unsupported-or-failed-service-action,HLAinteractionRoot.HLAmanager.HLAfederate.HLAservice.HLApublishObjectClassAttributes,unsupported_or_failed_service_action,,,MOMServiceActionFailed,False,"semantic service-action precondition case; retained in matrix, not part of the generated parameter-validation test set",1516.1-2010 §11.4.1;1516.1-2010 §11.5
MOM-NEG-1516-1-2010-0171-hlarequestattributetransportationtypechange-unexpected-parameter,HLAinteractionRoot.HLAmanager.HLAfederate.HLAservice.HLArequestAttributeTransportationTypeChange,unexpected_parameter,,,UnexpectedMOMParameter,True,executable strict MOM parameter validation,1516.1-2010 §11.4.1;1516.1-2010 §11.5
MOM-NEG-1516-1-2010-0172-hlarequestattributetransportationtypechange-missing-required-parameter-hlafederate,HLAinteractionRoot.HLAmanager.HLAfederate.HLAservice.HLArequestAttributeTransportationTypeChange,missing_required_parameter,HLAfederate,,MissingMOMParameter,True,executable strict MOM parameter validation,1516.1-2010 §11.4.1;1516.1-2010 §11.5
MOM-NEG-1516-1-2010-0173-hlarequestattributetransportationtypechange-missing-required-parameter-hlaobjectinstance,HLAinteractionRoot.HLAmanager.HLAfederate.HLAservice.HLArequestAttributeTransportationTypeChange,missing_required_parameter,HLAobjectInstance,,MissingMOMParameter,True,executable strict MOM parameter validation,1516.1-2010 §11.4.1;1516.1-2010 §11.5
MOM-NEG-1516-1-2010-0174-hlarequestattributetransportationtypechange-missing-required-parameter-hlaattributelist,HLAinteractionRoot.HLAmanager.HLAfederate.HLAservice.HLArequestAttributeTransportationTypeChange,missing_required_parameter,HLAattributeList,,MissingMOMParameter,True,executable strict MOM parameter validation,1516.1-2010 §11.4.1;1516.1-2010 §11.5
MOM-NEG-1516-1-2010-0175-hlarequestattributetransportationtypechange-missing-required-parameter-hlatransportation,HLAinteractionRoot.HLAmanager.HLAfederate.HLAservice.HLArequestAttributeTransportationTypeChange,missing_required_parameter,HLAtransportation,,MissingMOMParameter,True,executable strict MOM parameter validation,1516.1-2010 §11.4.1;1516.1-2010 §11.5
MOM-NEG-1516-1-2010-0176-hlarequestattributetransportationtypechange-bad-handle-encoding-hlafederate,HLAinteractionRoot.HLAmanager.HLAfederate.HLAservice.HLArequestAttributeTransportationTypeChange,bad_handle_encoding,HLAfederate,,InvalidMOMParameterEncoding,True,executable strict MOM parameter validation,1516.1-2010 §11.4.1;1516.1-2010 §11.5
MOM-NEG-1516-1-2010-0177-hlarequestattributetransportationtypechange-bad-handle-encoding-hlaobjectinstance,HLAinteractionRoot.HLAmanager.HLAfederate.HLAservice.HLArequestAttributeTransportationTypeChange,bad_handle_encoding,HLAobjectInstance,,InvalidMOMParameterEncoding,True,executable strict MOM parameter validation,1516.1-2010 §11.4.1;1516.1-2010 §11.5
MOM-NEG-1516-1-2010-0178-hlarequestattributetransportationtypechange-bad-handle-encoding-hlaattributelist,HLAinteractionRoot.HLAmanager.HLAfederate.HLAservice.HLArequestAttributeTransportationTypeChange,bad_handle_encoding,HLAattributeList,,InvalidMOMParameterEncoding,True,executable strict MOM parameter validation,1516.1-2010 §11.4.1;1516.1-2010 §11.5
MOM-NEG-1516-1-2010-0179-hlarequestattributetransportationtypechange-bad-handle-encoding-hlatransportation,HLAinteractionRoot.HLAmanager.HLAfederate.HLAservice.HLArequestAttributeTransportationTypeChange,bad_handle_encoding,HLAtransportation,,InvalidMOMParameterEncoding,True,executable strict MOM parameter validation,1516.1-2010 §11.4.1;1516.1-2010 §11.5
MOM-NEG-1516-1-2010-0180-hlarequestattributetransportationtypechange-unsupported-or-failed-service-action,HLAinteractionRoot.HLAmanager.HLAfederate.HLAservice.HLArequestAttributeTransportationTypeChange,unsupported_or_failed_service_action,,,MOMServiceActionFailed,False,"semantic service-action precondition case; retained in matrix, not part of the generated parameter-validation test set",1516.1-2010 §11.4.1;1516.1-2010 §11.5
MOM-NEG-1516-1-2010-0181-hlarequestinteractiontransportationtypechange-unexpected-parameter,HLAinteractionRoot.HLAmanager.HLAfederate.HLAservice.HLArequestInteractionTransportationTypeChange,unexpected_parameter,,,UnexpectedMOMParameter,True,executable strict MOM parameter validation,1516.1-2010 §11.4.1;1516.1-2010 §11.5
MOM-NEG-1516-1-2010-0182-hlarequestinteractiontransportationtypechange-missing-required-parameter-hlafederate,HLAinteractionRoot.HLAmanager.HLAfederate.HLAservice.HLArequestInteractionTransportationTypeChange,missing_required_parameter,HLAfederate,,MissingMOMParameter,True,executable strict MOM parameter validation,1516.1-2010 §11.4.1;1516.1-2010 §11.5
MOM-NEG-1516-1-2010-0183-hlarequestinteractiontransportationtypechange-missing-required-parameter-hlainteractionclass,HLAinteractionRoot.HLAmanager.HLAfederate.HLAservice.HLArequestInteractionTransportationTypeChange,missing_required_parameter,HLAinteractionClass,,MissingMOMParameter,True,executable strict MOM parameter validation,1516.1-2010 §11.4.1;1516.1-2010 §11.5
MOM-NEG-1516-1-2010-0184-hlarequestinteractiontransportationtypechange-missing-required-parameter-hlatransportation,HLAinteractionRoot.HLAmanager.HLAfederate.HLAservice.HLArequestInteractionTransportationTypeChange,missing_required_parameter,HLAtransportation,,MissingMOMParameter,True,executable strict MOM parameter validation,1516.1-2010 §11.4.1;1516.1-2010 §11.5
MOM-NEG-1516-1-2010-0185-hlarequestinteractiontransportationtypechange-bad-handle-encoding-hlafederate,HLAinteractionRoot.HLAmanager.HLAfederate.HLAservice.HLArequestInteractionTransportationTypeChange,bad_handle_encoding,HLAfederate,,InvalidMOMParameterEncoding,True,executable strict MOM parameter validation,1516.1-2010 §11.4.1;1516.1-2010 §11.5
MOM-NEG-1516-1-2010-0186-hlarequestinteractiontransportationtypechange-bad-handle-encoding-hlainteractionclass,HLAinteractionRoot.HLAmanager.HLAfederate.HLAservice.HLArequestInteractionTransportationTypeChange,bad_handle_encoding,HLAinteractionClass,,InvalidMOMParameterEncoding,True,executable strict MOM parameter validation,1516.1-2010 §11.4.1;1516.1-2010 §11.5
MOM-NEG-1516-1-2010-0187-hlarequestinteractiontransportationtypechange-bad-handle-encoding-hlatransportation,HLAinteractionRoot.HLAmanager.HLAfederate.HLAservice.HLArequestInteractionTransportationTypeChange,bad_handle_encoding,HLAtransportation,,InvalidMOMParameterEncoding,True,executable strict MOM parameter validation,1516.1-2010 §11.4.1;1516.1-2010 §11.5
MOM-NEG-1516-1-2010-0188-hlarequestinteractiontransportationtypechange-unsupported-or-failed-service-action,HLAinteractionRoot.HLAmanager.HLAfederate.HLAservice.HLArequestInteractionTransportationTypeChange,unsupported_or_failed_service_action,,,MOMServiceActionFailed,False,"semantic service-action precondition case; retained in matrix, not part of the generated parameter-validation test set",1516.1-2010 §11.4.1;1516.1-2010 §11.5
MOM-NEG-1516-1-2010-0189-hlaresignfederationexecution-unexpected-parameter,HLAinteractionRoot.HLAmanager.HLAfederate.HLAservice.HLAresignFederationExecution,unexpected_parameter,,,UnexpectedMOMParameter,True,executable strict MOM parameter validation,1516.1-2010 §11.4.1;1516.1-2010 §11.5
MOM-NEG-1516-1-2010-0190-hlaresignfederationexecution-missing-required-parameter-hlafederate,HLAinteractionRoot.HLAmanager.HLAfederate.HLAservice.HLAresignFederationExecution,missing_required_parameter,HLAfederate,,MissingMOMParameter,True,executable strict MOM parameter validation,1516.1-2010 §11.4.1;1516.1-2010 §11.5
MOM-NEG-1516-1-2010-0191-hlaresignfederationexecution-missing-required-parameter-hlaresignaction,HLAinteractionRoot.HLAmanager.HLAfederate.HLAservice.HLAresignFederationExecution,missing_required_parameter,HLAresignAction,,MissingMOMParameter,True,executable strict MOM parameter validation,1516.1-2010 §11.4.1;1516.1-2010 §11.5
MOM-NEG-1516-1-2010-0192-hlaresignfederationexecution-bad-handle-encoding-hlafederate,HLAinteractionRoot.HLAmanager.HLAfederate.HLAservice.HLAresignFederationExecution,bad_handle_encoding,HLAfederate,,InvalidMOMParameterEncoding,True,executable strict MOM parameter validation,1516.1-2010 §11.4.1;1516.1-2010 §11.5
MOM-NEG-1516-1-2010-0193-hlaresignfederationexecution-unsupported-or-failed-service-action,HLAinteractionRoot.HLAmanager.HLAfederate.HLAservice.HLAresignFederationExecution,unsupported_or_failed_service_action,,,MOMServiceActionFailed,False,"semantic service-action precondition case; retained in matrix, not part of the generated parameter-validation test set",1516.1-2010 §11.4.1;1516.1-2010 §11.5
MOM-NEG-1516-1-2010-0194-hlasubscribeinteractionclass-unexpected-parameter,HLAinteractionRoot.HLAmanager.HLAfederate.HLAservice.HLAsubscribeInteractionClass,unexpected_parameter,,,UnexpectedMOMParameter,True,executable strict MOM parameter validation,1516.1-2010 §11.4.1;1516.1-2010 §11.5
MOM-NEG-1516-1-2010-0195-hlasubscribeinteractionclass-missing-required-parameter-hlafederate,HLAinteractionRoot.HLAmanager.HLAfederate.HLAservice.HLAsubscribeInteractionClass,missing_required_parameter,HLAfederate,,MissingMOMParameter,True,executable strict MOM parameter validation,1516.1-2010 §11.4.1;1516.1-2010 §11.5
MOM-NEG-1516-1-2010-0196-hlasubscribeinteractionclass-missing-required-parameter-hlainteractionclass,HLAinteractionRoot.HLAmanager.HLAfederate.HLAservice.HLAsubscribeInteractionClass,missing_required_parameter,HLAinteractionClass,,MissingMOMParameter,True,executable strict MOM parameter validation,1516.1-2010 §11.4.1;1516.1-2010 §11.5
MOM-NEG-1516-1-2010-0197-hlasubscribeinteractionclass-bad-handle-encoding-hlafederate,HLAinteractionRoot.HLAmanager.HLAfederate.HLAservice.HLAsubscribeInteractionClass,bad_handle_encoding,HLAfederate,,InvalidMOMParameterEncoding,True,executable strict MOM parameter validation,1516.1-2010 §11.4.1;1516.1-2010 §11.5
MOM-NEG-1516-1-2010-0198-hlasubscribeinteractionclass-bad-handle-encoding-hlainteractionclass,HLAinteractionRoot.HLAmanager.HLAfederate.HLAservice.HLAsubscribeInteractionClass,bad_handle_encoding,HLAinteractionClass,,InvalidMOMParameterEncoding,True,executable strict MOM parameter validation,1516.1-2010 §11.4.1;1516.1-2010 §11.5
MOM-NEG-1516-1-2010-0199-hlasubscribeinteractionclass-bad-boolean-encoding-hlaactive,HLAinteractionRoot.HLAmanager.HLAfederate.HLAservice.HLAsubscribeInteractionClass,bad_boolean_encoding,HLAactive,,InvalidMOMParameterEncoding,True,executable strict MOM parameter validation,1516.1-2010 §11.4.1;1516.1-2010 §11.5
MOM-NEG-1516-1-2010-0200-hlasubscribeinteractionclass-unsupported-or-failed-service-action,HLAinteractionRoot.HLAmanager.HLAfederate.HLAservice.HLAsubscribeInteractionClass,unsupported_or_failed_service_action,,,MOMServiceActionFailed,False,"semantic service-action precondition case; retained in matrix, not part of the generated parameter-validation test set",1516.1-2010 §11.4.1;1516.1-2010 §11.5
MOM-NEG-1516-1-2010-0201-hlasubscribeobjectclassattributes-unexpected-parameter,HLAinteractionRoot.HLAmanager.HLAfederate.HLAservice.HLAsubscribeObjectClassAttributes,unexpected_parameter,,,UnexpectedMOMParameter,True,executable strict MOM parameter validation,1516.1-2010 §11.4.1;1516.1-2010 §11.5
MOM-NEG-1516-1-2010-0202-hlasubscribeobjectclassattributes-missing-required-parameter-hlafederate,HLAinteractionRoot.HLAmanager.HLAfederate.HLAservice.HLAsubscribeObjectClassAttributes,missing_required_parameter,HLAfederate,,MissingMOMParameter,True,executable strict MOM parameter validation,1516.1-2010 §11.4.1;1516.1-2010 §11.5
MOM-NEG-1516-1-2010-0203-hlasubscribeobjectclassattributes-missing-required-parameter-hlaobjectclass,HLAinteractionRoot.HLAmanager.HLAfederate.HLAservice.HLAsubscribeObjectClassAttributes,missing_required_parameter,HLAobjectClass,,MissingMOMParameter,True,executable strict MOM parameter validation,1516.1-2010 §11.4.1;1516.1-2010 §11.5
MOM-NEG-1516-1-2010-0204-hlasubscribeobjectclassattributes-missing-required-parameter-hlaattributelist,HLAinteractionRoot.HLAmanager.HLAfederate.HLAservice.HLAsubscribeObjectClassAttributes,missing_required_parameter,HLAattributeList,,MissingMOMParameter,True,executable strict MOM parameter validation,1516.1-2010 §11.4.1;1516.1-2010 §11.5
MOM-NEG-1516-1-2010-0205-hlasubscribeobjectclassattributes-bad-handle-encoding-hlafederate,HLAinteractionRoot.HLAmanager.HLAfederate.HLAservice.HLAsubscribeObjectClassAttributes,bad_handle_encoding,HLAfederate,,InvalidMOMParameterEncoding,True,executable strict MOM parameter validation,1516.1-2010 §11.4.1;1516.1-2010 §11.5
MOM-NEG-1516-1-2010-0206-hlasubscribeobjectclassattributes-bad-handle-encoding-hlaobjectclass,HLAinteractionRoot.HLAmanager.HLAfederate.HLAservice.HLAsubscribeObjectClassAttributes,bad_handle_encoding,HLAobjectClass,,InvalidMOMParameterEncoding,True,executable strict MOM parameter validation,1516.1-2010 §11.4.1;1516.1-2010 §11.5
MOM-NEG-1516-1-2010-0207-hlasubscribeobjectclassattributes-bad-handle-encoding-hlaattributelist,HLAinteractionRoot.HLAmanager.HLAfederate.HLAservice.HLAsubscribeObjectClassAttributes,bad_handle_encoding,HLAattributeList,,InvalidMOMParameterEncoding,True,executable strict MOM parameter validation,1516.1-2010 §11.4.1;1516.1-2010 §11.5
MOM-NEG-1516-1-2010-0208-hlasubscribeobjectclassattributes-bad-boolean-encoding-hlaactive,HLAinteractionRoot.HLAmanager.HLAfederate.HLAservice.HLAsubscribeObjectClassAttributes,bad_boolean_encoding,HLAactive,,InvalidMOMParameterEncoding,True,executable strict MOM parameter validation,1516.1-2010 §11.4.1;1516.1-2010 §11.5
MOM-NEG-1516-1-2010-0209-hlasubscribeobjectclassattributes-unsupported-or-failed-service-action,HLAinteractionRoot.HLAmanager.HLAfederate.HLAservice.HLAsubscribeObjectClassAttributes,unsupported_or_failed_service_action,,,MOMServiceActionFailed,False,"semantic service-action precondition case; retained in matrix, not part of the generated parameter-validation test set",1516.1-2010 §11.4.1;1516.1-2010 §11.5
MOM-NEG-1516-1-2010-0210-hlasynchronizationpointachieved-unexpected-parameter,HLAinteractionRoot.HLAmanager.HLAfederate.HLAservice.HLAsynchronizationPointAchieved,unexpected_parameter,,,UnexpectedMOMParameter,True,executable strict MOM parameter validation,1516.1-2010 §11.4.1;1516.1-2010 §11.5
MOM-NEG-1516-1-2010-0211-hlasynchronizationpointachieved-missing-required-parameter-hlafederate,HLAinteractionRoot.HLAmanager.HLAfederate.HLAservice.HLAsynchronizationPointAchieved,missing_required_parameter,HLAfederate,,MissingMOMParameter,True,executable strict MOM parameter validation,1516.1-2010 §11.4.1;1516.1-2010 §11.5
MOM-NEG-1516-1-2010-0212-hlasynchronizationpointachieved-missing-required-parameter-hlalabel,HLAinteractionRoot.HLAmanager.HLAfederate.HLAservice.HLAsynchronizationPointAchieved,missing_required_parameter,HLAlabel,,MissingMOMParameter,True,executable strict MOM parameter validation,1516.1-2010 §11.4.1;1516.1-2010 §11.5
MOM-NEG-1516-1-2010-0213-hlasynchronizationpointachieved-bad-handle-encoding-hlafederate,HLAinteractionRoot.HLAmanager.HLAfederate.HLAservice.HLAsynchronizationPointAchieved,bad_handle_encoding,HLAfederate,,InvalidMOMParameterEncoding,True,executable strict MOM parameter validation,1516.1-2010 §11.4.1;1516.1-2010 §11.5
MOM-NEG-1516-1-2010-0214-hlasynchronizationpointachieved-unsupported-or-failed-service-action,HLAinteractionRoot.HLAmanager.HLAfederate.HLAservice.HLAsynchronizationPointAchieved,unsupported_or_failed_service_action,,,MOMServiceActionFailed,False,"semantic service-action precondition case; retained in matrix, not part of the generated parameter-validation test set",1516.1-2010 §11.4.1;1516.1-2010 §11.5
MOM-NEG-1516-1-2010-0215-hlatimeadvancerequest-unexpected-parameter,HLAinteractionRoot.HLAmanager.HLAfederate.HLAservice.HLAtimeAdvanceRequest,unexpected_parameter,,,UnexpectedMOMParameter,True,executable strict MOM parameter validation,1516.1-2010 §11.4.1;1516.1-2010 §11.5
MOM-NEG-1516-1-2010-0216-hlatimeadvancerequest-missing-required-parameter-hlafederate,HLAinteractionRoot.HLAmanager.HLAfederate.HLAservice.HLAtimeAdvanceRequest,missing_required_parameter,HLAfederate,,MissingMOMParameter,True,executable strict MOM parameter validation,1516.1-2010 §11.4.1;1516.1-2010 §11.5
MOM-NEG-1516-1-2010-0217-hlatimeadvancerequest-missing-required-parameter-hlatimestamp,HLAinteractionRoot.HLAmanager.HLAfederate.HLAservice.HLAtimeAdvanceRequest,missing_required_parameter,HLAtimeStamp,,MissingMOMParameter,True,executable strict MOM parameter validation,1516.1-2010 §11.4.1;1516.1-2010 §11.5
MOM-NEG-1516-1-2010-0218-hlatimeadvancerequest-bad-handle-encoding-hlafederate,HLAinteractionRoot.HLAmanager.HLAfederate.HLAservice.HLAtimeAdvanceRequest,bad_handle_encoding,HLAfederate,,InvalidMOMParameterEncoding,True,executable strict MOM parameter validation,1516.1-2010 §11.4.1;1516.1-2010 §11.5
MOM-NEG-1516-1-2010-0219-hlatimeadvancerequest-bad-time-encoding-hlatimestamp,HLAinteractionRoot.HLAmanager.HLAfederate.HLAservice.HLAtimeAdvanceRequest,bad_time_encoding,HLAtimeStamp,,InvalidMOMParameterEncoding,True,executable strict MOM parameter validation,1516.1-2010 §11.4.1;1516.1-2010 §11.5
MOM-NEG-1516-1-2010-0220-hlatimeadvancerequest-unsupported-or-failed-service-action,HLAinteractionRoot.HLAmanager.HLAfederate.HLAservice.HLAtimeAdvanceRequest,unsupported_or_failed_service_action,,,MOMServiceActionFailed,False,"semantic service-action precondition case; retained in matrix, not part of the generated parameter-validation test set",1516.1-2010 §11.4.1;1516.1-2010 §11.5
MOM-NEG-1516-1-2010-0221-hlatimeadvancerequestavailable-unexpected-parameter,HLAinteractionRoot.HLAmanager.HLAfederate.HLAservice.HLAtimeAdvanceRequestAvailable,unexpected_parameter,,,UnexpectedMOMParameter,True,executable strict MOM parameter validation,1516.1-2010 §11.4.1;1516.1-2010 §11.5
MOM-NEG-1516-1-2010-0222-hlatimeadvancerequestavailable-missing-required-parameter-hlafederate,HLAinteractionRoot.HLAmanager.HLAfederate.HLAservice.HLAtimeAdvanceRequestAvailable,missing_required_parameter,HLAfederate,,MissingMOMParameter,True,executable strict MOM parameter validation,1516.1-2010 §11.4.1;1516.1-2010 §11.5
MOM-NEG-1516-1-2010-0223-hlatimeadvancerequestavailable-missing-required-parameter-hlatimestamp,HLAinteractionRoot.HLAmanager.HLAfederate.HLAservice.HLAtimeAdvanceRequestAvailable,missing_required_parameter,HLAtimeStamp,,MissingMOMParameter,True,executable strict MOM parameter validation,1516.1-2010 §11.4.1;1516.1-2010 §11.5
MOM-NEG-1516-1-2010-0224-hlatimeadvancerequestavailable-bad-handle-encoding-hlafederate,HLAinteractionRoot.HLAmanager.HLAfederate.HLAservice.HLAtimeAdvanceRequestAvailable,bad_handle_encoding,HLAfederate,,InvalidMOMParameterEncoding,True,executable strict MOM parameter validation,1516.1-2010 §11.4.1;1516.1-2010 §11.5
MOM-NEG-1516-1-2010-0225-hlatimeadvancerequestavailable-bad-time-encoding-hlatimestamp,HLAinteractionRoot.HLAmanager.HLAfederate.HLAservice.HLAtimeAdvanceRequestAvailable,bad_time_encoding,HLAtimeStamp,,InvalidMOMParameterEncoding,True,executable strict MOM parameter validation,1516.1-2010 §11.4.1;1516.1-2010 §11.5
MOM-NEG-1516-1-2010-0226-hlatimeadvancerequestavailable-unsupported-or-failed-service-action,HLAinteractionRoot.HLAmanager.HLAfederate.HLAservice.HLAtimeAdvanceRequestAvailable,unsupported_or_failed_service_action,,,MOMServiceActionFailed,False,"semantic service-action precondition case; retained in matrix, not part of the generated parameter-validation test set",1516.1-2010 §11.4.1;1516.1-2010 §11.5
MOM-NEG-1516-1-2010-0227-hlaunconditionalattributeownershipdivestiture-unexpected-parameter,HLAinteractionRoot.HLAmanager.HLAfederate.HLAservice.HLAunconditionalAttributeOwnershipDivestiture,unexpected_parameter,,,UnexpectedMOMParameter,True,executable strict MOM parameter validation,1516.1-2010 §11.4.1;1516.1-2010 §11.5
MOM-NEG-1516-1-2010-0228-hlaunconditionalattributeownershipdivestiture-missing-required-parameter-hlafederate,HLAinteractionRoot.HLAmanager.HLAfederate.HLAservice.HLAunconditionalAttributeOwnershipDivestiture,missing_required_parameter,HLAfederate,,MissingMOMParameter,True,executable strict MOM parameter validation,1516.1-2010 §11.4.1;1516.1-2010 §11.5
MOM-NEG-1516-1-2010-0229-hlaunconditionalattributeownershipdivestiture-missing-required-parameter-hlaobjectinstance,HLAinteractionRoot.HLAmanager.HLAfederate.HLAservice.HLAunconditionalAttributeOwnershipDivestiture,missing_required_parameter,HLAobjectInstance,,MissingMOMParameter,True,executable strict MOM parameter validation,1516.1-2010 §11.4.1;1516.1-2010 §11.5
MOM-NEG-1516-1-2010-0230-hlaunconditionalattributeownershipdivestiture-missing-required-parameter-hlaattributelist,HLAinteractionRoot.HLAmanager.HLAfederate.HLAservice.HLAunconditionalAttributeOwnershipDivestiture,missing_required_parameter,HLAattributeList,,MissingMOMParameter,True,executable strict MOM parameter validation,1516.1-2010 §11.4.1;1516.1-2010 §11.5
MOM-NEG-1516-1-2010-0231-hlaunconditionalattributeownershipdivestiture-bad-handle-encoding-hlafederate,HLAinteractionRoot.HLAmanager.HLAfederate.HLAservice.HLAunconditionalAttributeOwnershipDivestiture,bad_handle_encoding,HLAfederate,,InvalidMOMParameterEncoding,True,executable strict MOM parameter validation,1516.1-2010 §11.4.1;1516.1-2010 §11.5
MOM-NEG-1516-1-2010-0232-hlaunconditionalattributeownershipdivestiture-bad-handle-encoding-hlaobjectinstance,HLAinteractionRoot.HLAmanager.HLAfederate.HLAservice.HLAunconditionalAttributeOwnershipDivestiture,bad_handle_encoding,HLAobjectInstance,,InvalidMOMParameterEncoding,True,executable strict MOM parameter validation,1516.1-2010 §11.4.1;1516.1-2010 §11.5
MOM-NEG-1516-1-2010-0233-hlaunconditionalattributeownershipdivestiture-bad-handle-encoding-hlaattributelist,HLAinteractionRoot.HLAmanager.HLAfederate.HLAservice.HLAunconditionalAttributeOwnershipDivestiture,bad_handle_encoding,HLAattributeList,,InvalidMOMParameterEncoding,True,executable strict MOM parameter validation,1516.1-2010 §11.4.1;1516.1-2010 §11.5
MOM-NEG-1516-1-2010-0234-hlaunconditionalattributeownershipdivestiture-unsupported-or-failed-service-action,HLAinteractionRoot.HLAmanager.HLAfederate.HLAservice.HLAunconditionalAttributeOwnershipDivestiture,unsupported_or_failed_service_action,,,MOMServiceActionFailed,False,"semantic service-action precondition case; retained in matrix, not part of the generated parameter-validation test set",1516.1-2010 §11.4.1;1516.1-2010 §11.5
MOM-NEG-1516-1-2010-0235-hlaunpublishinteractionclass-unexpected-parameter,HLAinteractionRoot.HLAmanager.HLAfederate.HLAservice.HLAunpublishInteractionClass,unexpected_parameter,,,UnexpectedMOMParameter,True,executable strict MOM parameter validation,1516.1-2010 §11.4.1;1516.1-2010 §11.5
MOM-NEG-1516-1-2010-0236-hlaunpublishinteractionclass-missing-required-parameter-hlafederate,HLAinteractionRoot.HLAmanager.HLAfederate.HLAservice.HLAunpublishInteractionClass,missing_required_parameter,HLAfederate,,MissingMOMParameter,True,executable strict MOM parameter validation,1516.1-2010 §11.4.1;1516.1-2010 §11.5
MOM-NEG-1516-1-2010-0237-hlaunpublishinteractionclass-missing-required-parameter-hlainteractionclass,HLAinteractionRoot.HLAmanager.HLAfederate.HLAservice.HLAunpublishInteractionClass,missing_required_parameter,HLAinteractionClass,,MissingMOMParameter,True,executable strict MOM parameter validation,1516.1-2010 §11.4.1;1516.1-2010 §11.5
MOM-NEG-1516-1-2010-0238-hlaunpublishinteractionclass-bad-handle-encoding-hlafederate,HLAinteractionRoot.HLAmanager.HLAfederate.HLAservice.HLAunpublishInteractionClass,bad_handle_encoding,HLAfederate,,InvalidMOMParameterEncoding,True,executable strict MOM parameter validation,1516.1-2010 §11.4.1;1516.1-2010 §11.5
MOM-NEG-1516-1-2010-0239-hlaunpublishinteractionclass-bad-handle-encoding-hlainteractionclass,HLAinteractionRoot.HLAmanager.HLAfederate.HLAservice.HLAunpublishInteractionClass,bad_handle_encoding,HLAinteractionClass,,InvalidMOMParameterEncoding,True,executable strict MOM parameter validation,1516.1-2010 §11.4.1;1516.1-2010 §11.5
MOM-NEG-1516-1-2010-0240-hlaunpublishinteractionclass-unsupported-or-failed-service-action,HLAinteractionRoot.HLAmanager.HLAfederate.HLAservice.HLAunpublishInteractionClass,unsupported_or_failed_service_action,,,MOMServiceActionFailed,False,"semantic service-action precondition case; retained in matrix, not part of the generated parameter-validation test set",1516.1-2010 §11.4.1;1516.1-2010 §11.5
MOM-NEG-1516-1-2010-0241-hlaunpublishobjectclassattributes-unexpected-parameter,HLAinteractionRoot.HLAmanager.HLAfederate.HLAservice.HLAunpublishObjectClassAttributes,unexpected_parameter,,,UnexpectedMOMParameter,True,executable strict MOM parameter validation,1516.1-2010 §11.4.1;1516.1-2010 §11.5
MOM-NEG-1516-1-2010-0242-hlaunpublishobjectclassattributes-missing-required-parameter-hlafederate,HLAinteractionRoot.HLAmanager.HLAfederate.HLAservice.HLAunpublishObjectClassAttributes,missing_required_parameter,HLAfederate,,MissingMOMParameter,True,executable strict MOM parameter validation,1516.1-2010 §11.4.1;1516.1-2010 §11.5
MOM-NEG-1516-1-2010-0243-hlaunpublishobjectclassattributes-missing-required-parameter-hlaobjectclass,HLAinteractionRoot.HLAmanager.HLAfederate.HLAservice.HLAunpublishObjectClassAttributes,missing_required_parameter,HLAobjectClass,,MissingMOMParameter,True,executable strict MOM parameter validation,1516.1-2010 §11.4.1;1516.1-2010 §11.5
MOM-NEG-1516-1-2010-0244-hlaunpublishobjectclassattributes-bad-handle-encoding-hlafederate,HLAinteractionRoot.HLAmanager.HLAfederate.HLAservice.HLAunpublishObjectClassAttributes,bad_handle_encoding,HLAfederate,,InvalidMOMParameterEncoding,True,executable strict MOM parameter validation,1516.1-2010 §11.4.1;1516.1-2010 §11.5
MOM-NEG-1516-1-2010-0245-hlaunpublishobjectclassattributes-bad-handle-encoding-hlaobjectclass,HLAinteractionRoot.HLAmanager.HLAfederate.HLAservice.HLAunpublishObjectClassAttributes,bad_handle_encoding,HLAobjectClass,,InvalidMOMParameterEncoding,True,executable strict MOM parameter validation,1516.1-2010 §11.4.1;1516.1-2010 §11.5
MOM-NEG-1516-1-2010-0246-hlaunpublishobjectclassattributes-bad-handle-encoding-hlaattributelist,HLAinteractionRoot.HLAmanager.HLAfederate.HLAservice.HLAunpublishObjectClassAttributes,bad_handle_encoding,HLAattributeList,,InvalidMOMParameterEncoding,True,executable strict MOM parameter validation,1516.1-2010 §11.4.1;1516.1-2010 §11.5
MOM-NEG-1516-1-2010-0247-hlaunpublishobjectclassattributes-unsupported-or-failed-service-action,HLAinteractionRoot.HLAmanager.HLAfederate.HLAservice.HLAunpublishObjectClassAttributes,unsupported_or_failed_service_action,,,MOMServiceActionFailed,False,"semantic service-action precondition case; retained in matrix, not part of the generated parameter-validation test set",1516.1-2010 §11.4.1;1516.1-2010 §11.5
MOM-NEG-1516-1-2010-0248-hlaunsubscribeinteractionclass-unexpected-parameter,HLAinteractionRoot.HLAmanager.HLAfederate.HLAservice.HLAunsubscribeInteractionClass,unexpected_parameter,,,UnexpectedMOMParameter,True,executable strict MOM parameter validation,1516.1-2010 §11.4.1;1516.1-2010 §11.5
MOM-NEG-1516-1-2010-0249-hlaunsubscribeinteractionclass-missing-required-parameter-hlafederate,HLAinteractionRoot.HLAmanager.HLAfederate.HLAservice.HLAunsubscribeInteractionClass,missing_required_parameter,HLAfederate,,MissingMOMParameter,True,executable strict MOM parameter validation,1516.1-2010 §11.4.1;1516.1-2010 §11.5
MOM-NEG-1516-1-2010-0250-hlaunsubscribeinteractionclass-missing-required-parameter-hlainteractionclass,HLAinteractionRoot.HLAmanager.HLAfederate.HLAservice.HLAunsubscribeInteractionClass,missing_required_parameter,HLAinteractionClass,,MissingMOMParameter,True,executable strict MOM parameter validation,1516.1-2010 §11.4.1;1516.1-2010 §11.5
MOM-NEG-1516-1-2010-0251-hlaunsubscribeinteractionclass-bad-handle-encoding-hlafederate,HLAinteractionRoot.HLAmanager.HLAfederate.HLAservice.HLAunsubscribeInteractionClass,bad_handle_encoding,HLAfederate,,InvalidMOMParameterEncoding,True,executable strict MOM parameter validation,1516.1-2010 §11.4.1;1516.1-2010 §11.5
MOM-NEG-1516-1-2010-0252-hlaunsubscribeinteractionclass-bad-handle-encoding-hlainteractionclass,HLAinteractionRoot.HLAmanager.HLAfederate.HLAservice.HLAunsubscribeInteractionClass,bad_handle_encoding,HLAinteractionClass,,InvalidMOMParameterEncoding,True,executable strict MOM parameter validation,1516.1-2010 §11.4.1;1516.1-2010 §11.5
MOM-NEG-1516-1-2010-0253-hlaunsubscribeinteractionclass-unsupported-or-failed-service-action,HLAinteractionRoot.HLAmanager.HLAfederate.HLAservice.HLAunsubscribeInteractionClass,unsupported_or_failed_service_action,,,MOMServiceActionFailed,False,"semantic service-action precondition case; retained in matrix, not part of the generated parameter-validation test set",1516.1-2010 §11.4.1;1516.1-2010 §11.5
MOM-NEG-1516-1-2010-0254-hlaunsubscribeobjectclassattributes-unexpected-parameter,HLAinteractionRoot.HLAmanager.HLAfederate.HLAservice.HLAunsubscribeObjectClassAttributes,unexpected_parameter,,,UnexpectedMOMParameter,True,executable strict MOM parameter validation,1516.1-2010 §11.4.1;1516.1-2010 §11.5
MOM-NEG-1516-1-2010-0255-hlaunsubscribeobjectclassattributes-missing-required-parameter-hlafederate,HLAinteractionRoot.HLAmanager.HLAfederate.HLAservice.HLAunsubscribeObjectClassAttributes,missing_required_parameter,HLAfederate,,MissingMOMParameter,True,executable strict MOM parameter validation,1516.1-2010 §11.4.1;1516.1-2010 §11.5
MOM-NEG-1516-1-2010-0256-hlaunsubscribeobjectclassattributes-missing-required-parameter-hlaobjectclass,HLAinteractionRoot.HLAmanager.HLAfederate.HLAservice.HLAunsubscribeObjectClassAttributes,missing_required_parameter,HLAobjectClass,,MissingMOMParameter,True,executable strict MOM parameter validation,1516.1-2010 §11.4.1;1516.1-2010 §11.5
MOM-NEG-1516-1-2010-0257-hlaunsubscribeobjectclassattributes-missing-required-parameter-hlaattributelist,HLAinteractionRoot.HLAmanager.HLAfederate.HLAservice.HLAunsubscribeObjectClassAttributes,missing_required_parameter,HLAattributeList,,MissingMOMParameter,True,executable strict MOM parameter validation,1516.1-2010 §11.4.1;1516.1-2010 §11.5
MOM-NEG-1516-1-2010-0258-hlaunsubscribeobjectclassattributes-bad-handle-encoding-hlafederate,HLAinteractionRoot.HLAmanager.HLAfederate.HLAservice.HLAunsubscribeObjectClassAttributes,bad_handle_encoding,HLAfederate,,InvalidMOMParameterEncoding,True,executable strict MOM parameter validation,1516.1-2010 §11.4.1;1516.1-2010 §11.5
MOM-NEG-1516-1-2010-0259-hlaunsubscribeobjectclassattributes-bad-handle-encoding-hlaobjectclass,HLAinteractionRoot.HLAmanager.HLAfederate.HLAservice.HLAunsubscribeObjectClassAttributes,bad_handle_encoding,HLAobjectClass,,InvalidMOMParameterEncoding,True,executable strict MOM parameter validation,1516.1-2010 §11.4.1;1516.1-2010 §11.5
MOM-NEG-1516-1-2010-0260-hlaunsubscribeobjectclassattributes-bad-handle-encoding-hlaattributelist,HLAinteractionRoot.HLAmanager.HLAfederate.HLAservice.HLAunsubscribeObjectClassAttributes,bad_handle_encoding,HLAattributeList,,InvalidMOMParameterEncoding,True,executable strict MOM parameter validation,1516.1-2010 §11.4.1;1516.1-2010 §11.5
MOM-NEG-1516-1-2010-0261-hlaunsubscribeobjectclassattributes-unsupported-or-failed-service-action,HLAinteractionRoot.HLAmanager.HLAfederate.HLAservice.HLAunsubscribeObjectClassAttributes,unsupported_or_failed_service_action,,,MOMServiceActionFailed,False,"semantic service-action precondition case; retained in matrix, not part of the generated parameter-validation test set",1516.1-2010 §11.4.1;1516.1-2010 §11.5
MOM-NEG-1516-1-2010-0262-hlasetswitches-unexpected-parameter,HLAinteractionRoot.HLAmanager.HLAfederation.HLAadjust.HLAsetSwitches,unexpected_parameter,,,UnexpectedMOMParameter,True,executable strict MOM parameter validation,1516.1-2010 §11.4.1;1516.1-2010 §11.5
MOM-NEG-1516-1-2010-0263-hlasetswitches-missing-parameter-choice,HLAinteractionRoot.HLAmanager.HLAfederation.HLAadjust.HLAsetSwitches,missing_parameter_choice,,HLAautoProvide,MissingMOMParameterChoice,True,executable strict MOM parameter validation,1516.1-2010 §11.4.1;1516.1-2010 §11.5
MOM-NEG-1516-1-2010-0264-hlasetswitches-bad-boolean-encoding-hlaautoprovide,HLAinteractionRoot.HLAmanager.HLAfederation.HLAadjust.HLAsetSwitches,bad_boolean_encoding,HLAautoProvide,,InvalidMOMParameterEncoding,True,executable strict MOM parameter validation,1516.1-2010 §11.4.1;1516.1-2010 §11.5
MOM-NEG-1516-1-2010-0265-hlarequestfommoduledata-unexpected-parameter,HLAinteractionRoot.HLAmanager.HLAfederation.HLArequest.HLArequestFOMmoduleData,unexpected_parameter,,,UnexpectedMOMParameter,True,executable strict MOM parameter validation,1516.1-2010 §11.4.1;1516.1-2010 §11.5
MOM-NEG-1516-1-2010-0266-hlarequestfommoduledata-missing-required-parameter-hlafommoduleindicator,HLAinteractionRoot.HLAmanager.HLAfederation.HLArequest.HLArequestFOMmoduleData,missing_required_parameter,HLAFOMmoduleIndicator,,MissingMOMParameter,True,executable strict MOM parameter validation,1516.1-2010 §11.4.1;1516.1-2010 §11.5
MOM-NEG-1516-1-2010-0267-hlarequestmimdata-unexpected-parameter,HLAinteractionRoot.HLAmanager.HLAfederation.HLArequest.HLArequestMIMdata,unexpected_parameter,,,UnexpectedMOMParameter,True,executable strict MOM parameter validation,1516.1-2010 §11.4.1;1516.1-2010 §11.5
MOM-NEG-1516-1-2010-0268-hlarequestsynchronizationpointstatus-unexpected-parameter,HLAinteractionRoot.HLAmanager.HLAfederation.HLArequest.HLArequestSynchronizationPointStatus,unexpected_parameter,,,UnexpectedMOMParameter,True,executable strict MOM parameter validation,1516.1-2010 §11.4.1;1516.1-2010 §11.5
MOM-NEG-1516-1-2010-0269-hlarequestsynchronizationpoints-unexpected-parameter,HLAinteractionRoot.HLAmanager.HLAfederation.HLArequest.HLArequestSynchronizationPoints,unexpected_parameter,,,UnexpectedMOMParameter,True,executable strict MOM parameter validation,1516.1-2010 §11.4.1;1516.1-2010 §11.5
