id,clause,service_group,service_or_check,delta_type,callback,java_surface,java_methods,cpp_surface,cpp_methods,fedpro_surface,fedpro_match_or_note,binding_surface_summary,priority,disposition,risk_note
HLA2025-FI-SVC-001,4.2,Federation management,Connect,modified,no,present,connect,present,connect,present,connect,Java=present; C++=present; FedPro=present,P0,partial,"FI service depth requires service-by-service implementation, callback, binding, FedPro, and vendor-route disposition."
HLA2025-FI-SVC-002,4.3,Federation management,Disconnect,modified,no,present,disconnect,present,disconnect,present,disconnect,Java=present; C++=present; FedPro=present,P0,planned,"FI service depth requires service-by-service implementation, callback, binding, FedPro, and vendor-route disposition."
HLA2025-FI-SVC-003,4.4,Federation management,Connection Lost †,modified,yes,present,connectionLost,present,connectionLost,present,connectionLost,Java=present; C++=present; FedPro=present,P0,planned,"FI service depth requires service-by-service implementation, callback, binding, FedPro, and vendor-route disposition."
HLA2025-FI-SVC-004,4.5,Federation management,Create Federation Execution,modified,no,present,createFederationExecution; createFederationExecutionWithMIM,present,createFederationExecution; createFederationExecutionWithMIM,present,createFederationExecution; createFederationExecutionWithMIM,Java=present; C++=present; FedPro=present,P0,partial,"FI service depth requires service-by-service implementation, callback, binding, FedPro, and vendor-route disposition."
HLA2025-FI-SVC-005,4.6,Federation management,Destroy Federation Execution,carry-forward,no,present,destroyFederationExecution,present,destroyFederationExecution,present,destroyFederationExecution,Java=present; C++=present; FedPro=present,P1,planned,"FI service depth requires service-by-service implementation, callback, binding, FedPro, and vendor-route disposition."
HLA2025-FI-SVC-006,4.7,Federation management,List Federation Executions,carry-forward,no,present,listFederationExecutions,present,listFederationExecutions,present,listFederationExecutions,Java=present; C++=present; FedPro=present,P1,partial,"FI service depth requires service-by-service implementation, callback, binding, FedPro, and vendor-route disposition."
HLA2025-FI-SVC-007,4.8,Federation management,Report Federation Executions †,carry-forward,yes,present,reportFederationExecutions,present,reportFederationExecutions,present,reportFederationExecutions,Java=present; C++=present; FedPro=present,P1,planned,"FI service depth requires service-by-service implementation, callback, binding, FedPro, and vendor-route disposition."
HLA2025-FI-SVC-008,4.9,Federation management,List Federation Execution Members,new,no,present,listFederationExecutionMembers,present,listFederationExecutionMembers,present,listFederationExecutionMembers,Java=present; C++=present; FedPro=present,P0,partial,"FI service depth requires service-by-service implementation, callback, binding, FedPro, and vendor-route disposition."
HLA2025-FI-SVC-009,4.10,Federation management,Report Federation Execution Members †,new,yes,present,reportFederationExecutionDoesNotExist; reportFederationExecutionMembers,present,reportFederationExecutionMembers,present,reportFederationExecutionDoesNotExist; reportFederationExecutionMembers,Java=present; C++=present; FedPro=present,P0,partial,"FI service depth requires service-by-service implementation, callback, binding, FedPro, and vendor-route disposition."
HLA2025-FI-SVC-010,4.11,Federation management,Join Federation Execution,modified,no,present,joinFederationExecution,present,joinFederationExecution; reportFederationExecutionDoesNotExist,present,joinFederationExecution,Java=present; C++=present; FedPro=present,P0,partial,"FI service depth requires service-by-service implementation, callback, binding, FedPro, and vendor-route disposition."
HLA2025-FI-SVC-011,4.12,Federation management,Resign Federation Execution,modified,no,present,resignFederationExecution,present,resignFederationExecution,present,resignFederationExecution,Java=present; C++=present; FedPro=present,P0,partial,"FI service depth requires service-by-service implementation, callback, binding, FedPro, and vendor-route disposition."
HLA2025-FI-SVC-012,4.13,Federation management,Federate Resigned †,new,yes,present,federateResigned,present,federateResigned,present,federateResigned,Java=present; C++=present; FedPro=present,P0,partial,"FI service depth requires service-by-service implementation, callback, binding, FedPro, and vendor-route disposition."
HLA2025-FI-SVC-013,4.14,Federation management,Register Federation Synchronization Point,carry-forward,no,present,registerFederationSynchronizationPoint,present,registerFederationSynchronizationPoint,present,registerFederationSynchronizationPoint,Java=present; C++=present; FedPro=present,P1,planned,"FI service depth requires service-by-service implementation, callback, binding, FedPro, and vendor-route disposition."
HLA2025-FI-SVC-014,4.15,Federation management,Confirm Synchronization Point Registration †,carry-forward,yes,present,synchronizationPointRegistrationFailed; synchronizationPointRegistrationSucceeded,present,synchronizationPointRegistrationFailed; synchronizationPointRegistrationSucceeded,present,synchronizationPointRegistrationFailed; synchronizationPointRegistrationSucceeded,Java=present; C++=present; FedPro=present,P1,planned,"FI service depth requires service-by-service implementation, callback, binding, FedPro, and vendor-route disposition."
HLA2025-FI-SVC-015,4.16,Federation management,Announce Synchronization Point †,carry-forward,yes,present,announceSynchronizationPoint,present,announceSynchronizationPoint,present,announceSynchronizationPoint,Java=present; C++=present; FedPro=present,P1,planned,"FI service depth requires service-by-service implementation, callback, binding, FedPro, and vendor-route disposition."
HLA2025-FI-SVC-016,4.17,Federation management,Synchronization Point Achieved,carry-forward,no,present,synchronizationPointAchieved,present,synchronizationPointAchieved,present,synchronizationPointAchieved,Java=present; C++=present; FedPro=present,P1,planned,"FI service depth requires service-by-service implementation, callback, binding, FedPro, and vendor-route disposition."
HLA2025-FI-SVC-017,4.18,Federation management,Federation Synchronized †,carry-forward,yes,present,federationSynchronized,present,federationSynchronized,present,federationSynchronized,Java=present; C++=present; FedPro=present,P1,planned,"FI service depth requires service-by-service implementation, callback, binding, FedPro, and vendor-route disposition."
HLA2025-FI-SVC-018,4.19,Federation management,Request Federation Save,carry-forward,no,present,requestFederationSave,present,requestFederationSave,present,requestFederationSave,Java=present; C++=present; FedPro=present,P1,planned,"FI service depth requires service-by-service implementation, callback, binding, FedPro, and vendor-route disposition."
HLA2025-FI-SVC-019,4.20,Federation management,Initiate Federate Save †,carry-forward,yes,present,initiateFederateSave,present,initiateFederateSave,present,initiateFederateSave,Java=present; C++=present; FedPro=present,P1,planned,"FI service depth requires service-by-service implementation, callback, binding, FedPro, and vendor-route disposition."
HLA2025-FI-SVC-020,4.21,Federation management,Federate Save Begun,carry-forward,no,present,federateSaveBegun,present,federateSaveBegun,present,federateSaveBegun,Java=present; C++=present; FedPro=present,P1,planned,"FI service depth requires service-by-service implementation, callback, binding, FedPro, and vendor-route disposition."
HLA2025-FI-SVC-021,4.22,Federation management,Federate Save Complete,carry-forward,no,present,federateSaveComplete; federateSaveNotComplete,present,federateSaveComplete; federateSaveNotComplete,present,federateSaveComplete; federateSaveNotComplete,Java=present; C++=present; FedPro=present,P1,planned,"FI service depth requires service-by-service implementation, callback, binding, FedPro, and vendor-route disposition."
HLA2025-FI-SVC-022,4.23,Federation management,Federation Saved †,carry-forward,yes,present,federationNotSaved; federationSaved,present,federationNotSaved; federationSaved,present,federationNotSaved; federationSaved,Java=present; C++=present; FedPro=present,P1,planned,"FI service depth requires service-by-service implementation, callback, binding, FedPro, and vendor-route disposition."
HLA2025-FI-SVC-023,4.24,Federation management,Abort Federation Save,carry-forward,no,present,abortFederationSave,present,abortFederationSave,present,abortFederationSave,Java=present; C++=present; FedPro=present,P1,planned,"FI service depth requires service-by-service implementation, callback, binding, FedPro, and vendor-route disposition."
HLA2025-FI-SVC-024,4.25,Federation management,Query Federation Save Status,carry-forward,no,present,queryFederationSaveStatus,present,queryFederationSaveStatus,present,queryFederationSaveStatus,Java=present; C++=present; FedPro=present,P1,planned,"FI service depth requires service-by-service implementation, callback, binding, FedPro, and vendor-route disposition."
HLA2025-FI-SVC-025,4.26,Federation management,Federation Save Status Response †,carry-forward,yes,present,federationSaveStatusResponse,present,federationSaveStatusResponse,present,federationSaveStatusResponse,Java=present; C++=present; FedPro=present,P1,planned,"FI service depth requires service-by-service implementation, callback, binding, FedPro, and vendor-route disposition."
HLA2025-FI-SVC-026,4.27,Federation management,Request Federation Restore,carry-forward,no,present,requestFederationRestore,present,requestFederationRestore,present,requestFederationRestore,Java=present; C++=present; FedPro=present,P1,planned,"FI service depth requires service-by-service implementation, callback, binding, FedPro, and vendor-route disposition."
HLA2025-FI-SVC-027,4.28,Federation management,Confirm Federation Restoration Request †,carry-forward,yes,present,requestFederationRestoreFailed; requestFederationRestoreSucceeded,present,requestFederationRestoreFailed; requestFederationRestoreSucceeded,present,requestFederationRestoreFailed; requestFederationRestoreSucceeded,Java=present; C++=present; FedPro=present,P1,planned,"FI service depth requires service-by-service implementation, callback, binding, FedPro, and vendor-route disposition."
HLA2025-FI-SVC-028,4.29,Federation management,Federation Restore Begun †,carry-forward,yes,present,federationNotRestored; federationRestoreBegun,present,federationRestoreBegun,present,federationNotRestored; federationRestoreBegun,Java=present; C++=present; FedPro=present,P1,planned,"FI service depth requires service-by-service implementation, callback, binding, FedPro, and vendor-route disposition."
HLA2025-FI-SVC-029,4.30,Federation management,Initiate Federate Restore †,carry-forward,yes,present,initiateFederateRestore,present,initiateFederateRestore,present,initiateFederateRestore,Java=present; C++=present; FedPro=present,P1,planned,"FI service depth requires service-by-service implementation, callback, binding, FedPro, and vendor-route disposition."
HLA2025-FI-SVC-030,4.31,Federation management,Federate Restore Complete,carry-forward,no,present,federateRestoreComplete; federateRestoreNotComplete,present,federateRestoreComplete; federateRestoreNotComplete,present,federateRestoreComplete; federateRestoreNotComplete,Java=present; C++=present; FedPro=present,P1,planned,"FI service depth requires service-by-service implementation, callback, binding, FedPro, and vendor-route disposition."
HLA2025-FI-SVC-031,4.32,Federation management,Federation Restored †,carry-forward,yes,present,federationRestored,present,federationNotRestored; federationRestored,present,federationRestored,Java=present; C++=present; FedPro=present,P1,planned,"FI service depth requires service-by-service implementation, callback, binding, FedPro, and vendor-route disposition."
HLA2025-FI-SVC-032,4.33,Federation management,Abort Federation Restore,carry-forward,no,present,abortFederationRestore,present,abortFederationRestore,present,abortFederationRestore,Java=present; C++=present; FedPro=present,P1,planned,"FI service depth requires service-by-service implementation, callback, binding, FedPro, and vendor-route disposition."
HLA2025-FI-SVC-033,4.34,Federation management,Query Federation Restore Status,carry-forward,no,present,queryFederationRestoreStatus,present,queryFederationRestoreStatus,present,queryFederationRestoreStatus,Java=present; C++=present; FedPro=present,P1,planned,"FI service depth requires service-by-service implementation, callback, binding, FedPro, and vendor-route disposition."
HLA2025-FI-SVC-034,4.35,Federation management,Federation Restore Status Response †,carry-forward,yes,present,federationRestoreStatusResponse,present,federationRestoreStatusResponse,present,federationRestoreStatusResponse,Java=present; C++=present; FedPro=present,P1,planned,"FI service depth requires service-by-service implementation, callback, binding, FedPro, and vendor-route disposition."
HLA2025-FI-SVC-035,5.2,Declaration management,Publish Object Class Attributes,carry-forward,no,present,publishObjectClassAttributes,present,publishObjectClassAttributes,present,publishObjectClassAttributes,Java=present; C++=present; FedPro=present,P1,planned,"FI service depth requires service-by-service implementation, callback, binding, FedPro, and vendor-route disposition."
HLA2025-FI-SVC-036,5.3,Declaration management,Unpublish Object Class Attributes,carry-forward,no,present,unpublishObjectClass; unpublishObjectClassAttributes,present,unpublishObjectClass; unpublishObjectClassAttributes,present,unpublishObjectClass; unpublishObjectClassAttributes,Java=present; C++=present; FedPro=present,P1,planned,"FI service depth requires service-by-service implementation, callback, binding, FedPro, and vendor-route disposition."
HLA2025-FI-SVC-037,5.4,Declaration management,Publish Interaction Class,carry-forward,no,present,publishInteractionClass,present,publishInteractionClass,present,publishInteractionClass,Java=present; C++=present; FedPro=present,P1,planned,"FI service depth requires service-by-service implementation, callback, binding, FedPro, and vendor-route disposition."
HLA2025-FI-SVC-038,5.5,Declaration management,Unpublish Interaction Class,carry-forward,no,present,unpublishInteractionClass,present,unpublishInteractionClass,present,unpublishInteractionClass,Java=present; C++=present; FedPro=present,P1,planned,"FI service depth requires service-by-service implementation, callback, binding, FedPro, and vendor-route disposition."
HLA2025-FI-SVC-039,5.6,Declaration management,Publish Object Class Directed Interactions,new,no,present,publishObjectClassDirectedInteractions,present,publishObjectClassDirectedInteractions,present,publishObjectClassDirectedInteractions,Java=present; C++=present; FedPro=present,P0,planned,"FI service depth requires service-by-service implementation, callback, binding, FedPro, and vendor-route disposition."
HLA2025-FI-SVC-040,5.7,Declaration management,Unpublish Object Class Directed Interactions,new,no,present,unpublishObjectClassDirectedInteractions,present,unpublishObjectClassDirectedInteractions,present,unpublishObjectClassDirectedInteractions,Java=present; C++=present; FedPro=present,P0,planned,"FI service depth requires service-by-service implementation, callback, binding, FedPro, and vendor-route disposition."
HLA2025-FI-SVC-041,5.8,Declaration management,Subscribe Object Class Attributes,carry-forward,no,present,subscribeObjectClassAttributes; subscribeObjectClassAttributesPassively,present,subscribeObjectClassAttributes,present,subscribeObjectClassAttributes; subscribeObjectClassAttributesPassively,Java=present; C++=present; FedPro=present,P1,planned,"FI service depth requires service-by-service implementation, callback, binding, FedPro, and vendor-route disposition."
HLA2025-FI-SVC-042,5.9,Declaration management,Unsubscribe Object Class Attributes,carry-forward,no,present,unsubscribeObjectClass; unsubscribeObjectClassAttributes,present,unsubscribeObjectClass; unsubscribeObjectClassAttributes,present,unsubscribeObjectClass; unsubscribeObjectClassAttributes,Java=present; C++=present; FedPro=present,P1,planned,"FI service depth requires service-by-service implementation, callback, binding, FedPro, and vendor-route disposition."
HLA2025-FI-SVC-043,5.10,Declaration management,Subscribe Interaction Class,carry-forward,no,present,subscribeInteractionClass; subscribeInteractionClassPassively,present,subscribeInteractionClass,present,subscribeInteractionClass; subscribeInteractionClassPassively,Java=present; C++=present; FedPro=present,P1,planned,"FI service depth requires service-by-service implementation, callback, binding, FedPro, and vendor-route disposition."
HLA2025-FI-SVC-044,5.11,Declaration management,Unsubscribe Interaction Class,carry-forward,no,present,unsubscribeInteractionClass,present,unsubscribeInteractionClass,present,unsubscribeInteractionClass,Java=present; C++=present; FedPro=present,P1,planned,"FI service depth requires service-by-service implementation, callback, binding, FedPro, and vendor-route disposition."
HLA2025-FI-SVC-045,5.12,Declaration management,Subscribe Object Class Directed Interactions,new,no,present,subscribeObjectClassDirectedInteractions; subscribeObjectClassDirectedInteractionsUniversally,present,subscribeObjectClassDirectedInteractions,present,subscribeObjectClassDirectedInteractions; subscribeObjectClassDirectedInteractionsUniversally,Java=present; C++=present; FedPro=present,P0,planned,"FI service depth requires service-by-service implementation, callback, binding, FedPro, and vendor-route disposition."
HLA2025-FI-SVC-046,5.13,Declaration management,Unsubscribe Object Class Directed Interactions,new,no,present,unsubscribeObjectClassDirectedInteractions,present,unsubscribeObjectClassDirectedInteractions,present,unsubscribeObjectClassDirectedInteractions,Java=present; C++=present; FedPro=present,P0,planned,"FI service depth requires service-by-service implementation, callback, binding, FedPro, and vendor-route disposition."
HLA2025-FI-SVC-047,5.14,Declaration management,Start Registration For Object Class †,carry-forward,yes,present,startRegistrationForObjectClass,present,startRegistrationForObjectClass,present,startRegistrationForObjectClass,Java=present; C++=present; FedPro=present,P1,planned,"FI service depth requires service-by-service implementation, callback, binding, FedPro, and vendor-route disposition."
HLA2025-FI-SVC-048,5.15,Declaration management,Stop Registration For Object Class †,carry-forward,yes,present,stopRegistrationForObjectClass,present,stopRegistrationForObjectClass,present,stopRegistrationForObjectClass,Java=present; C++=present; FedPro=present,P1,planned,"FI service depth requires service-by-service implementation, callback, binding, FedPro, and vendor-route disposition."
HLA2025-FI-SVC-049,5.16,Declaration management,Turn Interactions On †,carry-forward,yes,present,turnInteractionsOn,present,turnInteractionsOn,present,turnInteractionsOn,Java=present; C++=present; FedPro=present,P1,planned,"FI service depth requires service-by-service implementation, callback, binding, FedPro, and vendor-route disposition."
HLA2025-FI-SVC-050,5.17,Declaration management,Turn Interactions Off †,carry-forward,yes,present,turnInteractionsOff,present,turnInteractionsOff,present,turnInteractionsOff,Java=present; C++=present; FedPro=present,P1,planned,"FI service depth requires service-by-service implementation, callback, binding, FedPro, and vendor-route disposition."
HLA2025-FI-SVC-051,6.2,Object management,Reserve Object Instance Name,carry-forward,no,present,reserveObjectInstanceName,present,reserveObjectInstanceName,present,reserveObjectInstanceName,Java=present; C++=present; FedPro=present,P1,partial,"FI service depth requires service-by-service implementation, callback, binding, FedPro, and vendor-route disposition."
HLA2025-FI-SVC-052,6.3,Object management,Object Instance Name Reserved †,carry-forward,yes,present,objectInstanceNameReservationFailed; objectInstanceNameReservationSucceeded,present,objectInstanceNameReservationFailed; objectInstanceNameReservationSucceeded,present,objectInstanceNameReservationFailed; objectInstanceNameReservationSucceeded,Java=present; C++=present; FedPro=present,P1,partial,"FI service depth requires service-by-service implementation, callback, binding, FedPro, and vendor-route disposition."
HLA2025-FI-SVC-053,6.4,Object management,Release Object Instance Name,carry-forward,no,present,releaseObjectInstanceName,present,releaseObjectInstanceName,present,releaseObjectInstanceName,Java=present; C++=present; FedPro=present,P1,partial,"FI service depth requires service-by-service implementation, callback, binding, FedPro, and vendor-route disposition."
HLA2025-FI-SVC-054,6.5,Object management,Reserve Multiple Object Instance Names,modified,no,present,reserveMultipleObjectInstanceNames,present,reserveMultipleObjectInstanceNames,present,reserveMultipleObjectInstanceNames,Java=present; C++=present; FedPro=present,P0,partial,"FI service depth requires service-by-service implementation, callback, binding, FedPro, and vendor-route disposition."
HLA2025-FI-SVC-055,6.6,Object management,Multiple Object Instance Names Reserved †,carry-forward,yes,present,multipleObjectInstanceNameReservationFailed; multipleObjectInstanceNameReservationSucceeded,present,multipleObjectInstanceNameReservationFailed; multipleObjectInstanceNameReservationSucceeded,present,multipleObjectInstanceNameReservationFailed; multipleObjectInstanceNameReservationSucceeded,Java=present; C++=present; FedPro=present,P1,partial,"FI service depth requires service-by-service implementation, callback, binding, FedPro, and vendor-route disposition."
HLA2025-FI-SVC-056,6.7,Object management,Release Multiple Object Instance Names,modified,no,present,releaseMultipleObjectInstanceNames,present,releaseMultipleObjectInstanceNames,present,releaseMultipleObjectInstanceNames,Java=present; C++=present; FedPro=present,P0,partial,"FI service depth requires service-by-service implementation, callback, binding, FedPro, and vendor-route disposition."
HLA2025-FI-SVC-057,6.8,Object management,Register Object Instance,carry-forward,no,present,registerObjectInstance,present,registerObjectInstance,present,registerObjectInstance,Java=present; C++=present; FedPro=present,P1,planned,"FI service depth requires service-by-service implementation, callback, binding, FedPro, and vendor-route disposition."
HLA2025-FI-SVC-058,6.9,Object management,Discover Object Instance †,carry-forward,yes,present,discoverObjectInstance,present,discoverObjectInstance,present,discoverObjectInstance,Java=present; C++=present; FedPro=present,P1,planned,"FI service depth requires service-by-service implementation, callback, binding, FedPro, and vendor-route disposition."
HLA2025-FI-SVC-059,6.10,Object management,Update Attribute Values,carry-forward,no,present,updateAttributeValues,present,updateAttributeValues,present,updateAttributeValues,Java=present; C++=present; FedPro=present,P1,planned,"FI service depth requires service-by-service implementation, callback, binding, FedPro, and vendor-route disposition."
HLA2025-FI-SVC-060,6.11,Object management,Reflect Attribute Values †,carry-forward,yes,present,reflectAttributeValues,present,reflectAttributeValues,present,reflectAttributeValues,Java=present; C++=present; FedPro=present,P1,planned,"FI service depth requires service-by-service implementation, callback, binding, FedPro, and vendor-route disposition."
HLA2025-FI-SVC-061,6.12,Object management,Send Interaction,carry-forward,no,present,sendInteraction,present,sendInteraction,present,sendInteraction,Java=present; C++=present; FedPro=present,P1,planned,"FI service depth requires service-by-service implementation, callback, binding, FedPro, and vendor-route disposition."
HLA2025-FI-SVC-062,6.13,Object management,Receive Interaction †,carry-forward,yes,present,receiveInteraction,present,receiveInteraction,present,receiveInteraction,Java=present; C++=present; FedPro=present,P1,planned,"FI service depth requires service-by-service implementation, callback, binding, FedPro, and vendor-route disposition."
HLA2025-FI-SVC-063,6.14,Object management,Send Directed Interaction,new,no,present,sendDirectedInteraction,present,sendDirectedInteraction,present,sendDirectedInteraction,Java=present; C++=present; FedPro=present,P0,planned,"FI service depth requires service-by-service implementation, callback, binding, FedPro, and vendor-route disposition."
HLA2025-FI-SVC-064,6.15,Object management,Receive Directed Interaction †,new,yes,present,receiveDirectedInteraction,present,receiveDirectedInteraction,present,receiveDirectedInteraction,Java=present; C++=present; FedPro=present,P0,planned,"FI service depth requires service-by-service implementation, callback, binding, FedPro, and vendor-route disposition."
HLA2025-FI-SVC-065,6.16,Object management,Delete Object Instance,carry-forward,no,present,deleteObjectInstance,present,deleteObjectInstance,present,deleteObjectInstance,Java=present; C++=present; FedPro=present,P1,planned,"FI service depth requires service-by-service implementation, callback, binding, FedPro, and vendor-route disposition."
HLA2025-FI-SVC-066,6.17,Object management,Remove Object Instance †,carry-forward,yes,present,removeObjectInstance,present,removeObjectInstance,present,removeObjectInstance,Java=present; C++=present; FedPro=present,P1,planned,"FI service depth requires service-by-service implementation, callback, binding, FedPro, and vendor-route disposition."
HLA2025-FI-SVC-067,6.18,Object management,Local Delete Object Instance,carry-forward,no,present,localDeleteObjectInstance,present,localDeleteObjectInstance,present,localDeleteObjectInstance,Java=present; C++=present; FedPro=present,P1,planned,"FI service depth requires service-by-service implementation, callback, binding, FedPro, and vendor-route disposition."
HLA2025-FI-SVC-068,6.19,Object management,Attributes In Scope †,carry-forward,yes,present,attributesInScope,present,attributesInScope,present,attributesInScope,Java=present; C++=present; FedPro=present,P1,planned,"FI service depth requires service-by-service implementation, callback, binding, FedPro, and vendor-route disposition."
HLA2025-FI-SVC-069,6.20,Object management,Attributes Out Of Scope †,carry-forward,yes,present,attributesOutOfScope,present,attributesOutOfScope,present,attributesOutOfScope,Java=present; C++=present; FedPro=present,P1,planned,"FI service depth requires service-by-service implementation, callback, binding, FedPro, and vendor-route disposition."
HLA2025-FI-SVC-070,6.21,Object management,Request Attribute Value Update,carry-forward,no,present,requestAttributeValueUpdate,present,requestAttributeValueUpdate,present-via-class-and-instance-split,RequestClassAttributeValueUpdateRequest; RequestInstanceAttributeValueUpdateRequest,Java=present; C++=present; FedPro=present-via-class-and-instance-split,P1,planned,"FI service depth requires service-by-service implementation, callback, binding, FedPro, and vendor-route disposition."
HLA2025-FI-SVC-071,6.22,Object management,Provide Attribute Value Update †,carry-forward,yes,present,provideAttributeValueUpdate,present,provideAttributeValueUpdate,present,provideAttributeValueUpdate,Java=present; C++=present; FedPro=present,P1,planned,"FI service depth requires service-by-service implementation, callback, binding, FedPro, and vendor-route disposition."
HLA2025-FI-SVC-072,6.23,Object management,Turn Updates On For Object Instance †,carry-forward,yes,present,turnUpdatesOnForObjectInstance,present,turnUpdatesOnForObjectInstance,present,turnUpdatesOnForObjectInstance,Java=present; C++=present; FedPro=present,P1,planned,"FI service depth requires service-by-service implementation, callback, binding, FedPro, and vendor-route disposition."
HLA2025-FI-SVC-073,6.24,Object management,Turn Updates Off For Object Instance †,carry-forward,yes,present,turnUpdatesOffForObjectInstance,present,turnUpdatesOffForObjectInstance,present,turnUpdatesOffForObjectInstance,Java=present; C++=present; FedPro=present,P1,planned,"FI service depth requires service-by-service implementation, callback, binding, FedPro, and vendor-route disposition."
HLA2025-FI-SVC-074,6.25,Object management,Request Attribute Transportation Type Change,carry-forward,no,present,requestAttributeTransportationTypeChange,present,requestAttributeTransportationTypeChange,present,requestAttributeTransportationTypeChange,Java=present; C++=present; FedPro=present,P1,partial,"FI service depth requires service-by-service implementation, callback, binding, FedPro, and vendor-route disposition."
HLA2025-FI-SVC-075,6.26,Object management,Confirm Attribute Transportation Type Change †,carry-forward,yes,present,confirmAttributeTransportationTypeChange,present,confirmAttributeTransportationTypeChange,present,confirmAttributeTransportationTypeChange,Java=present; C++=present; FedPro=present,P1,partial,"FI service depth requires service-by-service implementation, callback, binding, FedPro, and vendor-route disposition."
HLA2025-FI-SVC-076,6.27,Object management,Change Default Attribute Transportation Type,new,no,present,changeDefaultAttributeTransportationType,present,changeDefaultAttributeTransportationType,present,changeDefaultAttributeTransportationType,Java=present; C++=present; FedPro=present,P0,partial,"FI service depth requires service-by-service implementation, callback, binding, FedPro, and vendor-route disposition."
HLA2025-FI-SVC-077,6.28,Object management,Query Attribute Transportation Type,carry-forward,no,present,queryAttributeTransportationType,present,queryAttributeTransportationType,present,queryAttributeTransportationType,Java=present; C++=present; FedPro=present,P1,partial,"FI service depth requires service-by-service implementation, callback, binding, FedPro, and vendor-route disposition."
HLA2025-FI-SVC-078,6.29,Object management,Report Attribute Transportation Type †,carry-forward,yes,present,reportAttributeTransportationType,present,reportAttributeTransportationType,present,reportAttributeTransportationType,Java=present; C++=present; FedPro=present,P1,partial,"FI service depth requires service-by-service implementation, callback, binding, FedPro, and vendor-route disposition."
HLA2025-FI-SVC-079,6.30,Object management,Request Interaction Transportation Type Change,carry-forward,no,present,requestInteractionTransportationTypeChange,present,requestInteractionTransportationTypeChange,present,requestInteractionTransportationTypeChange,Java=present; C++=present; FedPro=present,P1,partial,"FI service depth requires service-by-service implementation, callback, binding, FedPro, and vendor-route disposition."
HLA2025-FI-SVC-080,6.31,Object management,Confirm Interaction Transportation Type Change †,carry-forward,yes,present,confirmInteractionTransportationTypeChange,present,confirmInteractionTransportationTypeChange,present,confirmInteractionTransportationTypeChange,Java=present; C++=present; FedPro=present,P1,partial,"FI service depth requires service-by-service implementation, callback, binding, FedPro, and vendor-route disposition."
HLA2025-FI-SVC-081,6.32,Object management,Query Interaction Transportation Type,carry-forward,no,present,queryInteractionTransportationType,present,queryInteractionTransportationType,present,queryInteractionTransportationType,Java=present; C++=present; FedPro=present,P1,partial,"FI service depth requires service-by-service implementation, callback, binding, FedPro, and vendor-route disposition."
HLA2025-FI-SVC-082,6.33,Object management,Report Interaction Transportation Type †,carry-forward,yes,present,reportInteractionTransportationType,present,reportInteractionTransportationType,present,reportInteractionTransportationType,Java=present; C++=present; FedPro=present,P1,partial,"FI service depth requires service-by-service implementation, callback, binding, FedPro, and vendor-route disposition."
HLA2025-FI-SVC-083,7.2,Ownership management,Unconditional Attribute Ownership Divestiture,carry-forward,no,present,unconditionalAttributeOwnershipDivestiture,present,unconditionalAttributeOwnershipDivestiture,present,unconditionalAttributeOwnershipDivestiture,Java=present; C++=present; FedPro=present,P1,planned,"FI service depth requires service-by-service implementation, callback, binding, FedPro, and vendor-route disposition."
HLA2025-FI-SVC-084,7.3,Ownership management,Negotiated Attribute Ownership Divestiture,carry-forward,no,present,negotiatedAttributeOwnershipDivestiture,present,negotiatedAttributeOwnershipDivestiture,present,negotiatedAttributeOwnershipDivestiture,Java=present; C++=present; FedPro=present,P1,planned,"FI service depth requires service-by-service implementation, callback, binding, FedPro, and vendor-route disposition."
HLA2025-FI-SVC-085,7.4,Ownership management,Request Attribute Ownership Assumption †,carry-forward,yes,present,requestAttributeOwnershipAssumption,present,requestAttributeOwnershipAssumption,present,requestAttributeOwnershipAssumption,Java=present; C++=present; FedPro=present,P1,planned,"FI service depth requires service-by-service implementation, callback, binding, FedPro, and vendor-route disposition."
HLA2025-FI-SVC-086,7.5,Ownership management,Request Divestiture Confirmation †,carry-forward,yes,present,requestDivestitureConfirmation,present,requestDivestitureConfirmation,present,requestDivestitureConfirmation,Java=present; C++=present; FedPro=present,P1,planned,"FI service depth requires service-by-service implementation, callback, binding, FedPro, and vendor-route disposition."
HLA2025-FI-SVC-087,7.6,Ownership management,Confirm Divestiture,carry-forward,no,present,confirmDivestiture,present,confirmDivestiture,present,confirmDivestiture,Java=present; C++=present; FedPro=present,P1,planned,"FI service depth requires service-by-service implementation, callback, binding, FedPro, and vendor-route disposition."
HLA2025-FI-SVC-088,7.7,Ownership management,Attribute Ownership Acquisition Notification †,carry-forward,yes,present,attributeOwnershipAcquisitionNotification,present,attributeOwnershipAcquisitionNotification,present,attributeOwnershipAcquisitionNotification,Java=present; C++=present; FedPro=present,P1,planned,"FI service depth requires service-by-service implementation, callback, binding, FedPro, and vendor-route disposition."
HLA2025-FI-SVC-089,7.8,Ownership management,Attribute Ownership Acquisition,carry-forward,no,present,attributeOwnershipAcquisition,present,attributeOwnershipAcquisition,present,attributeOwnershipAcquisition,Java=present; C++=present; FedPro=present,P1,planned,"FI service depth requires service-by-service implementation, callback, binding, FedPro, and vendor-route disposition."
HLA2025-FI-SVC-090,7.9,Ownership management,Attribute Ownership Acquisition If Available,carry-forward,no,present,attributeOwnershipAcquisitionIfAvailable,present,attributeOwnershipAcquisitionIfAvailable,present,attributeOwnershipAcquisitionIfAvailable,Java=present; C++=present; FedPro=present,P1,planned,"FI service depth requires service-by-service implementation, callback, binding, FedPro, and vendor-route disposition."
HLA2025-FI-SVC-091,7.10,Ownership management,Attribute Ownership Unavailable †,carry-forward,yes,present,attributeOwnershipUnavailable,present,attributeOwnershipUnavailable,present,attributeOwnershipUnavailable,Java=present; C++=present; FedPro=present,P1,planned,"FI service depth requires service-by-service implementation, callback, binding, FedPro, and vendor-route disposition."
HLA2025-FI-SVC-092,7.11,Ownership management,Request Attribute Ownership Release †,carry-forward,yes,present,requestAttributeOwnershipRelease,present,requestAttributeOwnershipRelease,present,requestAttributeOwnershipRelease,Java=present; C++=present; FedPro=present,P1,planned,"FI service depth requires service-by-service implementation, callback, binding, FedPro, and vendor-route disposition."
HLA2025-FI-SVC-093,7.12,Ownership management,Attribute Ownership Release Denied,carry-forward,no,present,attributeOwnershipReleaseDenied,present,attributeOwnershipReleaseDenied,present,attributeOwnershipReleaseDenied,Java=present; C++=present; FedPro=present,P1,planned,"FI service depth requires service-by-service implementation, callback, binding, FedPro, and vendor-route disposition."
HLA2025-FI-SVC-094,7.13,Ownership management,Attribute Ownership Divestiture If Wanted,carry-forward,no,present,attributeOwnershipDivestitureIfWanted,present,attributeOwnershipDivestitureIfWanted,present,attributeOwnershipDivestitureIfWanted,Java=present; C++=present; FedPro=present,P1,planned,"FI service depth requires service-by-service implementation, callback, binding, FedPro, and vendor-route disposition."
HLA2025-FI-SVC-095,7.14,Ownership management,Cancel Negotiated Attribute Ownership Divestiture,carry-forward,no,present,cancelNegotiatedAttributeOwnershipDivestiture,present,cancelNegotiatedAttributeOwnershipDivestiture,present,cancelNegotiatedAttributeOwnershipDivestiture,Java=present; C++=present; FedPro=present,P1,planned,"FI service depth requires service-by-service implementation, callback, binding, FedPro, and vendor-route disposition."
HLA2025-FI-SVC-096,7.15,Ownership management,Cancel Attribute Ownership Acquisition,carry-forward,no,present,cancelAttributeOwnershipAcquisition,present,cancelAttributeOwnershipAcquisition,present,cancelAttributeOwnershipAcquisition,Java=present; C++=present; FedPro=present,P1,planned,"FI service depth requires service-by-service implementation, callback, binding, FedPro, and vendor-route disposition."
HLA2025-FI-SVC-097,7.16,Ownership management,Confirm Attribute Ownership Acquisition Cancellation †,carry-forward,yes,present,confirmAttributeOwnershipAcquisitionCancellation,present,confirmAttributeOwnershipAcquisitionCancellation,present,confirmAttributeOwnershipAcquisitionCancellation,Java=present; C++=present; FedPro=present,P1,planned,"FI service depth requires service-by-service implementation, callback, binding, FedPro, and vendor-route disposition."
HLA2025-FI-SVC-098,7.17,Ownership management,Query Attribute Ownership,carry-forward,no,present,queryAttributeOwnership,present,queryAttributeOwnership,present,queryAttributeOwnership,Java=present; C++=present; FedPro=present,P1,planned,"FI service depth requires service-by-service implementation, callback, binding, FedPro, and vendor-route disposition."
HLA2025-FI-SVC-099,7.18,Ownership management,Inform Attribute Ownership †,carry-forward,yes,present,attributeIsNotOwned; attributeIsOwnedByRTI; informAttributeOwnership,present,attributeIsNotOwned; attributeIsOwnedByRTI; informAttributeOwnership,present,attributeIsNotOwned; attributeIsOwnedByRTI; informAttributeOwnership,Java=present; C++=present; FedPro=present,P1,planned,"FI service depth requires service-by-service implementation, callback, binding, FedPro, and vendor-route disposition."
HLA2025-FI-SVC-100,7.19,Ownership management,Is Attribute Owned By Federate,carry-forward,no,present,isAttributeOwnedByFederate,present,isAttributeOwnedByFederate,present,isAttributeOwnedByFederate,Java=present; C++=present; FedPro=present,P1,planned,"FI service depth requires service-by-service implementation, callback, binding, FedPro, and vendor-route disposition."
HLA2025-FI-SVC-101,8.2,Time management,Enable Time Regulation,carry-forward,no,present,enableTimeRegulation,present,enableTimeRegulation,present,enableTimeRegulation,Java=present; C++=present; FedPro=present,P1,partial,"FI service depth requires service-by-service implementation, callback, binding, FedPro, and vendor-route disposition."
HLA2025-FI-SVC-102,8.3,Time management,Time Regulation Enabled †,carry-forward,yes,present,timeRegulationEnabled,present,timeRegulationEnabled,present,timeRegulationEnabled,Java=present; C++=present; FedPro=present,P1,partial,"FI service depth requires service-by-service implementation, callback, binding, FedPro, and vendor-route disposition."
HLA2025-FI-SVC-103,8.4,Time management,Disable Time Regulation,carry-forward,no,present,disableTimeRegulation,present,disableTimeRegulation,present,disableTimeRegulation,Java=present; C++=present; FedPro=present,P1,partial,"FI service depth requires service-by-service implementation, callback, binding, FedPro, and vendor-route disposition."
HLA2025-FI-SVC-104,8.5,Time management,Enable Time Constrained,carry-forward,no,present,enableTimeConstrained,present,enableTimeConstrained,present,enableTimeConstrained,Java=present; C++=present; FedPro=present,P1,partial,"FI service depth requires service-by-service implementation, callback, binding, FedPro, and vendor-route disposition."
HLA2025-FI-SVC-105,8.6,Time management,Time Constrained Enabled †,carry-forward,yes,present,timeConstrainedEnabled,present,timeConstrainedEnabled,present,timeConstrainedEnabled,Java=present; C++=present; FedPro=present,P1,partial,"FI service depth requires service-by-service implementation, callback, binding, FedPro, and vendor-route disposition."
HLA2025-FI-SVC-106,8.7,Time management,Disable Time Constrained,carry-forward,no,present,disableTimeConstrained,present,disableTimeConstrained,present,disableTimeConstrained,Java=present; C++=present; FedPro=present,P1,partial,"FI service depth requires service-by-service implementation, callback, binding, FedPro, and vendor-route disposition."
HLA2025-FI-SVC-107,8.8,Time management,Time Advance Request,carry-forward,no,present,timeAdvanceRequest,present,timeAdvanceRequest,present,timeAdvanceRequest,Java=present; C++=present; FedPro=present,P1,partial,"FI service depth requires service-by-service implementation, callback, binding, FedPro, and vendor-route disposition."
HLA2025-FI-SVC-108,8.9,Time management,Time Advance Request Available,carry-forward,no,present,timeAdvanceRequestAvailable,present,timeAdvanceRequestAvailable,present,timeAdvanceRequestAvailable,Java=present; C++=present; FedPro=present,P1,partial,"FI service depth requires service-by-service implementation, callback, binding, FedPro, and vendor-route disposition."
HLA2025-FI-SVC-109,8.10,Time management,Next Message Request,carry-forward,no,present,nextMessageRequest,present,nextMessageRequest,present,nextMessageRequest,Java=present; C++=present; FedPro=present,P1,partial,"FI service depth requires service-by-service implementation, callback, binding, FedPro, and vendor-route disposition."
HLA2025-FI-SVC-110,8.11,Time management,Next Message Request Available,carry-forward,no,present,nextMessageRequestAvailable,present,nextMessageRequestAvailable,present,nextMessageRequestAvailable,Java=present; C++=present; FedPro=present,P1,partial,"FI service depth requires service-by-service implementation, callback, binding, FedPro, and vendor-route disposition."
HLA2025-FI-SVC-111,8.12,Time management,Flush Queue Request,carry-forward,no,present,flushQueueRequest,present,flushQueueRequest,present,flushQueueRequest,Java=present; C++=present; FedPro=present,P1,partial,"FI service depth requires service-by-service implementation, callback, binding, FedPro, and vendor-route disposition."
HLA2025-FI-SVC-112,8.13,Time management,Flush Queue Grant †,new,yes,present,flushQueueGrant,present,flushQueueGrant,present,flushQueueGrant,Java=present; C++=present; FedPro=present,P0,partial,"FI service depth requires service-by-service implementation, callback, binding, FedPro, and vendor-route disposition."
HLA2025-FI-SVC-113,8.14,Time management,Time Advance Grant †,carry-forward,yes,present,timeAdvanceGrant,present,timeAdvanceGrant,present,timeAdvanceGrant,Java=present; C++=present; FedPro=present,P1,partial,"FI service depth requires service-by-service implementation, callback, binding, FedPro, and vendor-route disposition."
HLA2025-FI-SVC-114,8.15,Time management,Enable Asynchronous Delivery,carry-forward,no,present,enableAsynchronousDelivery,present,enableAsynchronousDelivery,present,enableAsynchronousDelivery,Java=present; C++=present; FedPro=present,P1,partial,"FI service depth requires service-by-service implementation, callback, binding, FedPro, and vendor-route disposition."
HLA2025-FI-SVC-115,8.16,Time management,Disable Asynchronous Delivery,carry-forward,no,present,disableAsynchronousDelivery,present,disableAsynchronousDelivery,present,disableAsynchronousDelivery,Java=present; C++=present; FedPro=present,P1,partial,"FI service depth requires service-by-service implementation, callback, binding, FedPro, and vendor-route disposition."
HLA2025-FI-SVC-116,8.17,Time management,Query GALT,carry-forward,no,present,queryGALT,present,queryGALT,present,queryGALT,Java=present; C++=present; FedPro=present,P1,partial,"FI service depth requires service-by-service implementation, callback, binding, FedPro, and vendor-route disposition."
HLA2025-FI-SVC-117,8.18,Time management,Query Logical Time,carry-forward,no,present,queryLogicalTime,present,queryLogicalTime,present,queryLogicalTime,Java=present; C++=present; FedPro=present,P1,partial,"FI service depth requires service-by-service implementation, callback, binding, FedPro, and vendor-route disposition."
HLA2025-FI-SVC-118,8.19,Time management,Query LITS,carry-forward,no,present,queryLITS,present,queryLITS,present,queryLITS,Java=present; C++=present; FedPro=present,P1,partial,"FI service depth requires service-by-service implementation, callback, binding, FedPro, and vendor-route disposition."
HLA2025-FI-SVC-119,8.20,Time management,Modify Lookahead,carry-forward,no,present,modifyLookahead,present,modifyLookahead,present,modifyLookahead,Java=present; C++=present; FedPro=present,P1,partial,"FI service depth requires service-by-service implementation, callback, binding, FedPro, and vendor-route disposition."
HLA2025-FI-SVC-120,8.21,Time management,Query Lookahead,carry-forward,no,present,queryLookahead,present,queryLookahead,present,queryLookahead,Java=present; C++=present; FedPro=present,P1,partial,"FI service depth requires service-by-service implementation, callback, binding, FedPro, and vendor-route disposition."
HLA2025-FI-SVC-121,8.22,Time management,Retract,carry-forward,no,present,retract,present,retract,present,retract,Java=present; C++=present; FedPro=present,P1,partial,"FI service depth requires service-by-service implementation, callback, binding, FedPro, and vendor-route disposition."
HLA2025-FI-SVC-122,8.23,Time management,Request Retraction †,carry-forward,yes,present,requestRetraction,present,requestRetraction,present,requestRetraction,Java=present; C++=present; FedPro=present,P1,partial,"FI service depth requires service-by-service implementation, callback, binding, FedPro, and vendor-route disposition."
HLA2025-FI-SVC-123,8.24,Time management,Change Attribute Order Type,carry-forward,no,present,changeAttributeOrderType,present,changeAttributeOrderType,present,changeAttributeOrderType,Java=present; C++=present; FedPro=present,P1,partial,"FI service depth requires service-by-service implementation, callback, binding, FedPro, and vendor-route disposition."
HLA2025-FI-SVC-124,8.25,Time management,Change Default Attribute Order Type,modified,no,present,changeDefaultAttributeOrderType,present,changeDefaultAttributeOrderType,present,changeDefaultAttributeOrderType,Java=present; C++=present; FedPro=present,P0,partial,"FI service depth requires service-by-service implementation, callback, binding, FedPro, and vendor-route disposition."
HLA2025-FI-SVC-125,8.26,Time management,Change Interaction Order Type,carry-forward,no,present,changeInteractionOrderType,present,changeInteractionOrderType,present,changeInteractionOrderType,Java=present; C++=present; FedPro=present,P1,partial,"FI service depth requires service-by-service implementation, callback, binding, FedPro, and vendor-route disposition."
HLA2025-FI-SVC-126,9.2,Data distribution management,Create Region,carry-forward,no,present,createRegion,present,createRegion,present,createRegion,Java=present; C++=present; FedPro=present,P1,planned,"FI service depth requires service-by-service implementation, callback, binding, FedPro, and vendor-route disposition."
HLA2025-FI-SVC-127,9.3,Data distribution management,Commit Region Modifications,carry-forward,no,present,commitRegionModifications,present,commitRegionModifications,present,commitRegionModifications,Java=present; C++=present; FedPro=present,P1,planned,"FI service depth requires service-by-service implementation, callback, binding, FedPro, and vendor-route disposition."
HLA2025-FI-SVC-128,9.4,Data distribution management,Delete Region,carry-forward,no,present,deleteRegion,present,deleteRegion,present,deleteRegion,Java=present; C++=present; FedPro=present,P1,planned,"FI service depth requires service-by-service implementation, callback, binding, FedPro, and vendor-route disposition."
HLA2025-FI-SVC-129,9.5,Data distribution management,Register Object Instance With Regions,carry-forward,no,present,registerObjectInstanceWithRegions,present,registerObjectInstanceWithRegions,present,registerObjectInstanceWithRegions,Java=present; C++=present; FedPro=present,P1,planned,"FI service depth requires service-by-service implementation, callback, binding, FedPro, and vendor-route disposition."
HLA2025-FI-SVC-130,9.6,Data distribution management,Associate Regions For Updates,carry-forward,no,present,associateRegionsForUpdates,present,associateRegionsForUpdates,present,associateRegionsForUpdates,Java=present; C++=present; FedPro=present,P1,planned,"FI service depth requires service-by-service implementation, callback, binding, FedPro, and vendor-route disposition."
HLA2025-FI-SVC-131,9.7,Data distribution management,Unassociate Regions For Updates,carry-forward,no,present,unassociateRegionsForUpdates,present,unassociateRegionsForUpdates,present,unassociateRegionsForUpdates,Java=present; C++=present; FedPro=present,P1,planned,"FI service depth requires service-by-service implementation, callback, binding, FedPro, and vendor-route disposition."
HLA2025-FI-SVC-132,9.8,Data distribution management,Subscribe Object Class Attributes With Regions,carry-forward,no,present,subscribeObjectClassAttributesPassivelyWithRegions; subscribeObjectClassAttributesWithRegions,present,subscribeObjectClassAttributesWithRegions,present,subscribeObjectClassAttributesWithRegions,Java=present; C++=present; FedPro=present,P1,planned,"FI service depth requires service-by-service implementation, callback, binding, FedPro, and vendor-route disposition."
HLA2025-FI-SVC-133,9.9,Data distribution management,Unsubscribe Object Class Attributes With Regions,carry-forward,no,present,unsubscribeObjectClassAttributesWithRegions,present,unsubscribeObjectClassAttributesWithRegions,present,unsubscribeObjectClassAttributesWithRegions,Java=present; C++=present; FedPro=present,P1,planned,"FI service depth requires service-by-service implementation, callback, binding, FedPro, and vendor-route disposition."
HLA2025-FI-SVC-134,9.10,Data distribution management,Subscribe Interaction Class With Regions,carry-forward,no,present,subscribeInteractionClassPassivelyWithRegions; subscribeInteractionClassWithRegions,present,subscribeInteractionClassWithRegions,present,subscribeInteractionClassWithRegions,Java=present; C++=present; FedPro=present,P1,planned,"FI service depth requires service-by-service implementation, callback, binding, FedPro, and vendor-route disposition."
HLA2025-FI-SVC-135,9.11,Data distribution management,Unsubscribe Interaction Class With Regions,carry-forward,no,present,unsubscribeInteractionClassWithRegions,present,unsubscribeInteractionClassWithRegions,present,unsubscribeInteractionClassWithRegions,Java=present; C++=present; FedPro=present,P1,planned,"FI service depth requires service-by-service implementation, callback, binding, FedPro, and vendor-route disposition."
HLA2025-FI-SVC-136,9.12,Data distribution management,Send Interaction With Regions,carry-forward,no,present,sendInteractionWithRegions,present,sendInteractionWithRegions,present,sendInteractionWithRegions,Java=present; C++=present; FedPro=present,P1,planned,"FI service depth requires service-by-service implementation, callback, binding, FedPro, and vendor-route disposition."
HLA2025-FI-SVC-137,9.13,Data distribution management,Request Attribute Value Update With Regions,carry-forward,no,present,requestAttributeValueUpdateWithRegions,present,requestAttributeValueUpdateWithRegions,present,requestAttributeValueUpdateWithRegions,Java=present; C++=present; FedPro=present,P1,planned,"FI service depth requires service-by-service implementation, callback, binding, FedPro, and vendor-route disposition."
HLA2025-FI-SVC-138,10.2,Support services,Get Federate Handle,carry-forward,no,present,getFederateHandle,present,getFederateHandle,present,getFederateHandle,Java=present; C++=present; FedPro=present,P1,partial,"FI service depth requires service-by-service implementation, callback, binding, FedPro, and vendor-route disposition."
HLA2025-FI-SVC-139,10.3,Support services,Get Federate Name,carry-forward,no,present,getFederateName,present,getFederateName,present,getFederateName,Java=present; C++=present; FedPro=present,P1,partial,"FI service depth requires service-by-service implementation, callback, binding, FedPro, and vendor-route disposition."
HLA2025-FI-SVC-140,10.4,Support services,Get Object Class Handle,carry-forward,no,present,getObjectClassHandle,present,getObjectClassHandle,present,getObjectClassHandle,Java=present; C++=present; FedPro=present,P1,partial,"FI service depth requires service-by-service implementation, callback, binding, FedPro, and vendor-route disposition."
HLA2025-FI-SVC-141,10.5,Support services,Get Object Class Name,carry-forward,no,present,getObjectClassName,present,getObjectClassName,present,getObjectClassName,Java=present; C++=present; FedPro=present,P1,partial,"FI service depth requires service-by-service implementation, callback, binding, FedPro, and vendor-route disposition."
HLA2025-FI-SVC-142,10.6,Support services,Get Known Object Class Handle,carry-forward,no,present,getKnownObjectClassHandle,present,getKnownObjectClassHandle,present,getKnownObjectClassHandle,Java=present; C++=present; FedPro=present,P1,partial,"FI service depth requires service-by-service implementation, callback, binding, FedPro, and vendor-route disposition."
HLA2025-FI-SVC-143,10.7,Support services,Get Object Instance Handle,carry-forward,no,present,getObjectInstanceHandle,present,getObjectInstanceHandle,present,getObjectInstanceHandle,Java=present; C++=present; FedPro=present,P1,partial,"FI service depth requires service-by-service implementation, callback, binding, FedPro, and vendor-route disposition."
HLA2025-FI-SVC-144,10.8,Support services,Get Object Instance Name,carry-forward,no,present,getObjectInstanceName,present,getObjectInstanceName,present,getObjectInstanceName,Java=present; C++=present; FedPro=present,P1,partial,"FI service depth requires service-by-service implementation, callback, binding, FedPro, and vendor-route disposition."
HLA2025-FI-SVC-145,10.9,Support services,Get Attribute Handle,carry-forward,no,present,getAttributeHandle,present,getAttributeHandle,present,getAttributeHandle,Java=present; C++=present; FedPro=present,P1,partial,"FI service depth requires service-by-service implementation, callback, binding, FedPro, and vendor-route disposition."
HLA2025-FI-SVC-146,10.10,Support services,Get Attribute Name,carry-forward,no,present,getAttributeName,present,getAttributeName,present,getAttributeName,Java=present; C++=present; FedPro=present,P1,partial,"FI service depth requires service-by-service implementation, callback, binding, FedPro, and vendor-route disposition."
HLA2025-FI-SVC-147,10.11,Support services,Get Update Rate Value,carry-forward,no,present,getUpdateRateValue,present,getUpdateRateValue,present,getUpdateRateValue,Java=present; C++=present; FedPro=present,P1,planned,"FI service depth requires service-by-service implementation, callback, binding, FedPro, and vendor-route disposition."
HLA2025-FI-SVC-148,10.12,Support services,Get Update Rate Value For Attribute,carry-forward,no,present,getUpdateRateValueForAttribute,present,getUpdateRateValueForAttribute,present,getUpdateRateValueForAttribute,Java=present; C++=present; FedPro=present,P1,planned,"FI service depth requires service-by-service implementation, callback, binding, FedPro, and vendor-route disposition."
HLA2025-FI-SVC-149,10.13,Support services,Get Interaction Class Handle,carry-forward,no,present,getInteractionClassHandle,present,getInteractionClassHandle,present,getInteractionClassHandle,Java=present; C++=present; FedPro=present,P1,partial,"FI service depth requires service-by-service implementation, callback, binding, FedPro, and vendor-route disposition."
HLA2025-FI-SVC-150,10.14,Support services,Get Interaction Class Name,carry-forward,no,present,getInteractionClassName,present,getInteractionClassName,present,getInteractionClassName,Java=present; C++=present; FedPro=present,P1,partial,"FI service depth requires service-by-service implementation, callback, binding, FedPro, and vendor-route disposition."
HLA2025-FI-SVC-151,10.15,Support services,Get Parameter Handle,carry-forward,no,present,getParameterHandle,present,getParameterHandle,present,getParameterHandle,Java=present; C++=present; FedPro=present,P1,partial,"FI service depth requires service-by-service implementation, callback, binding, FedPro, and vendor-route disposition."
HLA2025-FI-SVC-152,10.16,Support services,Get Parameter Name,carry-forward,no,present,getParameterName,present,getParameterName,present,getParameterName,Java=present; C++=present; FedPro=present,P1,partial,"FI service depth requires service-by-service implementation, callback, binding, FedPro, and vendor-route disposition."
HLA2025-FI-SVC-153,10.17,Support services,Get Order Type,carry-forward,no,present,getOrderType,present,getOrderType,present,getOrderType,Java=present; C++=present; FedPro=present,P1,partial,"FI service depth requires service-by-service implementation, callback, binding, FedPro, and vendor-route disposition."
HLA2025-FI-SVC-154,10.18,Support services,Get Order Name,carry-forward,no,present,getOrderName,present,getOrderName,present,getOrderName,Java=present; C++=present; FedPro=present,P1,partial,"FI service depth requires service-by-service implementation, callback, binding, FedPro, and vendor-route disposition."
HLA2025-FI-SVC-155,10.19,Support services,Get Transportation Type Handle,carry-forward,no,present,getTransportationTypeHandle,present,getTransportationTypeHandle,present,getTransportationTypeHandle,Java=present; C++=present; FedPro=present,P1,partial,"FI service depth requires service-by-service implementation, callback, binding, FedPro, and vendor-route disposition."
HLA2025-FI-SVC-156,10.20,Support services,Get Transportation Type Name,carry-forward,no,present,getTransportationTypeName,present,getTransportationTypeName,present,getTransportationTypeName,Java=present; C++=present; FedPro=present,P1,partial,"FI service depth requires service-by-service implementation, callback, binding, FedPro, and vendor-route disposition."
HLA2025-FI-SVC-157,10.21,Support services,Get Available Dimensions For Object Class,modified,no,present,getAvailableDimensionsForObjectClass,present,getAvailableDimensionsForObjectClass,present,getAvailableDimensionsForObjectClass,Java=present; C++=present; FedPro=present,P0,planned,"FI service depth requires service-by-service implementation, callback, binding, FedPro, and vendor-route disposition."
HLA2025-FI-SVC-158,10.22,Support services,Get Available Dimensions For Interaction Class,carry-forward,no,present,getAvailableDimensionsForInteractionClass,present,getAvailableDimensionsForInteractionClass,present,getAvailableDimensionsForInteractionClass,Java=present; C++=present; FedPro=present,P1,planned,"FI service depth requires service-by-service implementation, callback, binding, FedPro, and vendor-route disposition."
HLA2025-FI-SVC-159,10.23,Support services,Get Dimension Handle,carry-forward,no,present,getDimensionHandle,present,getDimensionHandle,present,getDimensionHandle,Java=present; C++=present; FedPro=present,P1,partial,"FI service depth requires service-by-service implementation, callback, binding, FedPro, and vendor-route disposition."
HLA2025-FI-SVC-160,10.24,Support services,Get Dimension Name,carry-forward,no,present,getDimensionName,present,getDimensionName,present,getDimensionName,Java=present; C++=present; FedPro=present,P1,partial,"FI service depth requires service-by-service implementation, callback, binding, FedPro, and vendor-route disposition."
HLA2025-FI-SVC-161,10.25,Support services,Get Dimension Upper Bound,carry-forward,no,present,getDimensionUpperBound,present,getDimensionUpperBound,present,getDimensionUpperBound,Java=present; C++=present; FedPro=present,P1,planned,"FI service depth requires service-by-service implementation, callback, binding, FedPro, and vendor-route disposition."
HLA2025-FI-SVC-162,10.26,Support services,Get Dimension Handle Set,carry-forward,no,present,getDimensionHandleSet,present,getDimensionHandleSet,present,getDimensionHandleSet,Java=present; C++=present; FedPro=present,P1,partial,"FI service depth requires service-by-service implementation, callback, binding, FedPro, and vendor-route disposition."
HLA2025-FI-SVC-163,10.27,Support services,Get Range Bounds,carry-forward,no,present,getRangeBounds,present,getRangeBounds,present,getRangeBounds,Java=present; C++=present; FedPro=present,P1,planned,"FI service depth requires service-by-service implementation, callback, binding, FedPro, and vendor-route disposition."
HLA2025-FI-SVC-164,10.28,Support services,Set Range Bounds,carry-forward,no,present,setRangeBounds,present,setRangeBounds,present,setRangeBounds,Java=present; C++=present; FedPro=present,P1,planned,"FI service depth requires service-by-service implementation, callback, binding, FedPro, and vendor-route disposition."
HLA2025-FI-SVC-165,10.29,Support services,Normalize  Group,carry-forward,no,present,normalizeServiceGroup,present,normalizeServiceGroup,present,normalizeServiceGroup,Java=present; C++=present; FedPro=present,P1,partial,"FI service depth requires service-by-service implementation, callback, binding, FedPro, and vendor-route disposition."
HLA2025-FI-SVC-166,10.30,Support services,Normalize Federate Handle,carry-forward,no,present,normalizeFederateHandle,present,normalizeFederateHandle,present,normalizeFederateHandle,Java=present; C++=present; FedPro=present,P1,partial,"FI service depth requires service-by-service implementation, callback, binding, FedPro, and vendor-route disposition."
HLA2025-FI-SVC-167,10.31,Support services,Normalize Object Class Handle,new,no,present,normalizeObjectClassHandle,present,normalizeObjectClassHandle,present,normalizeObjectClassHandle,Java=present; C++=present; FedPro=present,P0,partial,"FI service depth requires service-by-service implementation, callback, binding, FedPro, and vendor-route disposition."
HLA2025-FI-SVC-168,10.32,Support services,Normalize Interaction Class Handle,new,no,present,normalizeInteractionClassHandle,present,normalizeInteractionClassHandle,present,normalizeInteractionClassHandle,Java=present; C++=present; FedPro=present,P0,partial,"FI service depth requires service-by-service implementation, callback, binding, FedPro, and vendor-route disposition."
HLA2025-FI-SVC-169,10.33,Support services,Normalize Object Instance Handle,new,no,present,normalizeObjectInstanceHandle,present,normalizeObjectInstanceHandle,present,normalizeObjectInstanceHandle,Java=present; C++=present; FedPro=present,P0,partial,"FI service depth requires service-by-service implementation, callback, binding, FedPro, and vendor-route disposition."
HLA2025-FI-SVC-170,10.34,Support services,Get Object Class Relevance Advisory Switch,modified,no,present,getObjectClassRelevanceAdvisorySwitch,present,getObjectClassRelevanceAdvisorySwitch,present,getObjectClassRelevanceAdvisorySwitch,Java=present; C++=present; FedPro=present,P0,partial,"FI service depth requires service-by-service implementation, callback, binding, FedPro, and vendor-route disposition."
HLA2025-FI-SVC-171,10.35,Support services,Set Object Class Relevance Advisory Switch,modified,no,present,setObjectClassRelevanceAdvisorySwitch,present,setObjectClassRelevanceAdvisorySwitch,present,setObjectClassRelevanceAdvisorySwitch,Java=present; C++=present; FedPro=present,P0,partial,"FI service depth requires service-by-service implementation, callback, binding, FedPro, and vendor-route disposition."
HLA2025-FI-SVC-172,10.36,Support services,Get Attribute Relevance Advisory Switch,modified,no,present,getAttributeRelevanceAdvisorySwitch,present,getAttributeRelevanceAdvisorySwitch,present,getAttributeRelevanceAdvisorySwitch,Java=present; C++=present; FedPro=present,P0,partial,"FI service depth requires service-by-service implementation, callback, binding, FedPro, and vendor-route disposition."
HLA2025-FI-SVC-173,10.37,Support services,Set Attribute Relevance Advisory Switch,modified,no,present,setAttributeRelevanceAdvisorySwitch,present,setAttributeRelevanceAdvisorySwitch,present,setAttributeRelevanceAdvisorySwitch,Java=present; C++=present; FedPro=present,P0,partial,"FI service depth requires service-by-service implementation, callback, binding, FedPro, and vendor-route disposition."
HLA2025-FI-SVC-174,10.38,Support services,Get Attribute Scope Advisory Switch,modified,no,present,getAttributeScopeAdvisorySwitch,present,getAttributeScopeAdvisorySwitch,present,getAttributeScopeAdvisorySwitch,Java=present; C++=present; FedPro=present,P0,partial,"FI service depth requires service-by-service implementation, callback, binding, FedPro, and vendor-route disposition."
HLA2025-FI-SVC-175,10.39,Support services,Set Attribute Scope Advisory Switch,modified,no,present,setAttributeScopeAdvisorySwitch,present,setAttributeScopeAdvisorySwitch,present,setAttributeScopeAdvisorySwitch,Java=present; C++=present; FedPro=present,P0,partial,"FI service depth requires service-by-service implementation, callback, binding, FedPro, and vendor-route disposition."
HLA2025-FI-SVC-176,10.40,Support services,Get Interaction Relevance Advisory Switch,modified,no,present,getInteractionRelevanceAdvisorySwitch,present,getInteractionRelevanceAdvisorySwitch,present,getInteractionRelevanceAdvisorySwitch,Java=present; C++=present; FedPro=present,P0,partial,"FI service depth requires service-by-service implementation, callback, binding, FedPro, and vendor-route disposition."
HLA2025-FI-SVC-177,10.41,Support services,Set Interaction Relevance Advisory Switch,modified,no,present,setInteractionRelevanceAdvisorySwitch,present,setInteractionRelevanceAdvisorySwitch,present,setInteractionRelevanceAdvisorySwitch,Java=present; C++=present; FedPro=present,P0,partial,"FI service depth requires service-by-service implementation, callback, binding, FedPro, and vendor-route disposition."
HLA2025-FI-SVC-178,10.42,Support services,Get Convey Region Designator Sets Switch,modified,no,present,getConveyRegionDesignatorSetsSwitch,present,getConveyRegionDesignatorSetsSwitch,present,getConveyRegionDesignatorSetsSwitch,Java=present; C++=present; FedPro=present,P0,partial,"FI service depth requires service-by-service implementation, callback, binding, FedPro, and vendor-route disposition."
HLA2025-FI-SVC-179,10.43,Support services,Set Convey Region Designator Sets Switch,modified,no,present,setConveyRegionDesignatorSetsSwitch,present,setConveyRegionDesignatorSetsSwitch,present,setConveyRegionDesignatorSetsSwitch,Java=present; C++=present; FedPro=present,P0,partial,"FI service depth requires service-by-service implementation, callback, binding, FedPro, and vendor-route disposition."
HLA2025-FI-SVC-180,10.44,Support services,Get Automatic Resign Directive,modified,no,present,getAutomaticResignDirective,present,getAutomaticResignDirective,present,getAutomaticResignDirective,Java=present; C++=present; FedPro=present,P0,partial,"FI service depth requires service-by-service implementation, callback, binding, FedPro, and vendor-route disposition."
HLA2025-FI-SVC-181,10.45,Support services,Set Automatic Resign Directive,modified,no,present,setAutomaticResignDirective,present,setAutomaticResignDirective,present,setAutomaticResignDirective,Java=present; C++=present; FedPro=present,P0,partial,"FI service depth requires service-by-service implementation, callback, binding, FedPro, and vendor-route disposition."
HLA2025-FI-SVC-182,10.46,Support services,Get  Reporting Switch,new,no,present,getServiceReportingSwitch,present,getServiceReportingSwitch,present,getServiceReportingSwitch,Java=present; C++=present; FedPro=present,P0,partial,"FI service depth requires service-by-service implementation, callback, binding, FedPro, and vendor-route disposition."
HLA2025-FI-SVC-183,10.47,Support services,Set  Reporting Switch,new,no,present,setServiceReportingSwitch,present,setServiceReportingSwitch,present,setServiceReportingSwitch,Java=present; C++=present; FedPro=present,P0,partial,"FI service depth requires service-by-service implementation, callback, binding, FedPro, and vendor-route disposition."
HLA2025-FI-SVC-184,10.48,Support services,Get Exception Reporting Switch,new,no,present,getExceptionReportingSwitch,present,getExceptionReportingSwitch,present,getExceptionReportingSwitch,Java=present; C++=present; FedPro=present,P0,partial,"FI service depth requires service-by-service implementation, callback, binding, FedPro, and vendor-route disposition."
HLA2025-FI-SVC-185,10.49,Support services,Set Exception Reporting Switch,new,no,present,setExceptionReportingSwitch,present,setExceptionReportingSwitch,present,setExceptionReportingSwitch,Java=present; C++=present; FedPro=present,P0,partial,"FI service depth requires service-by-service implementation, callback, binding, FedPro, and vendor-route disposition."
HLA2025-FI-SVC-186,10.50,Support services,Get Send  Reports To File Switch,new,no,present,getSendServiceReportsToFileSwitch,present,getSendServiceReportsToFileSwitch,present,getSendServiceReportsToFileSwitch,Java=present; C++=present; FedPro=present,P0,partial,"FI service depth requires service-by-service implementation, callback, binding, FedPro, and vendor-route disposition."
HLA2025-FI-SVC-187,10.51,Support services,Set Send  Reports To File Switch,new,no,present,setSendServiceReportsToFileSwitch,present,setSendServiceReportsToFileSwitch,present,setSendServiceReportsToFileSwitch,Java=present; C++=present; FedPro=present,P0,partial,"FI service depth requires service-by-service implementation, callback, binding, FedPro, and vendor-route disposition."
HLA2025-FI-SVC-188,10.52,Support services,Get Auto Provide Switch,new,no,present,getAutoProvideSwitch,present,getAutoProvideSwitch,present,getAutoProvideSwitch,Java=present; C++=present; FedPro=present,P0,partial,"FI service depth requires service-by-service implementation, callback, binding, FedPro, and vendor-route disposition."
HLA2025-FI-SVC-189,10.53,Support services,Get Delay Subscription Evaluation Switch,new,no,present,getDelaySubscriptionEvaluationSwitch,present,getDelaySubscriptionEvaluationSwitch,present,getDelaySubscriptionEvaluationSwitch,Java=present; C++=present; FedPro=present,P0,partial,"FI service depth requires service-by-service implementation, callback, binding, FedPro, and vendor-route disposition."
HLA2025-FI-SVC-190,10.54,Support services,Get Advisories Use Known Class Switch,new,no,present,getAdvisoriesUseKnownClassSwitch,present,getAdvisoriesUseKnownClassSwitch,present,getAdvisoriesUseKnownClassSwitch,Java=present; C++=present; FedPro=present,P0,partial,"FI service depth requires service-by-service implementation, callback, binding, FedPro, and vendor-route disposition."
HLA2025-FI-SVC-191,10.55,Support services,Get Allow Relaxed DDM Switch,new,no,present,getAllowRelaxedDDMSwitch,present,getAllowRelaxedDDMSwitch,present,getAllowRelaxedDDMSwitch,Java=present; C++=present; FedPro=present,P0,partial,"FI service depth requires service-by-service implementation, callback, binding, FedPro, and vendor-route disposition."
HLA2025-FI-SVC-192,10.56,Support services,Get Non Regulated Grant Switch,new,no,present,getNonRegulatedGrantSwitch,present,getNonRegulatedGrantSwitch,present,getNonRegulatedGrantSwitch,Java=present; C++=present; FedPro=present,P0,partial,"FI service depth requires service-by-service implementation, callback, binding, FedPro, and vendor-route disposition."
HLA2025-FI-SVC-193,10.57,Support services,Evoke Callback,carry-forward,no,present,evokeCallback,present,evokeCallback,not-present-route-boundary-callback-pump-control,,Java=present; C++=present; FedPro=not-present-route-boundary-callback-pump-control,P0,planned,"FI service depth requires service-by-service implementation, callback, binding, FedPro, and vendor-route disposition."
HLA2025-FI-SVC-194,10.58,Support services,Evoke Multiple Callbacks,carry-forward,no,present,evokeMultipleCallbacks,present,evokeMultipleCallbacks,not-present-route-boundary-callback-pump-control,,Java=present; C++=present; FedPro=not-present-route-boundary-callback-pump-control,P0,planned,"FI service depth requires service-by-service implementation, callback, binding, FedPro, and vendor-route disposition."
HLA2025-FI-SVC-195,10.59,Support services,Enable Callbacks,carry-forward,no,present,enableCallbacks,present,enableCallbacks,not-present-route-boundary-callback-pump-control,,Java=present; C++=present; FedPro=not-present-route-boundary-callback-pump-control,P0,planned,"FI service depth requires service-by-service implementation, callback, binding, FedPro, and vendor-route disposition."
HLA2025-FI-SVC-196,10.60,Support services,Disable Callbacks,carry-forward,no,present,disableCallbacks,present,disableCallbacks,not-present-route-boundary-callback-pump-control,,Java=present; C++=present; FedPro=not-present-route-boundary-callback-pump-control,P0,planned,"FI service depth requires service-by-service implementation, callback, binding, FedPro, and vendor-route disposition."
