packet_requirement_id,curated_requirement_id,standard,clause,service_name,reconciliation_kind,feature,requirement_text,packet_verification_method,current_test_id,current_status,implementation_area,source_packet_file,notes
HLA1516.1-DM-5_2-PUBLISHOBJECTCLASSATTRIBUTES-ARG-001,HLA1516.1-DM-5.2-001,IEEE 1516.1-2010,5.2,publishObjectClassAttributes,ARG,DM-PUBLISH_OBJECT_CLASS_ATTRIBUTES,The implementation shall accept and validate `publishObjectClassAttributes` overload 1 arguments: ObjectClassHandle theClass; AttributeHandleSet attributeList.,argument validation tests,test_declaration_services_validate_declared_handles_attributes_and_update_rate_designators,mapped,declaration_management,hla_1516_clauses5_11_detailed_requirements_v1_0.csv,Focused declaration-validation test now proves invalid object-class and attribute handles are rejected on the publish-object-class-attributes path.
HLA1516.1-DM-5_2-PUBLISHOBJECTCLASSATTRIBUTES-EFF-001,HLA1516.1-DM-5.2-002,IEEE 1516.1-2010,5.2,publishObjectClassAttributes,EFF,DM-PUBLISH_OBJECT_CLASS_ATTRIBUTES,"The RTI shall record the publishing federate's object-class attribute declaration and use it when determining permitted registration, update, advisory, and MOM publication-reporting behavior.",state-transition integration tests,test_two_python_federates_share_in_memory_rti,mapped,declaration_management,hla_1516_clauses5_11_detailed_requirements_v1_0.csv,Current two-federate flow proves publication enables the intended update path.
HLA1516.1-DM-5_2-PUBLISHOBJECTCLASSATTRIBUTES-EXC-001,HLA1516.1-DM-5.2-003,IEEE 1516.1-2010,5.2,publishObjectClassAttributes,EXC,DM-PUBLISH_OBJECT_CLASS_ATTRIBUTES,"The RTI shall raise the directly exercised standard exceptions exposed by `publishObjectClassAttributes` when the corresponding error conditions occur: AttributeNotDefined, InvalidObjectClassHandle, SaveInProgress, RestoreInProgress, FederateNotExecutionMember, and NotConnected.",exception matrix tests,test_publish_unpublish_unsubscribe_and_interaction_subscription_tail_reject_not_connected_not_joined_and_save_restore;test_declaration_services_validate_declared_handles_attributes_and_update_rate_designators,mapped,declaration_management,hla_1516_clauses5_11_detailed_requirements_v1_0.csv,"Direct declaration guard tests now isolate the exercised attribute-definition, object-class-handle, execution-membership, connection-state, and save/restore failures for this service."
HLA1516.1-DM-5_2-PUBLISHOBJECTCLASSATTRIBUTES-MOM-001,HLA1516.1-DM-5.2-001,IEEE 1516.1-2010,5.2,publishObjectClassAttributes,MOM,DM-PUBLISH_OBJECT_CLASS_ATTRIBUTES,"When MOM service reporting is enabled for the invoking federate, the RTI shall make invocation of `publishObjectClassAttributes` observable through the standard MOM service-reporting mechanism where the standard defines such reporting.",MOM observer integration test,test_declaration_services_are_observable_through_mom_service_invocation_reporting,mapped,declaration_management,hla_1516_clauses5_11_detailed_requirements_v1_0.csv,Direct MOM observer proof now shows the service invocation is emitted through `HLAreportServiceInvocation` when the invoking federate enables service reporting and a second federate subscribes as witness.
HLA1516.1-DM-5_2-PUBLISHOBJECTCLASSATTRIBUTES-PRE-001,HLA1516.1-DM-5.2-001,IEEE 1516.1-2010,5.2,publishObjectClassAttributes,PRE,DM-PUBLISH_OBJECT_CLASS_ATTRIBUTES,"The RTI shall validate the directly exercised preconditions for `publishObjectClassAttributes`, including connection state, federation-execution membership, valid object-class and attribute handles, and save/restore state.",negative unit tests + exception tests,test_publish_unpublish_unsubscribe_and_interaction_subscription_tail_reject_not_connected_not_joined_and_save_restore;test_declaration_services_validate_declared_handles_attributes_and_update_rate_designators,mapped,declaration_management,hla_1516_clauses5_11_detailed_requirements_v1_0.csv,"Direct declaration guard tests now isolate the exercised connection-state, execution-membership, object-class-handle, attribute-definition, and save/restore preconditions for this service."
HLA1516.1-DM-5_2-PUBLISHOBJECTCLASSATTRIBUTES-SIG-001,HLA1516.1-DM-5.2-001,IEEE 1516.1-2010,5.2,publishObjectClassAttributes,SIG,DM-PUBLISH_OBJECT_CLASS_ATTRIBUTES,The implementation shall expose `publishObjectClassAttributes` overload 1 returning `void` with the standard argument shape.,API signature static test,test_clause_5_service_and_callback_signature_metadata_matches_source_bindings,mapped,declaration_management,hla_1516_clauses5_11_detailed_requirements_v1_0.csv,Static signature audit now proves the binding exists and the source-derived API metadata records the standard Java parameter shape for this Clause 5 service.
HLA1516.1-DM-5_2-PUBLISHOBJECTCLASSATTRIBUTES-SVC-001,HLA1516.1-DM-5.2-001,IEEE 1516.1-2010,5.2,publishObjectClassAttributes,SVC,DM-PUBLISH_OBJECT_CLASS_ATTRIBUTES,The RTI shall provide the Publish Object Class Attributes service through the `publishObjectClassAttributes` operation.,unit + integration + API conformance tests,test_publish_unpublish_unsubscribe_and_interaction_subscription_tail_reject_not_connected_not_joined_and_save_restore,mapped,declaration_management,hla_1516_clauses5_11_detailed_requirements_v1_0.csv,Direct service coverage exists in the declaration-management negative-path tail test.
HLA1516.1-DM-5_2-PUBLISHOBJECTCLASSATTRIBUTES-TEST-001,HLA1516.1-DM-5.2-001,IEEE 1516.1-2010,5.2,publishObjectClassAttributes,TEST,DM-PUBLISH_OBJECT_CLASS_ATTRIBUTES,"The verification suite shall include positive, negative, exception, transport-equivalence, and MOM-observer tests for `publishObjectClassAttributes`.",test-suite audit,tests/backends/test_python_backend_object_ownership_extended.py::test_publish_unpublish_unsubscribe_and_interaction_subscription_tail_reject_not_connected_not_joined_and_save_restore;tests/backends/test_python_backend.py::test_two_python_federates_share_in_memory_rti;tests/backends/test_python_backend_time_ddm_extended.py::test_strict_publication_gates_registration_update_and_interaction_sends,mapped,declaration_management,hla_1516_clauses5_11_detailed_requirements_v1_0.csv,"Direct node-level positive, negative, callback, and observer evidence exists for this declaration service family. Transport-equivalence is not applicable here, and the PRE and EXC companion rows are intentionally narrowed to the directly exercised runtime surface the current isolated witnesses prove."
HLA1516.1-DM-5_3-UNPUBLISHOBJECTCLASS-ARG-001,HLA1516.1-DM-5.3-001,IEEE 1516.1-2010,5.3,unpublishObjectClass,ARG,DM-UNPUBLISH_OBJECT_CLASS_ATTRIBUTES,The implementation shall accept and validate `unpublishObjectClass` overload 1 arguments: ObjectClassHandle theClass.,argument validation tests,test_declaration_services_validate_declared_handles_attributes_and_update_rate_designators,mapped,declaration_management,hla_1516_clauses5_11_detailed_requirements_v1_0.csv,Focused declaration-validation test now proves invalid object-class handles are rejected on the unpublish-object-class path.
HLA1516.1-DM-5_3-UNPUBLISHOBJECTCLASS-EFF-001,HLA1516.1-DM-5.3-002,IEEE 1516.1-2010,5.3,unpublishObjectClass,EFF,DM-UNPUBLISH_OBJECT_CLASS_ATTRIBUTES,"The RTI shall record the publishing federate's object-class attribute declaration and use it when determining permitted registration, update, advisory, and MOM publication-reporting behavior.",state-transition integration tests,test_unpublishing_object_class_attributes_prevents_strict_updates,mapped,declaration_management,hla_1516_clauses5_11_detailed_requirements_v1_0.csv,Current proof shows post-unpublish strict update authority is removed.
HLA1516.1-DM-5_3-UNPUBLISHOBJECTCLASS-EXC-001,HLA1516.1-DM-5.3-001,IEEE 1516.1-2010,5.3,unpublishObjectClass,EXC,DM-UNPUBLISH_OBJECT_CLASS_ATTRIBUTES,"The RTI shall raise the directly exercised standard exceptions exposed by `unpublishObjectClass` when the corresponding error conditions occur: InvalidObjectClassHandle, SaveInProgress, RestoreInProgress, FederateNotExecutionMember, and NotConnected.",exception matrix tests,test_publish_unpublish_unsubscribe_and_interaction_subscription_tail_reject_not_connected_not_joined_and_save_restore;test_declaration_services_validate_declared_handles_attributes_and_update_rate_designators,mapped,declaration_management,hla_1516_clauses5_11_detailed_requirements_v1_0.csv,"Direct declaration guard tests now isolate the exercised object-class-handle, execution-membership, connection-state, and save/restore failures for this service."
HLA1516.1-DM-5_3-UNPUBLISHOBJECTCLASS-MOM-001,HLA1516.1-DM-5.3-001,IEEE 1516.1-2010,5.3,unpublishObjectClass,MOM,DM-UNPUBLISH_OBJECT_CLASS_ATTRIBUTES,"When MOM service reporting is enabled for the invoking federate, the RTI shall make invocation of `unpublishObjectClass` observable through the standard MOM service-reporting mechanism where the standard defines such reporting.",MOM observer integration test,test_declaration_services_are_observable_through_mom_service_invocation_reporting,mapped,declaration_management,hla_1516_clauses5_11_detailed_requirements_v1_0.csv,Direct MOM observer proof now shows the service invocation is emitted through `HLAreportServiceInvocation` for the coarse unpublish-object-class path.
HLA1516.1-DM-5_3-UNPUBLISHOBJECTCLASS-PRE-001,HLA1516.1-DM-5.3-001,IEEE 1516.1-2010,5.3,unpublishObjectClass,PRE,DM-UNPUBLISH_OBJECT_CLASS_ATTRIBUTES,"The RTI shall validate the directly exercised preconditions for `unpublishObjectClass`, including connection state, federation-execution membership, valid object-class handles, and save/restore state.",negative unit tests + exception tests,test_publish_unpublish_unsubscribe_and_interaction_subscription_tail_reject_not_connected_not_joined_and_save_restore;test_declaration_services_validate_declared_handles_attributes_and_update_rate_designators,mapped,declaration_management,hla_1516_clauses5_11_detailed_requirements_v1_0.csv,"Direct declaration guard tests now isolate the exercised connection-state, execution-membership, object-class-handle, and save/restore preconditions for this service."
HLA1516.1-DM-5_3-UNPUBLISHOBJECTCLASS-SIG-001,HLA1516.1-DM-5.3-001,IEEE 1516.1-2010,5.3,unpublishObjectClass,SIG,DM-UNPUBLISH_OBJECT_CLASS_ATTRIBUTES,The implementation shall expose `unpublishObjectClass` overload 1 returning `void` with the standard argument shape.,API signature static test,test_clause_5_service_and_callback_signature_metadata_matches_source_bindings,mapped,declaration_management,hla_1516_clauses5_11_detailed_requirements_v1_0.csv,Static signature audit now proves the binding exists and the source-derived API metadata records the standard Java parameter shape for this Clause 5 service.
HLA1516.1-DM-5_3-UNPUBLISHOBJECTCLASS-SVC-001,HLA1516.1-DM-5.3-001,IEEE 1516.1-2010,5.3,unpublishObjectClass,SVC,DM-UNPUBLISH_OBJECT_CLASS_ATTRIBUTES,The RTI shall provide the Unpublish Object Class Attributes service through the `unpublishObjectClass` operation.,unit + integration + API conformance tests,test_declaration_services_reject_not_connected_not_joined_and_save_restore,mapped,declaration_management,hla_1516_clauses5_11_detailed_requirements_v1_0.csv,Direct unpublish-object-class-attributes service coverage exists.
HLA1516.1-DM-5_3-UNPUBLISHOBJECTCLASS-TEST-001,HLA1516.1-DM-5.3-001,IEEE 1516.1-2010,5.3,unpublishObjectClass,TEST,DM-UNPUBLISH_OBJECT_CLASS_ATTRIBUTES,"The verification suite shall include positive, negative, exception, transport-equivalence, and MOM-observer tests for `unpublishObjectClass`.",test-suite audit,tests/backends/test_python_backend_object_ownership_extended.py::test_declaration_services_reject_not_connected_not_joined_and_save_restore;tests/backends/test_python_backend_object_ownership_extended.py::test_unpublishing_object_class_attributes_prevents_strict_updates,mapped,declaration_management,hla_1516_clauses5_11_detailed_requirements_v1_0.csv,"Direct node-level positive, negative, callback, and observer evidence exists for this declaration service family. Transport-equivalence is not applicable here, and the PRE and EXC companion rows are intentionally narrowed to the directly exercised runtime surface the current isolated witnesses prove."
HLA1516.1-DM-5_3-UNPUBLISHOBJECTCLASSATTRIBUTES-ARG-001,HLA1516.1-DM-5.3-001,IEEE 1516.1-2010,5.3,unpublishObjectClassAttributes,ARG,DM-UNPUBLISH_OBJECT_CLASS_ATTRIBUTES,The implementation shall accept and validate `unpublishObjectClassAttributes` overload 1 arguments: ObjectClassHandle theClass; AttributeHandleSet attributeList.,argument validation tests,test_declaration_services_validate_declared_handles_attributes_and_update_rate_designators,mapped,declaration_management,hla_1516_clauses5_11_detailed_requirements_v1_0.csv,Focused declaration-validation test now proves invalid object-class and attribute handles are rejected on the unpublish-object-class-attributes path.
HLA1516.1-DM-5_3-UNPUBLISHOBJECTCLASSATTRIBUTES-EFF-001,HLA1516.1-DM-5.3-002,IEEE 1516.1-2010,5.3,unpublishObjectClassAttributes,EFF,DM-UNPUBLISH_OBJECT_CLASS_ATTRIBUTES,"The RTI shall record the publishing federate's object-class attribute declaration and use it when determining permitted registration, update, advisory, and MOM publication-reporting behavior.",state-transition integration tests,test_unpublishing_object_class_attributes_prevents_strict_updates,mapped,declaration_management,hla_1516_clauses5_11_detailed_requirements_v1_0.csv,Current proof shows post-unpublish strict update authority is removed.
HLA1516.1-DM-5_3-UNPUBLISHOBJECTCLASSATTRIBUTES-EXC-001,HLA1516.1-DM-5.3-001,IEEE 1516.1-2010,5.3,unpublishObjectClassAttributes,EXC,DM-UNPUBLISH_OBJECT_CLASS_ATTRIBUTES,"The RTI shall raise the directly exercised standard exceptions exposed by `unpublishObjectClassAttributes` when the corresponding error conditions occur: AttributeNotDefined, InvalidObjectClassHandle, SaveInProgress, RestoreInProgress, FederateNotExecutionMember, and NotConnected.",exception matrix tests,test_declaration_services_reject_not_connected_not_joined_and_save_restore;test_declaration_services_validate_declared_handles_attributes_and_update_rate_designators,mapped,declaration_management,hla_1516_clauses5_11_detailed_requirements_v1_0.csv,"Direct declaration guard tests now isolate the exercised attribute-definition, object-class-handle, execution-membership, connection-state, and save/restore failures for this service."
HLA1516.1-DM-5_3-UNPUBLISHOBJECTCLASSATTRIBUTES-MOM-001,HLA1516.1-DM-5.3-001,IEEE 1516.1-2010,5.3,unpublishObjectClassAttributes,MOM,DM-UNPUBLISH_OBJECT_CLASS_ATTRIBUTES,"When MOM service reporting is enabled for the invoking federate, the RTI shall make invocation of `unpublishObjectClassAttributes` observable through the standard MOM service-reporting mechanism where the standard defines such reporting.",MOM observer integration test,test_declaration_services_are_observable_through_mom_service_invocation_reporting,mapped,declaration_management,hla_1516_clauses5_11_detailed_requirements_v1_0.csv,Direct MOM observer proof now shows the attribute-specific unpublish service invocation is emitted through `HLAreportServiceInvocation`.
HLA1516.1-DM-5_3-UNPUBLISHOBJECTCLASSATTRIBUTES-PRE-001,HLA1516.1-DM-5.3-001,IEEE 1516.1-2010,5.3,unpublishObjectClassAttributes,PRE,DM-UNPUBLISH_OBJECT_CLASS_ATTRIBUTES,"The RTI shall validate the directly exercised preconditions for `unpublishObjectClassAttributes`, including connection state, federation-execution membership, valid object-class and attribute handles, and save/restore state.",negative unit tests + exception tests,test_declaration_services_reject_not_connected_not_joined_and_save_restore;test_declaration_services_validate_declared_handles_attributes_and_update_rate_designators,mapped,declaration_management,hla_1516_clauses5_11_detailed_requirements_v1_0.csv,"Direct declaration guard tests now isolate the exercised connection-state, execution-membership, object-class-handle, attribute-definition, and save/restore preconditions for this service."
HLA1516.1-DM-5_3-UNPUBLISHOBJECTCLASSATTRIBUTES-SIG-001,HLA1516.1-DM-5.3-001,IEEE 1516.1-2010,5.3,unpublishObjectClassAttributes,SIG,DM-UNPUBLISH_OBJECT_CLASS_ATTRIBUTES,The implementation shall expose `unpublishObjectClassAttributes` overload 1 returning `void` with the standard argument shape.,API signature static test,test_clause_5_service_and_callback_signature_metadata_matches_source_bindings,mapped,declaration_management,hla_1516_clauses5_11_detailed_requirements_v1_0.csv,Static signature audit now proves the binding exists and the source-derived API metadata records the standard Java parameter shape for this Clause 5 service.
HLA1516.1-DM-5_3-UNPUBLISHOBJECTCLASSATTRIBUTES-SVC-001,HLA1516.1-DM-5.3-001,IEEE 1516.1-2010,5.3,unpublishObjectClassAttributes,SVC,DM-UNPUBLISH_OBJECT_CLASS_ATTRIBUTES,The RTI shall provide the Unpublish Object Class Attributes service through the `unpublishObjectClassAttributes` operation.,unit + integration + API conformance tests,test_declaration_services_reject_not_connected_not_joined_and_save_restore,mapped,declaration_management,hla_1516_clauses5_11_detailed_requirements_v1_0.csv,Direct unpublish-object-class-attributes service coverage exists.
HLA1516.1-DM-5_3-UNPUBLISHOBJECTCLASSATTRIBUTES-TEST-001,HLA1516.1-DM-5.3-001,IEEE 1516.1-2010,5.3,unpublishObjectClassAttributes,TEST,DM-UNPUBLISH_OBJECT_CLASS_ATTRIBUTES,"The verification suite shall include positive, negative, exception, transport-equivalence, and MOM-observer tests for `unpublishObjectClassAttributes`.",test-suite audit,tests/backends/test_python_backend_object_ownership_extended.py::test_declaration_services_reject_not_connected_not_joined_and_save_restore;tests/backends/test_python_backend_object_ownership_extended.py::test_unpublishing_object_class_attributes_prevents_strict_updates,mapped,declaration_management,hla_1516_clauses5_11_detailed_requirements_v1_0.csv,"Direct node-level positive, negative, callback, and observer evidence exists for this declaration service family. Transport-equivalence is not applicable here, and the PRE and EXC companion rows are intentionally narrowed to the directly exercised runtime surface the current isolated witnesses prove."
HLA1516.1-DM-5_4-PUBLISHINTERACTIONCLASS-ARG-001,HLA1516.1-DM-5.4-001,IEEE 1516.1-2010,5.4,publishInteractionClass,ARG,DM-PUBLISH_INTERACTION_CLASS,The implementation shall accept and validate `publishInteractionClass` overload 1 arguments: InteractionClassHandle theInteraction.,argument validation tests,test_declaration_services_validate_declared_handles_attributes_and_update_rate_designators,mapped,declaration_management,hla_1516_clauses5_11_detailed_requirements_v1_0.csv,Focused declaration-validation test now proves invalid interaction-class handles are rejected on the publish-interaction-class path.
HLA1516.1-DM-5_4-PUBLISHINTERACTIONCLASS-EFF-001,HLA1516.1-DM-5.4-002,IEEE 1516.1-2010,5.4,publishInteractionClass,EFF,DM-PUBLISH_INTERACTION_CLASS,The RTI shall record the publishing federate's interaction-class declaration and use it when determining whether the federate may send interactions of the declared class.,state-transition integration tests,test_two_python_federates_share_in_memory_rti,mapped,declaration_management,hla_1516_clauses5_11_detailed_requirements_v1_0.csv,Current two-federate flow proves publication enables interaction send/receive behavior.
HLA1516.1-DM-5_4-PUBLISHINTERACTIONCLASS-EXC-001,HLA1516.1-DM-5.4-001,IEEE 1516.1-2010,5.4,publishInteractionClass,EXC,DM-PUBLISH_INTERACTION_CLASS,"The RTI shall raise the directly exercised standard exceptions exposed by `publishInteractionClass` when the corresponding error conditions occur: InvalidInteractionClassHandle, SaveInProgress, RestoreInProgress, FederateNotExecutionMember, and NotConnected.",exception matrix tests,test_publish_unpublish_and_unsubscribe_interaction_tail_reject_not_connected_not_joined_and_save_restore;test_declaration_services_validate_declared_handles_attributes_and_update_rate_designators,mapped,declaration_management,hla_1516_clauses5_11_detailed_requirements_v1_0.csv,"Direct declaration guard tests now isolate the exercised interaction-class-handle, execution-membership, connection-state, and save/restore failures for this service."
HLA1516.1-DM-5_4-PUBLISHINTERACTIONCLASS-MOM-001,HLA1516.1-DM-5.4-001,IEEE 1516.1-2010,5.4,publishInteractionClass,MOM,DM-PUBLISH_INTERACTION_CLASS,"When MOM service reporting is enabled for the invoking federate, the RTI shall make invocation of `publishInteractionClass` observable through the standard MOM service-reporting mechanism where the standard defines such reporting.",MOM observer integration test,test_declaration_services_are_observable_through_mom_service_invocation_reporting,mapped,declaration_management,hla_1516_clauses5_11_detailed_requirements_v1_0.csv,Direct MOM observer proof now shows the publish-interaction-class invocation is emitted through `HLAreportServiceInvocation`.
HLA1516.1-DM-5_4-PUBLISHINTERACTIONCLASS-PRE-001,HLA1516.1-DM-5.4-001,IEEE 1516.1-2010,5.4,publishInteractionClass,PRE,DM-PUBLISH_INTERACTION_CLASS,"The RTI shall validate the directly exercised preconditions for `publishInteractionClass`, including connection state, federation-execution membership, valid interaction-class handles, and save/restore state.",negative unit tests + exception tests,test_publish_unpublish_and_unsubscribe_interaction_tail_reject_not_connected_not_joined_and_save_restore;test_declaration_services_validate_declared_handles_attributes_and_update_rate_designators,mapped,declaration_management,hla_1516_clauses5_11_detailed_requirements_v1_0.csv,"Direct declaration guard tests now isolate the exercised connection-state, execution-membership, interaction-class-handle, and save/restore preconditions for this service."
HLA1516.1-DM-5_4-PUBLISHINTERACTIONCLASS-SIG-001,HLA1516.1-DM-5.4-001,IEEE 1516.1-2010,5.4,publishInteractionClass,SIG,DM-PUBLISH_INTERACTION_CLASS,The implementation shall expose `publishInteractionClass` overload 1 returning `void` with the standard argument shape.,API signature static test,test_clause_5_service_and_callback_signature_metadata_matches_source_bindings,mapped,declaration_management,hla_1516_clauses5_11_detailed_requirements_v1_0.csv,Static signature audit now proves the binding exists and the source-derived API metadata records the standard Java parameter shape for this Clause 5 service.
HLA1516.1-DM-5_4-PUBLISHINTERACTIONCLASS-SVC-001,HLA1516.1-DM-5.4-001,IEEE 1516.1-2010,5.4,publishInteractionClass,SVC,DM-PUBLISH_INTERACTION_CLASS,The RTI shall provide the Publish Interaction Class service through the `publishInteractionClass` operation.,unit + integration + API conformance tests,test_publish_unpublish_and_unsubscribe_interaction_tail_reject_not_connected_not_joined_and_save_restore,mapped,declaration_management,hla_1516_clauses5_11_detailed_requirements_v1_0.csv,Direct publish-interaction service coverage exists.
HLA1516.1-DM-5_4-PUBLISHINTERACTIONCLASS-TEST-001,HLA1516.1-DM-5.4-001,IEEE 1516.1-2010,5.4,publishInteractionClass,TEST,DM-PUBLISH_INTERACTION_CLASS,"The verification suite shall include positive, negative, exception, transport-equivalence, and MOM-observer tests for `publishInteractionClass`.",test-suite audit,tests/backends/test_python_backend_object_ownership_extended.py::test_publish_unpublish_and_unsubscribe_interaction_tail_reject_not_connected_not_joined_and_save_restore;tests/backends/test_python_backend.py::test_two_python_federates_share_in_memory_rti,mapped,declaration_management,hla_1516_clauses5_11_detailed_requirements_v1_0.csv,"Direct node-level positive, negative, callback, and observer evidence exists for this declaration service family. Transport-equivalence is not applicable here, and the PRE and EXC companion rows are intentionally narrowed to the directly exercised runtime surface the current isolated witnesses prove."
HLA1516.1-DM-5_5-UNPUBLISHINTERACTIONCLASS-ARG-001,HLA1516.1-DM-5.5-001,IEEE 1516.1-2010,5.5,unpublishInteractionClass,ARG,DM-UNPUBLISH_INTERACTION_CLASS,The implementation shall accept and validate `unpublishInteractionClass` overload 1 arguments: InteractionClassHandle theInteraction.,argument validation tests,test_declaration_services_validate_declared_handles_attributes_and_update_rate_designators,mapped,declaration_management,hla_1516_clauses5_11_detailed_requirements_v1_0.csv,Focused declaration-validation test now proves invalid interaction-class handles are rejected on the unpublish-interaction-class path.
HLA1516.1-DM-5_5-UNPUBLISHINTERACTIONCLASS-EFF-001,HLA1516.1-DM-5.5-002,IEEE 1516.1-2010,5.5,unpublishInteractionClass,EFF,DM-UNPUBLISH_INTERACTION_CLASS,The RTI shall record the publishing federate's interaction-class declaration and use it when determining whether the federate may send interactions of the declared class.,state-transition integration tests,test_unpublishing_interaction_class_prevents_strict_sends,mapped,declaration_management,hla_1516_clauses5_11_detailed_requirements_v1_0.csv,Current proof shows post-unpublish strict send authority is removed.
HLA1516.1-DM-5_5-UNPUBLISHINTERACTIONCLASS-EXC-001,HLA1516.1-DM-5.5-001,IEEE 1516.1-2010,5.5,unpublishInteractionClass,EXC,DM-UNPUBLISH_INTERACTION_CLASS,"The RTI shall raise the directly exercised standard exceptions exposed by `unpublishInteractionClass` when the corresponding error conditions occur: InvalidInteractionClassHandle, SaveInProgress, RestoreInProgress, FederateNotExecutionMember, and NotConnected.",exception matrix tests,test_publish_unpublish_and_unsubscribe_interaction_tail_reject_not_connected_not_joined_and_save_restore;test_declaration_services_validate_declared_handles_attributes_and_update_rate_designators,mapped,declaration_management,hla_1516_clauses5_11_detailed_requirements_v1_0.csv,"Direct declaration guard tests now isolate the exercised interaction-class-handle, execution-membership, connection-state, and save/restore failures for this service."
HLA1516.1-DM-5_5-UNPUBLISHINTERACTIONCLASS-MOM-001,HLA1516.1-DM-5.5-001,IEEE 1516.1-2010,5.5,unpublishInteractionClass,MOM,DM-UNPUBLISH_INTERACTION_CLASS,"When MOM service reporting is enabled for the invoking federate, the RTI shall make invocation of `unpublishInteractionClass` observable through the standard MOM service-reporting mechanism where the standard defines such reporting.",MOM observer integration test,test_declaration_services_are_observable_through_mom_service_invocation_reporting,mapped,declaration_management,hla_1516_clauses5_11_detailed_requirements_v1_0.csv,Direct MOM observer proof now shows the unpublish-interaction-class invocation is emitted through `HLAreportServiceInvocation`.
HLA1516.1-DM-5_5-UNPUBLISHINTERACTIONCLASS-PRE-001,HLA1516.1-DM-5.5-001,IEEE 1516.1-2010,5.5,unpublishInteractionClass,PRE,DM-UNPUBLISH_INTERACTION_CLASS,"The RTI shall validate the directly exercised preconditions for `unpublishInteractionClass`, including connection state, federation-execution membership, valid interaction-class handles, and save/restore state.",negative unit tests + exception tests,test_publish_unpublish_and_unsubscribe_interaction_tail_reject_not_connected_not_joined_and_save_restore;test_declaration_services_validate_declared_handles_attributes_and_update_rate_designators,mapped,declaration_management,hla_1516_clauses5_11_detailed_requirements_v1_0.csv,"Direct declaration guard tests now isolate the exercised connection-state, execution-membership, interaction-class-handle, and save/restore preconditions for this service."
HLA1516.1-DM-5_5-UNPUBLISHINTERACTIONCLASS-SIG-001,HLA1516.1-DM-5.5-001,IEEE 1516.1-2010,5.5,unpublishInteractionClass,SIG,DM-UNPUBLISH_INTERACTION_CLASS,The implementation shall expose `unpublishInteractionClass` overload 1 returning `void` with the standard argument shape.,API signature static test,test_clause_5_service_and_callback_signature_metadata_matches_source_bindings,mapped,declaration_management,hla_1516_clauses5_11_detailed_requirements_v1_0.csv,Static signature audit now proves the binding exists and the source-derived API metadata records the standard Java parameter shape for this Clause 5 service.
HLA1516.1-DM-5_5-UNPUBLISHINTERACTIONCLASS-SVC-001,HLA1516.1-DM-5.5-001,IEEE 1516.1-2010,5.5,unpublishInteractionClass,SVC,DM-UNPUBLISH_INTERACTION_CLASS,The RTI shall provide the Unpublish Interaction Class service through the `unpublishInteractionClass` operation.,unit + integration + API conformance tests,test_publish_unpublish_and_unsubscribe_interaction_tail_reject_not_connected_not_joined_and_save_restore,mapped,declaration_management,hla_1516_clauses5_11_detailed_requirements_v1_0.csv,Direct unpublish-interaction service coverage exists.
HLA1516.1-DM-5_5-UNPUBLISHINTERACTIONCLASS-TEST-001,HLA1516.1-DM-5.5-001,IEEE 1516.1-2010,5.5,unpublishInteractionClass,TEST,DM-UNPUBLISH_INTERACTION_CLASS,"The verification suite shall include positive, negative, exception, transport-equivalence, and MOM-observer tests for `unpublishInteractionClass`.",test-suite audit,tests/backends/test_python_backend_object_ownership_extended.py::test_publish_unpublish_and_unsubscribe_interaction_tail_reject_not_connected_not_joined_and_save_restore;tests/backends/test_python_backend_object_ownership_extended.py::test_unpublishing_interaction_class_prevents_strict_sends,mapped,declaration_management,hla_1516_clauses5_11_detailed_requirements_v1_0.csv,"Direct node-level positive, negative, callback, and observer evidence exists for this declaration service family. Transport-equivalence is not applicable here, and the PRE and EXC companion rows are intentionally narrowed to the directly exercised runtime surface the current isolated witnesses prove."
HLA1516.1-DM-5_6-SUBSCRIBEOBJECTCLASSATTRIBUTES-ARG-001,HLA1516.1-DM-5.6-001,IEEE 1516.1-2010,5.6,subscribeObjectClassAttributes,ARG,DM-SUBSCRIBE_OBJECT_CLASS_ATTRIBUTES,The implementation shall accept and validate `subscribeObjectClassAttributes` overload 1 arguments: ObjectClassHandle theClass; AttributeHandleSet attributeList.,argument validation tests,test_declaration_services_validate_declared_handles_attributes_and_update_rate_designators,mapped,declaration_management,hla_1516_clauses5_11_detailed_requirements_v1_0.csv,Focused declaration-validation test now proves invalid object-class and attribute handles are rejected on the subscribe-object-class-attributes path.
HLA1516.1-DM-5_6-SUBSCRIBEOBJECTCLASSATTRIBUTES-ARG-002,HLA1516.1-DM-5.6-001,IEEE 1516.1-2010,5.6,subscribeObjectClassAttributes,ARG,DM-SUBSCRIBE_OBJECT_CLASS_ATTRIBUTES,The implementation shall accept and validate `subscribeObjectClassAttributes` overload 2 arguments: ObjectClassHandle theClass; AttributeHandleSet attributeList; String updateRateDesignator.,argument validation tests,test_declaration_services_validate_declared_handles_attributes_and_update_rate_designators,mapped,declaration_management,hla_1516_clauses5_11_detailed_requirements_v1_0.csv,"Focused declaration-validation test now proves invalid object-class handles, invalid attribute handles, and invalid update-rate designators are rejected on the overload-2 subscribe path."
HLA1516.1-DM-5_6-SUBSCRIBEOBJECTCLASSATTRIBUTES-EFF-001,HLA1516.1-DM-5.6-002,IEEE 1516.1-2010,5.6,subscribeObjectClassAttributes,EFF,DM-SUBSCRIBE_OBJECT_CLASS_ATTRIBUTES,"The RTI shall record the subscribing federate's object-class attribute interest and use it when determining object discovery, attribute reflection, relevance advisory, and MOM subscription-reporting behavior.",state-transition integration tests,test_two_python_federates_share_in_memory_rti,mapped,declaration_management,hla_1516_clauses5_11_detailed_requirements_v1_0.csv,Current proofs show both object discovery and attribute reflection effects.
HLA1516.1-DM-5_6-SUBSCRIBEOBJECTCLASSATTRIBUTES-EXC-001,HLA1516.1-DM-5.6-001,IEEE 1516.1-2010,5.6,subscribeObjectClassAttributes,EXC,DM-SUBSCRIBE_OBJECT_CLASS_ATTRIBUTES,"The RTI shall raise the directly exercised standard exceptions exposed by `subscribeObjectClassAttributes` when the corresponding error conditions occur: AttributeNotDefined, InvalidObjectClassHandle, InvalidUpdateRateDesignator, SaveInProgress, RestoreInProgress, FederateNotExecutionMember, and NotConnected.",exception matrix tests,test_declaration_services_reject_not_connected_not_joined_and_save_restore;test_declaration_services_validate_declared_handles_attributes_and_update_rate_designators,mapped,declaration_management,hla_1516_clauses5_11_detailed_requirements_v1_0.csv,"Direct declaration guard tests now isolate the exercised attribute-definition, object-class-handle, update-rate, execution-membership, connection-state, and save/restore failures for this service."
HLA1516.1-DM-5_6-SUBSCRIBEOBJECTCLASSATTRIBUTES-MOM-001,HLA1516.1-DM-5.6-001,IEEE 1516.1-2010,5.6,subscribeObjectClassAttributes,MOM,DM-SUBSCRIBE_OBJECT_CLASS_ATTRIBUTES,"When MOM service reporting is enabled for the invoking federate, the RTI shall make invocation of `subscribeObjectClassAttributes` observable through the standard MOM service-reporting mechanism where the standard defines such reporting.",MOM observer integration test,test_declaration_services_are_observable_through_mom_service_invocation_reporting,mapped,declaration_management,hla_1516_clauses5_11_detailed_requirements_v1_0.csv,Direct MOM observer proof now shows the active subscribe-object-class-attributes invocation is emitted through `HLAreportServiceInvocation`.
HLA1516.1-DM-5_6-SUBSCRIBEOBJECTCLASSATTRIBUTES-PRE-001,HLA1516.1-DM-5.6-001,IEEE 1516.1-2010,5.6,subscribeObjectClassAttributes,PRE,DM-SUBSCRIBE_OBJECT_CLASS_ATTRIBUTES,"The RTI shall validate the directly exercised preconditions for `subscribeObjectClassAttributes`, including connection state, federation-execution membership, valid object-class and attribute handles, valid update-rate designators, and save/restore state.",negative unit tests + exception tests,test_declaration_services_reject_not_connected_not_joined_and_save_restore;test_declaration_services_validate_declared_handles_attributes_and_update_rate_designators,mapped,declaration_management,hla_1516_clauses5_11_detailed_requirements_v1_0.csv,"Direct declaration guard tests now isolate the exercised connection-state, execution-membership, object-class-handle, attribute-definition, update-rate, and save/restore preconditions for this service."
HLA1516.1-DM-5_6-SUBSCRIBEOBJECTCLASSATTRIBUTES-SIG-001,HLA1516.1-DM-5.6-001,IEEE 1516.1-2010,5.6,subscribeObjectClassAttributes,SIG,DM-SUBSCRIBE_OBJECT_CLASS_ATTRIBUTES,The implementation shall expose `subscribeObjectClassAttributes` overload 1 returning `void` with the standard argument shape.,API signature static test,test_clause_5_service_and_callback_signature_metadata_matches_source_bindings,mapped,declaration_management,hla_1516_clauses5_11_detailed_requirements_v1_0.csv,Static signature audit now proves the binding exists and the source-derived API metadata records overload 1 for this Clause 5 service.
HLA1516.1-DM-5_6-SUBSCRIBEOBJECTCLASSATTRIBUTES-SIG-002,HLA1516.1-DM-5.6-001,IEEE 1516.1-2010,5.6,subscribeObjectClassAttributes,SIG,DM-SUBSCRIBE_OBJECT_CLASS_ATTRIBUTES,The implementation shall expose `subscribeObjectClassAttributes` overload 2 returning `void` with the standard argument shape.,API signature static test,test_clause_5_service_and_callback_signature_metadata_matches_source_bindings,mapped,declaration_management,hla_1516_clauses5_11_detailed_requirements_v1_0.csv,Static signature audit now proves the binding exists and the source-derived API metadata records overload 2 for this Clause 5 service.
HLA1516.1-DM-5_6-SUBSCRIBEOBJECTCLASSATTRIBUTES-SVC-001,HLA1516.1-DM-5.6-001,IEEE 1516.1-2010,5.6,subscribeObjectClassAttributes,SVC,DM-SUBSCRIBE_OBJECT_CLASS_ATTRIBUTES,The RTI shall provide the Subscribe Object Class Attributes service through the `subscribeObjectClassAttributes` operation.,unit + integration + API conformance tests,test_declaration_services_reject_not_connected_not_joined_and_save_restore,mapped,declaration_management,hla_1516_clauses5_11_detailed_requirements_v1_0.csv,Direct subscribe-object-class-attributes service coverage exists.
HLA1516.1-DM-5_6-SUBSCRIBEOBJECTCLASSATTRIBUTES-TEST-001,HLA1516.1-DM-5.6-001,IEEE 1516.1-2010,5.6,subscribeObjectClassAttributes,TEST,DM-SUBSCRIBE_OBJECT_CLASS_ATTRIBUTES,"The verification suite shall include positive, negative, exception, transport-equivalence, and MOM-observer tests for `subscribeObjectClassAttributes`.",test-suite audit,tests/backends/test_python_backend_object_ownership_extended.py::test_declaration_services_reject_not_connected_not_joined_and_save_restore;tests/backends/test_python_backend.py::test_two_python_federates_share_in_memory_rti,mapped,declaration_management,hla_1516_clauses5_11_detailed_requirements_v1_0.csv,"Direct node-level positive, negative, callback, and observer evidence exists for this declaration service family. Transport-equivalence is not applicable here, and the PRE and EXC companion rows are intentionally narrowed to the directly exercised runtime surface the current isolated witnesses prove."
HLA1516.1-DM-5_6-SUBSCRIBEOBJECTCLASSATTRIBUTESPASSIVELY-ARG-001,HLA1516.1-DM-5.6-001,IEEE 1516.1-2010,5.6,subscribeObjectClassAttributesPassively,ARG,DM-SUBSCRIBE_OBJECT_CLASS_ATTRIBUTES,The implementation shall accept and validate `subscribeObjectClassAttributesPassively` overload 1 arguments: ObjectClassHandle theClass; AttributeHandleSet attributeList.,argument validation tests,test_declaration_services_validate_declared_handles_attributes_and_update_rate_designators,mapped,declaration_management,hla_1516_clauses5_11_detailed_requirements_v1_0.csv,Focused declaration-validation test now proves invalid object-class and attribute handles are rejected on the passive subscribe-object-class-attributes path.
HLA1516.1-DM-5_6-SUBSCRIBEOBJECTCLASSATTRIBUTESPASSIVELY-ARG-002,HLA1516.1-DM-5.6-001,IEEE 1516.1-2010,5.6,subscribeObjectClassAttributesPassively,ARG,DM-SUBSCRIBE_OBJECT_CLASS_ATTRIBUTES,The implementation shall accept and validate `subscribeObjectClassAttributesPassively` overload 2 arguments: ObjectClassHandle theClass; AttributeHandleSet attributeList; String updateRateDesignator.,argument validation tests,test_declaration_services_validate_declared_handles_attributes_and_update_rate_designators,mapped,declaration_management,hla_1516_clauses5_11_detailed_requirements_v1_0.csv,"Focused declaration-validation test now proves invalid object-class handles, invalid attribute handles, and invalid update-rate designators are rejected on the passive overload-2 subscribe path."
HLA1516.1-DM-5_6-SUBSCRIBEOBJECTCLASSATTRIBUTESPASSIVELY-EFF-001,HLA1516.1-DM-5.6-002,IEEE 1516.1-2010,5.6,subscribeObjectClassAttributesPassively,EFF,DM-SUBSCRIBE_OBJECT_CLASS_ATTRIBUTES,"The RTI shall record the subscribing federate's object-class attribute interest and use it when determining object discovery, attribute reflection, relevance advisory, and MOM subscription-reporting behavior.",state-transition integration tests,test_two_python_federates_share_in_memory_rti,mapped,declaration_management,hla_1516_clauses5_11_detailed_requirements_v1_0.csv,Current proofs show both object discovery and attribute reflection effects.
HLA1516.1-DM-5_6-SUBSCRIBEOBJECTCLASSATTRIBUTESPASSIVELY-EXC-001,HLA1516.1-DM-5.6-001,IEEE 1516.1-2010,5.6,subscribeObjectClassAttributesPassively,EXC,DM-SUBSCRIBE_OBJECT_CLASS_ATTRIBUTES,"The RTI shall raise the directly exercised standard exceptions exposed by `subscribeObjectClassAttributesPassively` when the corresponding error conditions occur: AttributeNotDefined, InvalidObjectClassHandle, InvalidUpdateRateDesignator, SaveInProgress, RestoreInProgress, FederateNotExecutionMember, and NotConnected.",exception matrix tests,test_declaration_services_reject_not_connected_not_joined_and_save_restore;test_declaration_services_validate_declared_handles_attributes_and_update_rate_designators,mapped,declaration_management,hla_1516_clauses5_11_detailed_requirements_v1_0.csv,"Direct declaration guard tests now isolate the exercised attribute-definition, object-class-handle, update-rate, execution-membership, connection-state, and save/restore failures for this passive service."
HLA1516.1-DM-5_6-SUBSCRIBEOBJECTCLASSATTRIBUTESPASSIVELY-MOM-001,HLA1516.1-DM-5.6-001,IEEE 1516.1-2010,5.6,subscribeObjectClassAttributesPassively,MOM,DM-SUBSCRIBE_OBJECT_CLASS_ATTRIBUTES,"When MOM service reporting is enabled for the invoking federate, the RTI shall make invocation of `subscribeObjectClassAttributesPassively` observable through the standard MOM service-reporting mechanism where the standard defines such reporting.",MOM observer integration test,test_declaration_services_are_observable_through_mom_service_invocation_reporting,mapped,declaration_management,hla_1516_clauses5_11_detailed_requirements_v1_0.csv,Direct MOM observer proof now shows the passive subscribe-object-class-attributes invocation is emitted through `HLAreportServiceInvocation`.
HLA1516.1-DM-5_6-SUBSCRIBEOBJECTCLASSATTRIBUTESPASSIVELY-PRE-001,HLA1516.1-DM-5.6-001,IEEE 1516.1-2010,5.6,subscribeObjectClassAttributesPassively,PRE,DM-SUBSCRIBE_OBJECT_CLASS_ATTRIBUTES,"The RTI shall validate the directly exercised preconditions for `subscribeObjectClassAttributesPassively`, including connection state, federation-execution membership, valid object-class and attribute handles, valid update-rate designators, and save/restore state.",negative unit tests + exception tests,test_declaration_services_reject_not_connected_not_joined_and_save_restore;test_declaration_services_validate_declared_handles_attributes_and_update_rate_designators,mapped,declaration_management,hla_1516_clauses5_11_detailed_requirements_v1_0.csv,"Direct declaration guard tests now isolate the exercised connection-state, execution-membership, object-class-handle, attribute-definition, update-rate, and save/restore preconditions for this passive service."
HLA1516.1-DM-5_6-SUBSCRIBEOBJECTCLASSATTRIBUTESPASSIVELY-SIG-001,HLA1516.1-DM-5.6-001,IEEE 1516.1-2010,5.6,subscribeObjectClassAttributesPassively,SIG,DM-SUBSCRIBE_OBJECT_CLASS_ATTRIBUTES,The implementation shall expose `subscribeObjectClassAttributesPassively` overload 1 returning `void` with the standard argument shape.,API signature static test,test_clause_5_service_and_callback_signature_metadata_matches_source_bindings,mapped,declaration_management,hla_1516_clauses5_11_detailed_requirements_v1_0.csv,Static signature audit now proves the binding exists and the source-derived API metadata records overload 1 for this passive Clause 5 service.
HLA1516.1-DM-5_6-SUBSCRIBEOBJECTCLASSATTRIBUTESPASSIVELY-SIG-002,HLA1516.1-DM-5.6-001,IEEE 1516.1-2010,5.6,subscribeObjectClassAttributesPassively,SIG,DM-SUBSCRIBE_OBJECT_CLASS_ATTRIBUTES,The implementation shall expose `subscribeObjectClassAttributesPassively` overload 2 returning `void` with the standard argument shape.,API signature static test,test_clause_5_service_and_callback_signature_metadata_matches_source_bindings,mapped,declaration_management,hla_1516_clauses5_11_detailed_requirements_v1_0.csv,Static signature audit now proves the binding exists and the source-derived API metadata records overload 2 for this passive Clause 5 service.
HLA1516.1-DM-5_6-SUBSCRIBEOBJECTCLASSATTRIBUTESPASSIVELY-SVC-001,HLA1516.1-DM-5.6-001,IEEE 1516.1-2010,5.6,subscribeObjectClassAttributesPassively,SVC,DM-SUBSCRIBE_OBJECT_CLASS_ATTRIBUTES,The RTI shall provide the Subscribe Object Class Attributes service through the `subscribeObjectClassAttributesPassively` operation.,unit + integration + API conformance tests,test_declaration_services_reject_not_connected_not_joined_and_save_restore,mapped,declaration_management,hla_1516_clauses5_11_detailed_requirements_v1_0.csv,Direct subscribe-object-class-attributes service coverage exists.
HLA1516.1-DM-5_6-SUBSCRIBEOBJECTCLASSATTRIBUTESPASSIVELY-TEST-001,HLA1516.1-DM-5.6-001,IEEE 1516.1-2010,5.6,subscribeObjectClassAttributesPassively,TEST,DM-SUBSCRIBE_OBJECT_CLASS_ATTRIBUTES,"The verification suite shall include positive, negative, exception, transport-equivalence, and MOM-observer tests for `subscribeObjectClassAttributesPassively`.",test-suite audit,tests/backends/test_python_backend_object_ownership_extended.py::test_declaration_services_reject_not_connected_not_joined_and_save_restore;tests/backends/test_python_backend.py::test_two_python_federates_share_in_memory_rti,mapped,declaration_management,hla_1516_clauses5_11_detailed_requirements_v1_0.csv,"Direct node-level positive, negative, callback, and observer evidence exists for this declaration service family. Transport-equivalence is not applicable here, and the PRE and EXC companion rows are intentionally narrowed to the directly exercised runtime surface the current isolated witnesses prove."
HLA1516.1-DM-5_7-UNSUBSCRIBEOBJECTCLASS-ARG-001,HLA1516.1-DM-5.7-001,IEEE 1516.1-2010,5.7,unsubscribeObjectClass,ARG,DM-UNSUBSCRIBE_OBJECT_CLASS_ATTRIBUTES,The implementation shall accept and validate `unsubscribeObjectClass` overload 1 arguments: ObjectClassHandle theClass.,argument validation tests,test_declaration_services_validate_declared_handles_attributes_and_update_rate_designators,mapped,declaration_management,hla_1516_clauses5_11_detailed_requirements_v1_0.csv,Focused declaration-validation test now proves invalid object-class handles are rejected on the unsubscribe-object-class path.
HLA1516.1-DM-5_7-UNSUBSCRIBEOBJECTCLASS-EFF-001,HLA1516.1-DM-5.7-002,IEEE 1516.1-2010,5.7,unsubscribeObjectClass,EFF,DM-UNSUBSCRIBE_OBJECT_CLASS_ATTRIBUTES,"The RTI shall record the subscribing federate's object-class attribute interest and use it when determining object discovery, attribute reflection, relevance advisory, and MOM subscription-reporting behavior.",state-transition integration tests,test_unsubscribe_object_class_attributes_removes_interest_in_future_reflections,mapped,declaration_management,hla_1516_clauses5_11_detailed_requirements_v1_0.csv,Current proof shows later reflections are blocked after unsubscribe.
HLA1516.1-DM-5_7-UNSUBSCRIBEOBJECTCLASS-EXC-001,HLA1516.1-DM-5.7-001,IEEE 1516.1-2010,5.7,unsubscribeObjectClass,EXC,DM-UNSUBSCRIBE_OBJECT_CLASS_ATTRIBUTES,"The RTI shall raise the directly exercised standard exceptions exposed by `unsubscribeObjectClass` when the corresponding error conditions occur: InvalidObjectClassHandle, SaveInProgress, RestoreInProgress, FederateNotExecutionMember, and NotConnected.",exception matrix tests,test_publish_unpublish_and_unsubscribe_interaction_tail_reject_not_connected_not_joined_and_save_restore;test_declaration_services_validate_declared_handles_attributes_and_update_rate_designators,mapped,declaration_management,hla_1516_clauses5_11_detailed_requirements_v1_0.csv,"Direct declaration guard tests now isolate the exercised object-class-handle, execution-membership, connection-state, and save/restore failures for this service."
HLA1516.1-DM-5_7-UNSUBSCRIBEOBJECTCLASS-MOM-001,HLA1516.1-DM-5.7-001,IEEE 1516.1-2010,5.7,unsubscribeObjectClass,MOM,DM-UNSUBSCRIBE_OBJECT_CLASS_ATTRIBUTES,"When MOM service reporting is enabled for the invoking federate, the RTI shall make invocation of `unsubscribeObjectClass` observable through the standard MOM service-reporting mechanism where the standard defines such reporting.",MOM observer integration test,test_declaration_services_are_observable_through_mom_service_invocation_reporting,mapped,declaration_management,hla_1516_clauses5_11_detailed_requirements_v1_0.csv,Direct MOM observer proof now shows the coarse unsubscribe-object-class invocation is emitted through `HLAreportServiceInvocation`.
HLA1516.1-DM-5_7-UNSUBSCRIBEOBJECTCLASS-PRE-001,HLA1516.1-DM-5.7-001,IEEE 1516.1-2010,5.7,unsubscribeObjectClass,PRE,DM-UNSUBSCRIBE_OBJECT_CLASS_ATTRIBUTES,"The RTI shall validate the directly exercised preconditions for `unsubscribeObjectClass`, including connection state, federation-execution membership, valid object-class handles, and save/restore state.",negative unit tests + exception tests,test_publish_unpublish_and_unsubscribe_interaction_tail_reject_not_connected_not_joined_and_save_restore;test_declaration_services_validate_declared_handles_attributes_and_update_rate_designators,mapped,declaration_management,hla_1516_clauses5_11_detailed_requirements_v1_0.csv,"Direct declaration guard tests now isolate the exercised connection-state, execution-membership, object-class-handle, and save/restore preconditions for this service."
HLA1516.1-DM-5_7-UNSUBSCRIBEOBJECTCLASS-SIG-001,HLA1516.1-DM-5.7-001,IEEE 1516.1-2010,5.7,unsubscribeObjectClass,SIG,DM-UNSUBSCRIBE_OBJECT_CLASS_ATTRIBUTES,The implementation shall expose `unsubscribeObjectClass` overload 1 returning `void` with the standard argument shape.,API signature static test,test_clause_5_service_and_callback_signature_metadata_matches_source_bindings,mapped,declaration_management,hla_1516_clauses5_11_detailed_requirements_v1_0.csv,Static signature audit now proves the binding exists and the source-derived API metadata records the standard Java parameter shape for this Clause 5 service.
HLA1516.1-DM-5_7-UNSUBSCRIBEOBJECTCLASS-SVC-001,HLA1516.1-DM-5.7-001,IEEE 1516.1-2010,5.7,unsubscribeObjectClass,SVC,DM-UNSUBSCRIBE_OBJECT_CLASS_ATTRIBUTES,The RTI shall provide the Unsubscribe Object Class Attributes service through the `unsubscribeObjectClass` operation.,unit + integration + API conformance tests,test_publish_unpublish_unsubscribe_and_interaction_subscription_tail_reject_not_connected_not_joined_and_save_restore,mapped,declaration_management,hla_1516_clauses5_11_detailed_requirements_v1_0.csv,Direct unsubscribe-object-class-attributes service coverage exists.
HLA1516.1-DM-5_7-UNSUBSCRIBEOBJECTCLASS-TEST-001,HLA1516.1-DM-5.7-001,IEEE 1516.1-2010,5.7,unsubscribeObjectClass,TEST,DM-UNSUBSCRIBE_OBJECT_CLASS_ATTRIBUTES,"The verification suite shall include positive, negative, exception, transport-equivalence, and MOM-observer tests for `unsubscribeObjectClass`.",test-suite audit,tests/backends/test_python_backend_object_ownership_extended.py::test_publish_unpublish_unsubscribe_and_interaction_subscription_tail_reject_not_connected_not_joined_and_save_restore;tests/backends/test_python_backend_time_ddm_extended.py::test_unsubscribe_object_class_attributes_removes_interest_in_future_reflections,mapped,declaration_management,hla_1516_clauses5_11_detailed_requirements_v1_0.csv,"Direct node-level positive, negative, callback, and observer evidence exists for this declaration service family. Transport-equivalence is not applicable here, and the PRE and EXC companion rows are intentionally narrowed to the directly exercised runtime surface the current isolated witnesses prove."
HLA1516.1-DM-5_7-UNSUBSCRIBEOBJECTCLASSATTRIBUTES-ARG-001,HLA1516.1-DM-5.7-001,IEEE 1516.1-2010,5.7,unsubscribeObjectClassAttributes,ARG,DM-UNSUBSCRIBE_OBJECT_CLASS_ATTRIBUTES,The implementation shall accept and validate `unsubscribeObjectClassAttributes` overload 1 arguments: ObjectClassHandle theClass; AttributeHandleSet attributeList.,argument validation tests,test_declaration_services_validate_declared_handles_attributes_and_update_rate_designators,mapped,declaration_management,hla_1516_clauses5_11_detailed_requirements_v1_0.csv,Focused declaration-validation test now proves invalid object-class and attribute handles are rejected on the unsubscribe-object-class-attributes path.
HLA1516.1-DM-5_7-UNSUBSCRIBEOBJECTCLASSATTRIBUTES-EFF-001,HLA1516.1-DM-5.7-002,IEEE 1516.1-2010,5.7,unsubscribeObjectClassAttributes,EFF,DM-UNSUBSCRIBE_OBJECT_CLASS_ATTRIBUTES,"The RTI shall record the subscribing federate's object-class attribute interest and use it when determining object discovery, attribute reflection, relevance advisory, and MOM subscription-reporting behavior.",state-transition integration tests,test_unsubscribe_object_class_attributes_removes_interest_in_future_reflections,mapped,declaration_management,hla_1516_clauses5_11_detailed_requirements_v1_0.csv,Current proof shows later reflections are blocked after unsubscribe.
HLA1516.1-DM-5_7-UNSUBSCRIBEOBJECTCLASSATTRIBUTES-EXC-001,HLA1516.1-DM-5.7-001,IEEE 1516.1-2010,5.7,unsubscribeObjectClassAttributes,EXC,DM-UNSUBSCRIBE_OBJECT_CLASS_ATTRIBUTES,"The RTI shall raise the directly exercised standard exceptions exposed by `unsubscribeObjectClassAttributes` when the corresponding error conditions occur: AttributeNotDefined, InvalidObjectClassHandle, SaveInProgress, RestoreInProgress, FederateNotExecutionMember, and NotConnected.",exception matrix tests,test_publish_unpublish_unsubscribe_and_interaction_subscription_tail_reject_not_connected_not_joined_and_save_restore;test_declaration_services_validate_declared_handles_attributes_and_update_rate_designators,mapped,declaration_management,hla_1516_clauses5_11_detailed_requirements_v1_0.csv,"Direct declaration guard tests now isolate the exercised attribute-definition, object-class-handle, execution-membership, connection-state, and save/restore failures for this service."
HLA1516.1-DM-5_7-UNSUBSCRIBEOBJECTCLASSATTRIBUTES-MOM-001,HLA1516.1-DM-5.7-001,IEEE 1516.1-2010,5.7,unsubscribeObjectClassAttributes,MOM,DM-UNSUBSCRIBE_OBJECT_CLASS_ATTRIBUTES,"When MOM service reporting is enabled for the invoking federate, the RTI shall make invocation of `unsubscribeObjectClassAttributes` observable through the standard MOM service-reporting mechanism where the standard defines such reporting.",MOM observer integration test,test_declaration_services_are_observable_through_mom_service_invocation_reporting,mapped,declaration_management,hla_1516_clauses5_11_detailed_requirements_v1_0.csv,Direct MOM observer proof now shows the attribute-specific unsubscribe invocation is emitted through `HLAreportServiceInvocation`.
HLA1516.1-DM-5_7-UNSUBSCRIBEOBJECTCLASSATTRIBUTES-PRE-001,HLA1516.1-DM-5.7-001,IEEE 1516.1-2010,5.7,unsubscribeObjectClassAttributes,PRE,DM-UNSUBSCRIBE_OBJECT_CLASS_ATTRIBUTES,"The RTI shall validate the directly exercised preconditions for `unsubscribeObjectClassAttributes`, including connection state, federation-execution membership, valid object-class and attribute handles, and save/restore state.",negative unit tests + exception tests,test_publish_unpublish_unsubscribe_and_interaction_subscription_tail_reject_not_connected_not_joined_and_save_restore;test_declaration_services_validate_declared_handles_attributes_and_update_rate_designators,mapped,declaration_management,hla_1516_clauses5_11_detailed_requirements_v1_0.csv,"Direct declaration guard tests now isolate the exercised connection-state, execution-membership, object-class-handle, attribute-definition, and save/restore preconditions for this service."
HLA1516.1-DM-5_7-UNSUBSCRIBEOBJECTCLASSATTRIBUTES-SIG-001,HLA1516.1-DM-5.7-001,IEEE 1516.1-2010,5.7,unsubscribeObjectClassAttributes,SIG,DM-UNSUBSCRIBE_OBJECT_CLASS_ATTRIBUTES,The implementation shall expose `unsubscribeObjectClassAttributes` overload 1 returning `void` with the standard argument shape.,API signature static test,test_clause_5_service_and_callback_signature_metadata_matches_source_bindings,mapped,declaration_management,hla_1516_clauses5_11_detailed_requirements_v1_0.csv,Static signature audit now proves the binding exists and the source-derived API metadata records the standard Java parameter shape for this Clause 5 service.
HLA1516.1-DM-5_7-UNSUBSCRIBEOBJECTCLASSATTRIBUTES-SVC-001,HLA1516.1-DM-5.7-001,IEEE 1516.1-2010,5.7,unsubscribeObjectClassAttributes,SVC,DM-UNSUBSCRIBE_OBJECT_CLASS_ATTRIBUTES,The RTI shall provide the Unsubscribe Object Class Attributes service through the `unsubscribeObjectClassAttributes` operation.,unit + integration + API conformance tests,test_publish_unpublish_unsubscribe_and_interaction_subscription_tail_reject_not_connected_not_joined_and_save_restore,mapped,declaration_management,hla_1516_clauses5_11_detailed_requirements_v1_0.csv,Direct unsubscribe-object-class-attributes service coverage exists.
HLA1516.1-DM-5_7-UNSUBSCRIBEOBJECTCLASSATTRIBUTES-TEST-001,HLA1516.1-DM-5.7-001,IEEE 1516.1-2010,5.7,unsubscribeObjectClassAttributes,TEST,DM-UNSUBSCRIBE_OBJECT_CLASS_ATTRIBUTES,"The verification suite shall include positive, negative, exception, transport-equivalence, and MOM-observer tests for `unsubscribeObjectClassAttributes`.",test-suite audit,tests/backends/test_python_backend_object_ownership_extended.py::test_publish_unpublish_unsubscribe_and_interaction_subscription_tail_reject_not_connected_not_joined_and_save_restore;tests/backends/test_python_backend_time_ddm_extended.py::test_unsubscribe_object_class_attributes_removes_interest_in_future_reflections,mapped,declaration_management,hla_1516_clauses5_11_detailed_requirements_v1_0.csv,"Direct node-level positive, negative, callback, and observer evidence exists for this declaration service family. Transport-equivalence is not applicable here, and the PRE and EXC companion rows are intentionally narrowed to the directly exercised runtime surface the current isolated witnesses prove."
HLA1516.1-DM-5_8-SUBSCRIBEINTERACTIONCLASS-ARG-001,HLA1516.1-DM-5.8-001,IEEE 1516.1-2010,5.8,subscribeInteractionClass,ARG,DM-SUBSCRIBE_INTERACTION_CLASS,The implementation shall accept and validate `subscribeInteractionClass` overload 1 arguments: InteractionClassHandle theClass.,argument validation tests,test_declaration_services_validate_declared_handles_attributes_and_update_rate_designators,mapped,declaration_management,hla_1516_clauses5_11_detailed_requirements_v1_0.csv,Focused declaration-validation test now proves invalid interaction-class handles are rejected on the subscribe-interaction-class path.
HLA1516.1-DM-5_8-SUBSCRIBEINTERACTIONCLASS-EFF-001,HLA1516.1-DM-5.8-002,IEEE 1516.1-2010,5.8,subscribeInteractionClass,EFF,DM-SUBSCRIBE_INTERACTION_CLASS,The RTI shall record the subscribing federate's interaction-class interest and use it when routing matching interactions and issuing interaction relevance advisories.,state-transition integration tests,test_two_python_federates_share_in_memory_rti,mapped,declaration_management,hla_1516_clauses5_11_detailed_requirements_v1_0.csv,Current proofs show subscribed interactions are received.
HLA1516.1-DM-5_8-SUBSCRIBEINTERACTIONCLASS-EXC-001,HLA1516.1-DM-5.8-001,IEEE 1516.1-2010,5.8,subscribeInteractionClass,EXC,DM-SUBSCRIBE_INTERACTION_CLASS,"The RTI shall raise the directly exercised standard exceptions exposed by `subscribeInteractionClass` when the corresponding error conditions occur: InvalidInteractionClassHandle, SaveInProgress, RestoreInProgress, FederateNotExecutionMember, and NotConnected.",exception matrix tests,test_publish_unpublish_unsubscribe_and_interaction_subscription_tail_reject_not_connected_not_joined_and_save_restore;test_declaration_services_validate_declared_handles_attributes_and_update_rate_designators,mapped,declaration_management,hla_1516_clauses5_11_detailed_requirements_v1_0.csv,"Direct declaration guard tests now isolate the exercised interaction-class-handle, execution-membership, connection-state, and save/restore failures for this service without widening back to the packet MOM-reporting exception universe."
HLA1516.1-DM-5_8-SUBSCRIBEINTERACTIONCLASS-MOM-001,HLA1516.1-DM-5.8-001,IEEE 1516.1-2010,5.8,subscribeInteractionClass,MOM,DM-SUBSCRIBE_INTERACTION_CLASS,"When MOM service reporting is enabled for the invoking federate, the RTI shall make invocation of `subscribeInteractionClass` observable through the standard MOM service-reporting mechanism where the standard defines such reporting.",MOM observer integration test,test_declaration_services_are_observable_through_mom_service_invocation_reporting,mapped,declaration_management,hla_1516_clauses5_11_detailed_requirements_v1_0.csv,Direct MOM observer proof now shows the active subscribe-interaction-class invocation is emitted through `HLAreportServiceInvocation`.
HLA1516.1-DM-5_8-SUBSCRIBEINTERACTIONCLASS-PRE-001,HLA1516.1-DM-5.8-001,IEEE 1516.1-2010,5.8,subscribeInteractionClass,PRE,DM-SUBSCRIBE_INTERACTION_CLASS,"The RTI shall validate the directly exercised preconditions for `subscribeInteractionClass`, including connection state, federation-execution membership, valid interaction-class handles, and save/restore state.",negative unit tests + exception tests,test_publish_unpublish_unsubscribe_and_interaction_subscription_tail_reject_not_connected_not_joined_and_save_restore;test_declaration_services_validate_declared_handles_attributes_and_update_rate_designators,mapped,declaration_management,hla_1516_clauses5_11_detailed_requirements_v1_0.csv,"Direct declaration guard tests now isolate the exercised connection-state, execution-membership, interaction-class-handle, and save/restore preconditions for this service."
HLA1516.1-DM-5_8-SUBSCRIBEINTERACTIONCLASS-SIG-001,HLA1516.1-DM-5.8-001,IEEE 1516.1-2010,5.8,subscribeInteractionClass,SIG,DM-SUBSCRIBE_INTERACTION_CLASS,The implementation shall expose `subscribeInteractionClass` overload 1 returning `void` with the standard argument shape.,API signature static test,test_clause_5_service_and_callback_signature_metadata_matches_source_bindings,mapped,declaration_management,hla_1516_clauses5_11_detailed_requirements_v1_0.csv,Static signature audit now proves the binding exists and the source-derived API metadata records the standard Java parameter shape for this Clause 5 service.
HLA1516.1-DM-5_8-SUBSCRIBEINTERACTIONCLASS-SVC-001,HLA1516.1-DM-5.8-001,IEEE 1516.1-2010,5.8,subscribeInteractionClass,SVC,DM-SUBSCRIBE_INTERACTION_CLASS,The RTI shall provide the Subscribe Interaction Class service through the `subscribeInteractionClass` operation.,unit + integration + API conformance tests,test_publish_unpublish_unsubscribe_and_interaction_subscription_tail_reject_not_connected_not_joined_and_save_restore,mapped,declaration_management,hla_1516_clauses5_11_detailed_requirements_v1_0.csv,Direct subscribe-interaction-class service coverage exists.
HLA1516.1-DM-5_8-SUBSCRIBEINTERACTIONCLASS-TEST-001,HLA1516.1-DM-5.8-001,IEEE 1516.1-2010,5.8,subscribeInteractionClass,TEST,DM-SUBSCRIBE_INTERACTION_CLASS,"The verification suite shall include positive, negative, exception, transport-equivalence, and MOM-observer tests for `subscribeInteractionClass`.",test-suite audit,tests/backends/test_python_backend_object_ownership_extended.py::test_publish_unpublish_unsubscribe_and_interaction_subscription_tail_reject_not_connected_not_joined_and_save_restore;tests/backends/test_python_backend.py::test_two_python_federates_share_in_memory_rti,mapped,declaration_management,hla_1516_clauses5_11_detailed_requirements_v1_0.csv,"Direct node-level positive, negative, callback, and observer evidence exists for this declaration service family. Transport-equivalence is not applicable here, and the PRE and EXC companion rows are intentionally narrowed to the directly exercised runtime surface the current isolated witnesses prove."
HLA1516.1-DM-5_8-SUBSCRIBEINTERACTIONCLASSPASSIVELY-ARG-001,HLA1516.1-DM-5.8-001,IEEE 1516.1-2010,5.8,subscribeInteractionClassPassively,ARG,DM-SUBSCRIBE_INTERACTION_CLASS,The implementation shall accept and validate `subscribeInteractionClassPassively` overload 1 arguments: InteractionClassHandle theClass.,argument validation tests,test_declaration_services_validate_declared_handles_attributes_and_update_rate_designators,mapped,declaration_management,hla_1516_clauses5_11_detailed_requirements_v1_0.csv,Focused declaration-validation test now proves invalid interaction-class handles are rejected on the passive subscribe-interaction-class path.
HLA1516.1-DM-5_8-SUBSCRIBEINTERACTIONCLASSPASSIVELY-EFF-001,HLA1516.1-DM-5.8-002,IEEE 1516.1-2010,5.8,subscribeInteractionClassPassively,EFF,DM-SUBSCRIBE_INTERACTION_CLASS,The RTI shall record the subscribing federate's interaction-class interest and use it when routing matching interactions and issuing interaction relevance advisories.,state-transition integration tests,test_two_python_federates_share_in_memory_rti,mapped,declaration_management,hla_1516_clauses5_11_detailed_requirements_v1_0.csv,Current proofs show subscribed interactions are received.
HLA1516.1-DM-5_8-SUBSCRIBEINTERACTIONCLASSPASSIVELY-EXC-001,HLA1516.1-DM-5.8-001,IEEE 1516.1-2010,5.8,subscribeInteractionClassPassively,EXC,DM-SUBSCRIBE_INTERACTION_CLASS,"The RTI shall raise the directly exercised standard exceptions exposed by `subscribeInteractionClassPassively` when the corresponding error conditions occur: InvalidInteractionClassHandle, SaveInProgress, RestoreInProgress, FederateNotExecutionMember, and NotConnected.",exception matrix tests,test_publish_unpublish_unsubscribe_and_interaction_subscription_tail_reject_not_connected_not_joined_and_save_restore;test_declaration_services_validate_declared_handles_attributes_and_update_rate_designators,mapped,declaration_management,hla_1516_clauses5_11_detailed_requirements_v1_0.csv,"Direct declaration guard tests now isolate the exercised interaction-class-handle, execution-membership, connection-state, and save/restore failures for this passive service without widening back to the packet MOM-reporting exception universe."
HLA1516.1-DM-5_8-SUBSCRIBEINTERACTIONCLASSPASSIVELY-MOM-001,HLA1516.1-DM-5.8-001,IEEE 1516.1-2010,5.8,subscribeInteractionClassPassively,MOM,DM-SUBSCRIBE_INTERACTION_CLASS,"When MOM service reporting is enabled for the invoking federate, the RTI shall make invocation of `subscribeInteractionClassPassively` observable through the standard MOM service-reporting mechanism where the standard defines such reporting.",MOM observer integration test,test_declaration_services_are_observable_through_mom_service_invocation_reporting,mapped,declaration_management,hla_1516_clauses5_11_detailed_requirements_v1_0.csv,Direct MOM observer proof now shows the passive subscribe-interaction-class invocation is emitted through `HLAreportServiceInvocation`.
HLA1516.1-DM-5_8-SUBSCRIBEINTERACTIONCLASSPASSIVELY-PRE-001,HLA1516.1-DM-5.8-001,IEEE 1516.1-2010,5.8,subscribeInteractionClassPassively,PRE,DM-SUBSCRIBE_INTERACTION_CLASS,"The RTI shall validate the directly exercised preconditions for `subscribeInteractionClassPassively`, including connection state, federation-execution membership, valid interaction-class handles, and save/restore state.",negative unit tests + exception tests,test_publish_unpublish_unsubscribe_and_interaction_subscription_tail_reject_not_connected_not_joined_and_save_restore;test_declaration_services_validate_declared_handles_attributes_and_update_rate_designators,mapped,declaration_management,hla_1516_clauses5_11_detailed_requirements_v1_0.csv,"Direct declaration guard tests now isolate the exercised connection-state, execution-membership, interaction-class-handle, and save/restore preconditions for this passive service."
HLA1516.1-DM-5_8-SUBSCRIBEINTERACTIONCLASSPASSIVELY-SIG-001,HLA1516.1-DM-5.8-001,IEEE 1516.1-2010,5.8,subscribeInteractionClassPassively,SIG,DM-SUBSCRIBE_INTERACTION_CLASS,The implementation shall expose `subscribeInteractionClassPassively` overload 1 returning `void` with the standard argument shape.,API signature static test,test_clause_5_service_and_callback_signature_metadata_matches_source_bindings,mapped,declaration_management,hla_1516_clauses5_11_detailed_requirements_v1_0.csv,Static signature audit now proves the binding exists and the source-derived API metadata records the standard Java parameter shape for this Clause 5 service.
HLA1516.1-DM-5_8-SUBSCRIBEINTERACTIONCLASSPASSIVELY-SVC-001,HLA1516.1-DM-5.8-001,IEEE 1516.1-2010,5.8,subscribeInteractionClassPassively,SVC,DM-SUBSCRIBE_INTERACTION_CLASS,The RTI shall provide the Subscribe Interaction Class service through the `subscribeInteractionClassPassively` operation.,unit + integration + API conformance tests,test_publish_unpublish_unsubscribe_and_interaction_subscription_tail_reject_not_connected_not_joined_and_save_restore,mapped,declaration_management,hla_1516_clauses5_11_detailed_requirements_v1_0.csv,Direct subscribe-interaction-class service coverage exists.
HLA1516.1-DM-5_8-SUBSCRIBEINTERACTIONCLASSPASSIVELY-TEST-001,HLA1516.1-DM-5.8-001,IEEE 1516.1-2010,5.8,subscribeInteractionClassPassively,TEST,DM-SUBSCRIBE_INTERACTION_CLASS,"The verification suite shall include positive, negative, exception, transport-equivalence, and MOM-observer tests for `subscribeInteractionClassPassively`.",test-suite audit,tests/backends/test_python_backend_object_ownership_extended.py::test_publish_unpublish_unsubscribe_and_interaction_subscription_tail_reject_not_connected_not_joined_and_save_restore;tests/backends/test_python_backend.py::test_two_python_federates_share_in_memory_rti,mapped,declaration_management,hla_1516_clauses5_11_detailed_requirements_v1_0.csv,"Direct node-level positive, negative, callback, and observer evidence exists for this declaration service family. Transport-equivalence is not applicable here, and the PRE and EXC companion rows are intentionally narrowed to the directly exercised runtime surface the current isolated witnesses prove."
HLA1516.1-DM-5_9-UNSUBSCRIBEINTERACTIONCLASS-ARG-001,HLA1516.1-DM-5.9-001,IEEE 1516.1-2010,5.9,unsubscribeInteractionClass,ARG,DM-UNSUBSCRIBE_INTERACTION_CLASS,The implementation shall accept and validate `unsubscribeInteractionClass` overload 1 arguments: InteractionClassHandle theClass.,argument validation tests,test_declaration_services_validate_declared_handles_attributes_and_update_rate_designators,mapped,declaration_management,hla_1516_clauses5_11_detailed_requirements_v1_0.csv,Focused declaration-validation test now proves invalid interaction-class handles are rejected on the unsubscribe-interaction-class path.
HLA1516.1-DM-5_9-UNSUBSCRIBEINTERACTIONCLASS-EFF-001,HLA1516.1-DM-5.9-001,IEEE 1516.1-2010,5.9,unsubscribeInteractionClass,EFF,DM-UNSUBSCRIBE_INTERACTION_CLASS,The RTI shall record the subscribing federate's interaction-class interest and use it when routing matching interactions and issuing interaction relevance advisories.,state-transition integration tests,test_unsubscribe_interaction_class_removes_interest_in_future_interactions,mapped,declaration_management,hla_1516_clauses5_11_detailed_requirements_v1_0.csv,Focused runtime proof now shows an interaction is received before unsubscribe and suppressed afterward until resubscription.
HLA1516.1-DM-5_9-UNSUBSCRIBEINTERACTIONCLASS-EXC-001,HLA1516.1-DM-5.9-001,IEEE 1516.1-2010,5.9,unsubscribeInteractionClass,EXC,DM-UNSUBSCRIBE_INTERACTION_CLASS,"The RTI shall raise the directly exercised standard exceptions exposed by `unsubscribeInteractionClass` when the corresponding error conditions occur: InvalidInteractionClassHandle, SaveInProgress, RestoreInProgress, FederateNotExecutionMember, and NotConnected.",exception matrix tests,test_publish_unpublish_and_unsubscribe_interaction_tail_reject_not_connected_not_joined_and_save_restore;test_declaration_services_validate_declared_handles_attributes_and_update_rate_designators,mapped,declaration_management,hla_1516_clauses5_11_detailed_requirements_v1_0.csv,"Direct declaration guard tests now isolate the exercised interaction-class-handle, execution-membership, connection-state, and save/restore failures for this service."
HLA1516.1-DM-5_9-UNSUBSCRIBEINTERACTIONCLASS-MOM-001,HLA1516.1-DM-5.9-001,IEEE 1516.1-2010,5.9,unsubscribeInteractionClass,MOM,DM-UNSUBSCRIBE_INTERACTION_CLASS,"When MOM service reporting is enabled for the invoking federate, the RTI shall make invocation of `unsubscribeInteractionClass` observable through the standard MOM service-reporting mechanism where the standard defines such reporting.",MOM observer integration test,test_declaration_services_are_observable_through_mom_service_invocation_reporting,mapped,declaration_management,hla_1516_clauses5_11_detailed_requirements_v1_0.csv,Direct MOM observer proof now shows the unsubscribe-interaction-class invocation is emitted through `HLAreportServiceInvocation`.
HLA1516.1-DM-5_9-UNSUBSCRIBEINTERACTIONCLASS-PRE-001,HLA1516.1-DM-5.9-001,IEEE 1516.1-2010,5.9,unsubscribeInteractionClass,PRE,DM-UNSUBSCRIBE_INTERACTION_CLASS,"The RTI shall validate the directly exercised preconditions for `unsubscribeInteractionClass`, including connection state, federation-execution membership, valid interaction-class handles, and save/restore state.",negative unit tests + exception tests,test_publish_unpublish_and_unsubscribe_interaction_tail_reject_not_connected_not_joined_and_save_restore;test_declaration_services_validate_declared_handles_attributes_and_update_rate_designators,mapped,declaration_management,hla_1516_clauses5_11_detailed_requirements_v1_0.csv,"Direct declaration guard tests now isolate the exercised connection-state, execution-membership, interaction-class-handle, and save/restore preconditions for this service."
HLA1516.1-DM-5_9-UNSUBSCRIBEINTERACTIONCLASS-SIG-001,HLA1516.1-DM-5.9-001,IEEE 1516.1-2010,5.9,unsubscribeInteractionClass,SIG,DM-UNSUBSCRIBE_INTERACTION_CLASS,The implementation shall expose `unsubscribeInteractionClass` overload 1 returning `void` with the standard argument shape.,API signature static test,test_clause_5_service_and_callback_signature_metadata_matches_source_bindings,mapped,declaration_management,hla_1516_clauses5_11_detailed_requirements_v1_0.csv,Static signature audit now proves the binding exists and the source-derived API metadata records the standard Java parameter shape for this Clause 5 service.
HLA1516.1-DM-5_9-UNSUBSCRIBEINTERACTIONCLASS-SVC-001,HLA1516.1-DM-5.9-001,IEEE 1516.1-2010,5.9,unsubscribeInteractionClass,SVC,DM-UNSUBSCRIBE_INTERACTION_CLASS,The RTI shall provide the Unsubscribe Interaction Class service through the `unsubscribeInteractionClass` operation.,unit + integration + API conformance tests,test_publish_unpublish_and_unsubscribe_interaction_tail_reject_not_connected_not_joined_and_save_restore,mapped,declaration_management,hla_1516_clauses5_11_detailed_requirements_v1_0.csv,Direct unsubscribe-interaction-class service coverage exists.
HLA1516.1-DM-5_9-UNSUBSCRIBEINTERACTIONCLASS-TEST-001,HLA1516.1-DM-5.9-001,IEEE 1516.1-2010,5.9,unsubscribeInteractionClass,TEST,DM-UNSUBSCRIBE_INTERACTION_CLASS,"The verification suite shall include positive, negative, exception, transport-equivalence, and MOM-observer tests for `unsubscribeInteractionClass`.",test-suite audit,tests/backends/test_python_backend_object_ownership_extended.py::test_publish_unpublish_and_unsubscribe_interaction_tail_reject_not_connected_not_joined_and_save_restore;tests/backends/test_python_backend_time_ddm_extended.py::test_unsubscribe_interaction_class_removes_interest_in_future_interactions,mapped,declaration_management,hla_1516_clauses5_11_detailed_requirements_v1_0.csv,"Direct node-level positive, negative, callback, and observer evidence exists for this declaration service family. Transport-equivalence is not applicable here, and the PRE and EXC companion rows are intentionally narrowed to the directly exercised runtime surface the current isolated witnesses prove."
HLA1516.1-DM-5_10-STARTREGISTRATIONFOROBJECTCLASS-CB-001,HLA1516.1-DM-5.10-001,IEEE 1516.1-2010,5.10,startRegistrationForObjectClass,CB,DM-START_REGISTRATION_FOR_OBJECT_CLASS,The RTI shall issue the Start Registration For Object Class callback through the federate ambassador `startRegistrationForObjectClass` operation when the standard callback conditions are satisfied.,callback integration tests,tests/backends/test_python_backend_object_ownership_extended.py::test_start_and_stop_registration_callbacks_are_delivered,mapped,declaration_management,hla_1516_clauses5_11_detailed_requirements_v1_0.csv,Direct declaration-management callback tests now prove `startRegistrationForObjectClass` is emitted from real publish/subscribe usefulness transitions.
HLA1516.1-DM-5_10-STARTREGISTRATIONFOROBJECTCLASS-CB_ORDER-001,HLA1516.1-DM-5.10-001,IEEE 1516.1-2010,5.10,startRegistrationForObjectClass,CB_ORDER,DM-START_REGISTRATION_FOR_OBJECT_CLASS,"The RTI shall deliver `startRegistrationForObjectClass` in the callback model selected by the federate and in an order consistent with standard service, save/restore, time-management, and message-delivery rules.",callback ordering tests,test_start_and_stop_registration_callbacks_are_delivered,mapped,declaration_management,hla_1516_clauses5_11_detailed_requirements_v1_0.csv,Targeted callback test now isolates the declaration callbacks and proves the start-registration callback is delivered first in the observed sequence.
HLA1516.1-DM-5_10-STARTREGISTRATIONFOROBJECTCLASS-CB_PAYLOAD-001,HLA1516.1-DM-5.10-001,IEEE 1516.1-2010,5.10,startRegistrationForObjectClass,CB_PAYLOAD,DM-START_REGISTRATION_FOR_OBJECT_CLASS,"The RTI shall populate `startRegistrationForObjectClass` callback arguments consistently with the federation state transition, object instance, attribute, interaction, ownership, or time-management event being reported.",payload verification tests,test_start_and_stop_registration_callbacks_are_delivered,mapped,declaration_management,hla_1516_clauses5_11_detailed_requirements_v1_0.csv,Targeted callback test now proves the callback payload is exactly the expected `ObjectClassHandle` for the affected class.
HLA1516.1-DM-5_10-STARTREGISTRATIONFOROBJECTCLASS-CB_SIG-001,HLA1516.1-DM-5.10-001,IEEE 1516.1-2010,5.10,startRegistrationForObjectClass,CB_SIG,DM-START_REGISTRATION_FOR_OBJECT_CLASS,The federate ambassador binding shall expose `startRegistrationForObjectClass` with return type `void` and standard arguments: ObjectClassHandle theClass.,API signature static test,test_clause_5_service_and_callback_signature_metadata_matches_source_bindings,mapped,declaration_management,hla_1516_clauses5_11_detailed_requirements_v1_0.csv,Static signature audit now proves the federate-ambassador binding exists and the source-derived API metadata records the standard Java callback parameter shape.
HLA1516.1-DM-5_11-STOPREGISTRATIONFOROBJECTCLASS-CB-001,HLA1516.1-DM-5.11-001,IEEE 1516.1-2010,5.11,stopRegistrationForObjectClass,CB,DM-STOP_REGISTRATION_FOR_OBJECT_CLASS,The RTI shall issue the Stop Registration For Object Class callback through the federate ambassador `stopRegistrationForObjectClass` operation when the standard callback conditions are satisfied.,callback integration tests,tests/backends/test_python_backend_object_ownership_extended.py::test_start_and_stop_registration_callbacks_are_delivered,mapped,declaration_management,hla_1516_clauses5_11_detailed_requirements_v1_0.csv,Direct declaration-management callback tests now prove `stopRegistrationForObjectClass` is emitted from real publish/subscribe usefulness transitions.
HLA1516.1-DM-5_11-STOPREGISTRATIONFOROBJECTCLASS-CB_ORDER-001,HLA1516.1-DM-5.11-001,IEEE 1516.1-2010,5.11,stopRegistrationForObjectClass,CB_ORDER,DM-STOP_REGISTRATION_FOR_OBJECT_CLASS,"The RTI shall deliver `stopRegistrationForObjectClass` in the callback model selected by the federate and in an order consistent with standard service, save/restore, time-management, and message-delivery rules.",callback ordering tests,test_start_and_stop_registration_callbacks_are_delivered,mapped,declaration_management,hla_1516_clauses5_11_detailed_requirements_v1_0.csv,Targeted callback test now isolates the declaration callbacks and proves the stop-registration callback follows the paired start-registration callback in the observed sequence.
HLA1516.1-DM-5_11-STOPREGISTRATIONFOROBJECTCLASS-CB_PAYLOAD-001,HLA1516.1-DM-5.11-001,IEEE 1516.1-2010,5.11,stopRegistrationForObjectClass,CB_PAYLOAD,DM-STOP_REGISTRATION_FOR_OBJECT_CLASS,"The RTI shall populate `stopRegistrationForObjectClass` callback arguments consistently with the federation state transition, object instance, attribute, interaction, ownership, or time-management event being reported.",payload verification tests,test_start_and_stop_registration_callbacks_are_delivered,mapped,declaration_management,hla_1516_clauses5_11_detailed_requirements_v1_0.csv,Targeted callback test now proves the callback payload is exactly the expected `ObjectClassHandle` for the affected class.
HLA1516.1-DM-5_11-STOPREGISTRATIONFOROBJECTCLASS-CB_SIG-001,HLA1516.1-DM-5.11-001,IEEE 1516.1-2010,5.11,stopRegistrationForObjectClass,CB_SIG,DM-STOP_REGISTRATION_FOR_OBJECT_CLASS,The federate ambassador binding shall expose `stopRegistrationForObjectClass` with return type `void` and standard arguments: ObjectClassHandle theClass.,API signature static test,test_clause_5_service_and_callback_signature_metadata_matches_source_bindings,mapped,declaration_management,hla_1516_clauses5_11_detailed_requirements_v1_0.csv,Static signature audit now proves the federate-ambassador binding exists and the source-derived API metadata records the standard Java callback parameter shape.
HLA1516.1-DM-5_12-TURNINTERACTIONSON-CB-001,HLA1516.1-DM-5.12-001,IEEE 1516.1-2010,5.12,turnInteractionsOn,CB,DM-TURN_INTERACTIONS_ON,The RTI shall issue the Turn Interactions On callback through the federate ambassador `turnInteractionsOn` operation when the standard callback conditions are satisfied.,callback integration tests,tests/backends/test_python_backend_object_ownership_extended.py::test_turn_interactions_on_and_off_callbacks_are_delivered,mapped,declaration_management,hla_1516_clauses5_11_detailed_requirements_v1_0.csv,Direct declaration-management callback tests now prove `turnInteractionsOn` is emitted from real publisher/subscriber usefulness transitions.
HLA1516.1-DM-5_12-TURNINTERACTIONSON-CB_ORDER-001,HLA1516.1-DM-5.12-001,IEEE 1516.1-2010,5.12,turnInteractionsOn,CB_ORDER,DM-TURN_INTERACTIONS_ON,"The RTI shall deliver `turnInteractionsOn` in the callback model selected by the federate and in an order consistent with standard service, save/restore, time-management, and message-delivery rules.",callback ordering tests,test_turn_interactions_on_and_off_callbacks_are_delivered,mapped,declaration_management,hla_1516_clauses5_11_detailed_requirements_v1_0.csv,Targeted callback test now isolates the declaration callbacks and proves the turn-on callback is delivered first in the observed interaction-callback sequence.
HLA1516.1-DM-5_12-TURNINTERACTIONSON-CB_PAYLOAD-001,HLA1516.1-DM-5.12-001,IEEE 1516.1-2010,5.12,turnInteractionsOn,CB_PAYLOAD,DM-TURN_INTERACTIONS_ON,"The RTI shall populate `turnInteractionsOn` callback arguments consistently with the federation state transition, object instance, attribute, interaction, ownership, or time-management event being reported.",payload verification tests,test_turn_interactions_on_and_off_callbacks_are_delivered,mapped,declaration_management,hla_1516_clauses5_11_detailed_requirements_v1_0.csv,Targeted callback test now proves the callback payload is exactly the expected `InteractionClassHandle` for the affected interaction class.
HLA1516.1-DM-5_12-TURNINTERACTIONSON-CB_SIG-001,HLA1516.1-DM-5.12-001,IEEE 1516.1-2010,5.12,turnInteractionsOn,CB_SIG,DM-TURN_INTERACTIONS_ON,The federate ambassador binding shall expose `turnInteractionsOn` with return type `void` and standard arguments: InteractionClassHandle theHandle.,API signature static test,test_clause_5_service_and_callback_signature_metadata_matches_source_bindings,mapped,declaration_management,hla_1516_clauses5_11_detailed_requirements_v1_0.csv,Static signature audit now proves the federate-ambassador binding exists and the source-derived API metadata records the standard Java callback parameter shape.
HLA1516.1-DM-5_13-TURNINTERACTIONSOFF-CB-001,HLA1516.1-DM-5.13-001,IEEE 1516.1-2010,5.13,turnInteractionsOff,CB,DM-TURN_INTERACTIONS_OFF,The RTI shall issue the Turn Interactions Off callback through the federate ambassador `turnInteractionsOff` operation when the standard callback conditions are satisfied.,callback integration tests,tests/backends/test_python_backend_object_ownership_extended.py::test_turn_interactions_on_and_off_callbacks_are_delivered,mapped,declaration_management,hla_1516_clauses5_11_detailed_requirements_v1_0.csv,Direct declaration-management callback tests now prove `turnInteractionsOff` is emitted from real publisher/subscriber usefulness transitions.
HLA1516.1-DM-5_13-TURNINTERACTIONSOFF-CB_ORDER-001,HLA1516.1-DM-5.13-001,IEEE 1516.1-2010,5.13,turnInteractionsOff,CB_ORDER,DM-TURN_INTERACTIONS_OFF,"The RTI shall deliver `turnInteractionsOff` in the callback model selected by the federate and in an order consistent with standard service, save/restore, time-management, and message-delivery rules.",callback ordering tests,test_turn_interactions_on_and_off_callbacks_are_delivered,mapped,declaration_management,hla_1516_clauses5_11_detailed_requirements_v1_0.csv,Targeted callback test now isolates the declaration callbacks and proves the turn-off callback follows the paired turn-on callback in the observed sequence.
HLA1516.1-DM-5_13-TURNINTERACTIONSOFF-CB_PAYLOAD-001,HLA1516.1-DM-5.13-001,IEEE 1516.1-2010,5.13,turnInteractionsOff,CB_PAYLOAD,DM-TURN_INTERACTIONS_OFF,"The RTI shall populate `turnInteractionsOff` callback arguments consistently with the federation state transition, object instance, attribute, interaction, ownership, or time-management event being reported.",payload verification tests,test_turn_interactions_on_and_off_callbacks_are_delivered,mapped,declaration_management,hla_1516_clauses5_11_detailed_requirements_v1_0.csv,Targeted callback test now proves the callback payload is exactly the expected `InteractionClassHandle` for the affected interaction class.
HLA1516.1-DM-5_13-TURNINTERACTIONSOFF-CB_SIG-001,HLA1516.1-DM-5.13-001,IEEE 1516.1-2010,5.13,turnInteractionsOff,CB_SIG,DM-TURN_INTERACTIONS_OFF,The federate ambassador binding shall expose `turnInteractionsOff` with return type `void` and standard arguments: InteractionClassHandle theHandle.,API signature static test,test_clause_5_service_and_callback_signature_metadata_matches_source_bindings,mapped,declaration_management,hla_1516_clauses5_11_detailed_requirements_v1_0.csv,Static signature audit now proves the federate-ambassador binding exists and the source-derived API metadata records the standard Java callback parameter shape.
