asset_id,asset_type,title,section_ref,status,evidence,gaps
REQ-MOM-TABLE-001,requirement,MOM object and interaction exposure is derived from the active MIM/FOM catalog,1516.1-2010 §11.2,implemented-slice,hla2010/mom_catalog.py::build_mom_exposure_model; tests/mom/test_mom_catalog_validation_v012.py::test_mom_catalog_is_derived_from_standard_mim_and_exposes_validation_matrix,
REQ-MOM-TABLE-001,requirement,MOM object and interaction exposure is derived from the active MIM/FOM catalog,1516.1-2010 §11.3,implemented-slice,hla2010/mom_catalog.py::build_mom_exposure_model; tests/mom/test_mom_catalog_validation_v012.py::test_mom_catalog_is_derived_from_standard_mim_and_exposes_validation_matrix,
REQ-MOM-TABLE-001,requirement,MOM object and interaction exposure is derived from the active MIM/FOM catalog,1516.1-2010 Annex G,implemented-slice,hla2010/mom_catalog.py::build_mom_exposure_model; tests/mom/test_mom_catalog_validation_v012.py::test_mom_catalog_is_derived_from_standard_mim_and_exposes_validation_matrix,
REQ-MOM-NEG-001,requirement,Strict MOM decoding reports and raises through generated parameterized negative-path tests,1516.1-2010 §11.4.1,implemented-slice,hla2010/mom_negative_testing.py::build_mom_negative_test_cases; tests/verification/test_mom_negative_matrix_executable_v013.py::test_generated_mom_negative_matrix_case_executes; tests/test_mom_negative_matrix_parametrized_v013.py::test_generated_mom_negative_matrix_case_executes; verification/mom_negative_matrix_v0_13.json,Semantic HLAservice precondition-negative rows remain planned separately because they require service-specific federation setup.
REQ-MOM-NEG-001,requirement,Strict MOM decoding reports and raises through generated parameterized negative-path tests,1516.1-2010 §11.5,implemented-slice,hla2010/mom_negative_testing.py::build_mom_negative_test_cases; tests/verification/test_mom_negative_matrix_executable_v013.py::test_generated_mom_negative_matrix_case_executes; tests/test_mom_negative_matrix_parametrized_v013.py::test_generated_mom_negative_matrix_case_executes; verification/mom_negative_matrix_v0_13.json,Semantic HLAservice precondition-negative rows remain planned separately because they require service-specific federation setup.
REQ-MOM-REPORT-001,requirement,MOM reports use the exact parameter names declared in the active MIM catalog,1516.1-2010 §11.3,implemented-slice,tests/mom/test_mom_catalog_validation_v012.py::test_mom_report_payload_uses_exact_mim_catalog_parameters,Report payload values are still local-process diagnostics for several specialized report classes.
REQ-MOM-REPORT-001,requirement,MOM reports use the exact parameter names declared in the active MIM catalog,1516.1-2010 §11.4.1,implemented-slice,tests/mom/test_mom_catalog_validation_v012.py::test_mom_report_payload_uses_exact_mim_catalog_parameters,Report payload values are still local-process diagnostics for several specialized report classes.
REQ-MOM-REPORT-001,requirement,MOM reports use the exact parameter names declared in the active MIM catalog,1516.1-2010 Annex G,implemented-slice,tests/mom/test_mom_catalog_validation_v012.py::test_mom_report_payload_uses_exact_mim_catalog_parameters,Report payload values are still local-process diagnostics for several specialized report classes.
REQ-MOM-SERVICE-001,requirement,MOM HLAservice interactions are modeled as RTI-received actions with negative-path service failure reporting,1516.1-2010 §11.3,implemented-slice,packages/hla-backend-inmemory/src/hla.backends.inmemory/mom_actions.py::_run_mom_service_action; verification/mom_negative_matrix_v0_12.json,Not every Annex G service action has a complete semantic implementation yet.
REQ-MOM-SERVICE-001,requirement,MOM HLAservice interactions are modeled as RTI-received actions with negative-path service failure reporting,1516.1-2010 §11.4.1,implemented-slice,packages/hla-backend-inmemory/src/hla.backends.inmemory/mom_actions.py::_run_mom_service_action; verification/mom_negative_matrix_v0_12.json,Not every Annex G service action has a complete semantic implementation yet.
REQ-MOM-OBSERVER-001,requirement,"A MOM observer witness can reconstruct federation-visible MOM objects, reports, and service invocation traffic",1516.1-2010 §11.2,implemented-slice,tests/verification/test_mom_observer_slice_v013.py::test_mom_observer_slice_reconstructs_federate_object_discovery_and_reflection; tests/verification/test_mom_observer_slice_v013.py::test_mom_observer_slice_reconstructs_mim_request_report_exchange; tests/verification/test_mom_observer_slice_v013.py::test_mom_observer_slice_reconstructs_service_invocation_reporting; analysis/compliance/verification_traceability.csv,"The observer proof is currently a focused local-process slice, not yet a standalone reusable monitor federate package."
REQ-MOM-OBSERVER-001,requirement,"A MOM observer witness can reconstruct federation-visible MOM objects, reports, and service invocation traffic",1516.1-2010 §11.3,implemented-slice,tests/verification/test_mom_observer_slice_v013.py::test_mom_observer_slice_reconstructs_federate_object_discovery_and_reflection; tests/verification/test_mom_observer_slice_v013.py::test_mom_observer_slice_reconstructs_mim_request_report_exchange; tests/verification/test_mom_observer_slice_v013.py::test_mom_observer_slice_reconstructs_service_invocation_reporting; analysis/compliance/verification_traceability.csv,"The observer proof is currently a focused local-process slice, not yet a standalone reusable monitor federate package."
REQ-MOM-OBSERVER-001,requirement,"A MOM observer witness can reconstruct federation-visible MOM objects, reports, and service invocation traffic",1516.1-2010 §11.5,implemented-slice,tests/verification/test_mom_observer_slice_v013.py::test_mom_observer_slice_reconstructs_federate_object_discovery_and_reflection; tests/verification/test_mom_observer_slice_v013.py::test_mom_observer_slice_reconstructs_mim_request_report_exchange; tests/verification/test_mom_observer_slice_v013.py::test_mom_observer_slice_reconstructs_service_invocation_reporting; analysis/compliance/verification_traceability.csv,"The observer proof is currently a focused local-process slice, not yet a standalone reusable monitor federate package."
REQ-OMT-PARSE-001,requirement,"FOM/MIM XML parsing and name-bearing OMT catalog extraction cover the active 1516.2 object, interaction, attribute, parameter, dimension, and time tables",1516.2-2010 §4,implemented-slice,hla2010/fom.py::parse_fom_xml; tests/factories/test_fom_time_factories.py::test_python_rti_resolves_fom_path_and_uses_requested_time_factory; tests/scenarios/test_startup_sync_fom_java_translation_v09.py::test_strict_fom_lookup_rejects_unknown_names; tests/time/test_mom_mim_and_time_semantics_v010.py::test_mom_fom_module_request_reports_requested_module_payload,
REQ-OMT-PARSE-001,requirement,"FOM/MIM XML parsing and name-bearing OMT catalog extraction cover the active 1516.2 object, interaction, attribute, parameter, dimension, and time tables",1516.2-2010 §4.2,implemented-slice,hla2010/fom.py::parse_fom_xml; tests/factories/test_fom_time_factories.py::test_python_rti_resolves_fom_path_and_uses_requested_time_factory; tests/scenarios/test_startup_sync_fom_java_translation_v09.py::test_strict_fom_lookup_rejects_unknown_names; tests/time/test_mom_mim_and_time_semantics_v010.py::test_mom_fom_module_request_reports_requested_module_payload,
REQ-OMT-PARSE-001,requirement,"FOM/MIM XML parsing and name-bearing OMT catalog extraction cover the active 1516.2 object, interaction, attribute, parameter, dimension, and time tables",1516.2-2010 §4.3,implemented-slice,hla2010/fom.py::parse_fom_xml; tests/factories/test_fom_time_factories.py::test_python_rti_resolves_fom_path_and_uses_requested_time_factory; tests/scenarios/test_startup_sync_fom_java_translation_v09.py::test_strict_fom_lookup_rejects_unknown_names; tests/time/test_mom_mim_and_time_semantics_v010.py::test_mom_fom_module_request_reports_requested_module_payload,
REQ-OMT-PARSE-001,requirement,"FOM/MIM XML parsing and name-bearing OMT catalog extraction cover the active 1516.2 object, interaction, attribute, parameter, dimension, and time tables",1516.2-2010 §4.4,implemented-slice,hla2010/fom.py::parse_fom_xml; tests/factories/test_fom_time_factories.py::test_python_rti_resolves_fom_path_and_uses_requested_time_factory; tests/scenarios/test_startup_sync_fom_java_translation_v09.py::test_strict_fom_lookup_rejects_unknown_names; tests/time/test_mom_mim_and_time_semantics_v010.py::test_mom_fom_module_request_reports_requested_module_payload,
REQ-OMT-PARSE-001,requirement,"FOM/MIM XML parsing and name-bearing OMT catalog extraction cover the active 1516.2 object, interaction, attribute, parameter, dimension, and time tables",1516.2-2010 §4.5,implemented-slice,hla2010/fom.py::parse_fom_xml; tests/factories/test_fom_time_factories.py::test_python_rti_resolves_fom_path_and_uses_requested_time_factory; tests/scenarios/test_startup_sync_fom_java_translation_v09.py::test_strict_fom_lookup_rejects_unknown_names; tests/time/test_mom_mim_and_time_semantics_v010.py::test_mom_fom_module_request_reports_requested_module_payload,
REQ-OMT-PARSE-001,requirement,"FOM/MIM XML parsing and name-bearing OMT catalog extraction cover the active 1516.2 object, interaction, attribute, parameter, dimension, and time tables",1516.2-2010 §4.6,implemented-slice,hla2010/fom.py::parse_fom_xml; tests/factories/test_fom_time_factories.py::test_python_rti_resolves_fom_path_and_uses_requested_time_factory; tests/scenarios/test_startup_sync_fom_java_translation_v09.py::test_strict_fom_lookup_rejects_unknown_names; tests/time/test_mom_mim_and_time_semantics_v010.py::test_mom_fom_module_request_reports_requested_module_payload,
REQ-OMT-PARSE-001,requirement,"FOM/MIM XML parsing and name-bearing OMT catalog extraction cover the active 1516.2 object, interaction, attribute, parameter, dimension, and time tables",1516.2-2010 §4.7,implemented-slice,hla2010/fom.py::parse_fom_xml; tests/factories/test_fom_time_factories.py::test_python_rti_resolves_fom_path_and_uses_requested_time_factory; tests/scenarios/test_startup_sync_fom_java_translation_v09.py::test_strict_fom_lookup_rejects_unknown_names; tests/time/test_mom_mim_and_time_semantics_v010.py::test_mom_fom_module_request_reports_requested_module_payload,
REQ-OMT-PARSE-001,requirement,"FOM/MIM XML parsing and name-bearing OMT catalog extraction cover the active 1516.2 object, interaction, attribute, parameter, dimension, and time tables",1516.2-2010 Annex D,implemented-slice,hla2010/fom.py::parse_fom_xml; tests/factories/test_fom_time_factories.py::test_python_rti_resolves_fom_path_and_uses_requested_time_factory; tests/scenarios/test_startup_sync_fom_java_translation_v09.py::test_strict_fom_lookup_rejects_unknown_names; tests/time/test_mom_mim_and_time_semantics_v010.py::test_mom_fom_module_request_reports_requested_module_payload,
REQ-OMT-MERGE-001,requirement,FOM module merge and MIM/FOM combination rules are enforced for the supported 1516.2 subset,1516.2-2010 §7,implemented-slice,hla2010/fom.py::merge_fom_modules; tests/scenarios/test_startup_sync_fom_java_translation_v09.py::test_conflicting_time_implementations_are_rejected; tests/backends/test_python_backend_federation_extended.py::test_create_federation_execution_with_explicit_mim_overrides_default_mim; tests/backends/test_python_backend_federation_extended.py::test_join_federation_execution_with_additional_modules_updates_catalog,The merge policy is a supported subset of IEEE 1516.2-2010 §7 rather than a complete schema-level implementation.
REQ-OMT-SCHEMA-001,requirement,Annex E schema-level conformance checking is identified explicitly and remains planned,1516.2-2010 Annex E,planned,hla2010/fom.py,"The parser is intentionally not a full XML Schema validator, so Annex E conformance is not yet executable."
REQ-SERVICE-FILE-001,requirement,Service-report file output contains initial and per-service records with section anchors,1516.1-2010 §11.5,implemented-slice,hla2010/service_reporting.py; tests/verification/test_compliance_slice_v011.py::test_mom_service_reports_to_file_and_global_report_file,The current format is JSONL for auditability; exact vendor/report-file formatting is not claimed.
REQ-TIME-ORDER-001,requirement,Timestamp-order queues respect local GALT/LITS-style lower-bound rules and DDM filtering before delivery,1516.1-2010 §8.1,implemented-slice,hla2010/time_management.py; tests/verification/test_compliance_slice_v011.py::test_ddm_region_filtering_applies_before_timestamp_order_delivery,"The distributed-time algorithm remains a local-process approximation, not a proven multi-process LBTS algorithm."
REQ-TIME-ORDER-001,requirement,Timestamp-order queues respect local GALT/LITS-style lower-bound rules and DDM filtering before delivery,1516.1-2010 §8.13,implemented-slice,hla2010/time_management.py; tests/verification/test_compliance_slice_v011.py::test_ddm_region_filtering_applies_before_timestamp_order_delivery,"The distributed-time algorithm remains a local-process approximation, not a proven multi-process LBTS algorithm."
REQ-TIME-ORDER-001,requirement,Timestamp-order queues respect local GALT/LITS-style lower-bound rules and DDM filtering before delivery,1516.1-2010 §8.16,implemented-slice,hla2010/time_management.py; tests/verification/test_compliance_slice_v011.py::test_ddm_region_filtering_applies_before_timestamp_order_delivery,"The distributed-time algorithm remains a local-process approximation, not a proven multi-process LBTS algorithm."
REQ-TIME-ORDER-001,requirement,Timestamp-order queues respect local GALT/LITS-style lower-bound rules and DDM filtering before delivery,1516.1-2010 §8.18,implemented-slice,hla2010/time_management.py; tests/verification/test_compliance_slice_v011.py::test_ddm_region_filtering_applies_before_timestamp_order_delivery,"The distributed-time algorithm remains a local-process approximation, not a proven multi-process LBTS algorithm."
REQ-TIME-ORDER-001,requirement,Timestamp-order queues respect local GALT/LITS-style lower-bound rules and DDM filtering before delivery,1516.1-2010 §9,implemented-slice,hla2010/time_management.py; tests/verification/test_compliance_slice_v011.py::test_ddm_region_filtering_applies_before_timestamp_order_delivery,"The distributed-time algorithm remains a local-process approximation, not a proven multi-process LBTS algorithm."
REQ-SAVE-RESTORE-001,requirement,Save/restore coordinates with time-state and restores logical-time state,1516.1-2010 §4.16-§4.25,implemented-slice,tests/verification/test_compliance_slice_v011.py::test_scheduled_save_waits_for_time_and_restore_reinstates_time_state,External persistent save-file interchange is not implemented.
REQ-SAVE-RESTORE-001,requirement,Save/restore coordinates with time-state and restores logical-time state,1516.1-2010 §8,implemented-slice,tests/verification/test_compliance_slice_v011.py::test_scheduled_save_waits_for_time_and_restore_reinstates_time_state,External persistent save-file interchange is not implemented.
REQ-SAVE-RESTORE-OBJECT-STATE-001,requirement,"Save/restore reinstates saved object existence, name mapping, attribute values, and ownership state",1516-2010 §12.2,implemented-slice,packages/hla-backend-inmemory/src/hla.backends.inmemory/save_restore.py; tests/verification/test_compliance_slice_v011.py::test_restore_reinstates_saved_object_values_names_and_ownership_state,External persistent save-file interchange is not implemented.
REQ-SAVE-RESTORE-OBJECT-STATE-001,requirement,"Save/restore reinstates saved object existence, name mapping, attribute values, and ownership state",1516.1-2010 §4.24-§4.29,implemented-slice,packages/hla-backend-inmemory/src/hla.backends.inmemory/save_restore.py; tests/verification/test_compliance_slice_v011.py::test_restore_reinstates_saved_object_values_names_and_ownership_state,External persistent save-file interchange is not implemented.
REQ-SAVE-RESTORE-OBJECT-STATE-001,requirement,"Save/restore reinstates saved object existence, name mapping, attribute values, and ownership state",1516.1-2010 §6,implemented-slice,packages/hla-backend-inmemory/src/hla.backends.inmemory/save_restore.py; tests/verification/test_compliance_slice_v011.py::test_restore_reinstates_saved_object_values_names_and_ownership_state,External persistent save-file interchange is not implemented.
REQ-SAVE-RESTORE-OBJECT-STATE-001,requirement,"Save/restore reinstates saved object existence, name mapping, attribute values, and ownership state",1516.1-2010 §7,implemented-slice,packages/hla-backend-inmemory/src/hla.backends.inmemory/save_restore.py; tests/verification/test_compliance_slice_v011.py::test_restore_reinstates_saved_object_values_names_and_ownership_state,External persistent save-file interchange is not implemented.
REQ-SAVE-RESTORE-FEDERATE-LOCAL-STATE-001,requirement,"Save/restore reinstates saved federate runtime flags, policy switches, reporting switches, conveyance state, order-override state, and transportation-override state",1516-2010 §12.2,implemented-slice,packages/hla-backend-inmemory/src/hla.backends.inmemory/save_restore.py; tests/verification/test_compliance_slice_v011.py::test_restore_reinstates_saved_federate_runtime_flags_and_lookahead_state; tests/verification/test_compliance_slice_v011.py::test_restore_reinstates_saved_federate_policy_reporting_and_conveyance_switches; tests/verification/test_compliance_slice_v011.py::test_restore_reinstates_saved_attribute_and_interaction_order_overrides; tests/verification/test_compliance_slice_v011.py::test_restore_reinstates_saved_attribute_and_interaction_transportation_overrides; packages/hla-verification/src/hla.verification/scenario_target_radar_time.py::run_target_radar_time_window_restore_state_scenario; tests/scenarios/test_python_route_parity.py::test_python_route_parity_target_radar_time_window_restore_state,
REQ-SAVE-RESTORE-FEDERATE-LOCAL-STATE-001,requirement,"Save/restore reinstates saved federate runtime flags, policy switches, reporting switches, conveyance state, order-override state, and transportation-override state",1516.1-2010 §4.24-§4.29,implemented-slice,packages/hla-backend-inmemory/src/hla.backends.inmemory/save_restore.py; tests/verification/test_compliance_slice_v011.py::test_restore_reinstates_saved_federate_runtime_flags_and_lookahead_state; tests/verification/test_compliance_slice_v011.py::test_restore_reinstates_saved_federate_policy_reporting_and_conveyance_switches; tests/verification/test_compliance_slice_v011.py::test_restore_reinstates_saved_attribute_and_interaction_order_overrides; tests/verification/test_compliance_slice_v011.py::test_restore_reinstates_saved_attribute_and_interaction_transportation_overrides; packages/hla-verification/src/hla.verification/scenario_target_radar_time.py::run_target_radar_time_window_restore_state_scenario; tests/scenarios/test_python_route_parity.py::test_python_route_parity_target_radar_time_window_restore_state,
REQ-SAVE-RESTORE-FEDERATE-LOCAL-STATE-001,requirement,"Save/restore reinstates saved federate runtime flags, policy switches, reporting switches, conveyance state, order-override state, and transportation-override state",1516.1-2010 §8,implemented-slice,packages/hla-backend-inmemory/src/hla.backends.inmemory/save_restore.py; tests/verification/test_compliance_slice_v011.py::test_restore_reinstates_saved_federate_runtime_flags_and_lookahead_state; tests/verification/test_compliance_slice_v011.py::test_restore_reinstates_saved_federate_policy_reporting_and_conveyance_switches; tests/verification/test_compliance_slice_v011.py::test_restore_reinstates_saved_attribute_and_interaction_order_overrides; tests/verification/test_compliance_slice_v011.py::test_restore_reinstates_saved_attribute_and_interaction_transportation_overrides; packages/hla-verification/src/hla.verification/scenario_target_radar_time.py::run_target_radar_time_window_restore_state_scenario; tests/scenarios/test_python_route_parity.py::test_python_route_parity_target_radar_time_window_restore_state,
REQ-SAVE-RESTORE-CALLBACK-POLICY-001,requirement,Save/restore treats callback enablement as local runtime policy rather than persisted federation state,1516-2010 §12.2,implemented-slice,packages/hla-backend-inmemory/src/hla.backends.inmemory/save_restore.py; tests/verification/test_compliance_slice_v011.py::test_restore_treats_callback_enablement_as_runtime_policy_not_saved_state,
REQ-SAVE-RESTORE-CALLBACK-POLICY-001,requirement,Save/restore treats callback enablement as local runtime policy rather than persisted federation state,1516.1-2010 §4.24-§4.29,implemented-slice,packages/hla-backend-inmemory/src/hla.backends.inmemory/save_restore.py; tests/verification/test_compliance_slice_v011.py::test_restore_treats_callback_enablement_as_runtime_policy_not_saved_state,
REQ-SAVE-RESTORE-TRANSIENT-STATE-001,requirement,Save/restore discards stale pre-restore callback-queue and message-retraction bookkeeping state,1516-2010 §12.2,implemented-slice,packages/hla-backend-inmemory/src/hla.backends.inmemory/save_restore.py; tests/verification/test_compliance_slice_v011.py::test_restore_discards_pre_restore_callback_queue_and_retraction_bookkeeping,
REQ-SAVE-RESTORE-TRANSIENT-STATE-001,requirement,Save/restore discards stale pre-restore callback-queue and message-retraction bookkeeping state,1516.1-2010 §4.24-§4.29,implemented-slice,packages/hla-backend-inmemory/src/hla.backends.inmemory/save_restore.py; tests/verification/test_compliance_slice_v011.py::test_restore_discards_pre_restore_callback_queue_and_retraction_bookkeeping,
REQ-SAVE-RESTORE-TRANSIENT-STATE-001,requirement,Save/restore discards stale pre-restore callback-queue and message-retraction bookkeeping state,1516.1-2010 §8.21,implemented-slice,packages/hla-backend-inmemory/src/hla.backends.inmemory/save_restore.py; tests/verification/test_compliance_slice_v011.py::test_restore_discards_pre_restore_callback_queue_and_retraction_bookkeeping,
REQ-DM-DECLARATION-STATE-001,requirement,"Declaration-management state gates registration, update, and interaction send behavior",1516.1-2010 §5.1,implemented-slice,tests/backends/test_python_backend.py; tests/backends/test_python_backend_time_ddm_extended.py::test_strict_publication_gates_registration_update_and_interaction_sends; tests/scenarios/test_target_radar_scenario.py,
REQ-DM-DECLARATION-STATE-001,requirement,"Declaration-management state gates registration, update, and interaction send behavior",1516.1-2010 §5.1.2,implemented-slice,tests/backends/test_python_backend.py; tests/backends/test_python_backend_time_ddm_extended.py::test_strict_publication_gates_registration_update_and_interaction_sends; tests/scenarios/test_target_radar_scenario.py,
REQ-DM-DECLARATION-STATE-001,requirement,"Declaration-management state gates registration, update, and interaction send behavior",1516.1-2010 §5.1.3,implemented-slice,tests/backends/test_python_backend.py; tests/backends/test_python_backend_time_ddm_extended.py::test_strict_publication_gates_registration_update_and_interaction_sends; tests/scenarios/test_target_radar_scenario.py,
REQ-DM-DECLARATION-STATE-001,requirement,"Declaration-management state gates registration, update, and interaction send behavior",1516.1-2010 §5.2,implemented-slice,tests/backends/test_python_backend.py; tests/backends/test_python_backend_time_ddm_extended.py::test_strict_publication_gates_registration_update_and_interaction_sends; tests/scenarios/test_target_radar_scenario.py,
REQ-DM-DECLARATION-STATE-001,requirement,"Declaration-management state gates registration, update, and interaction send behavior",1516.1-2010 §5.3,implemented-slice,tests/backends/test_python_backend.py; tests/backends/test_python_backend_time_ddm_extended.py::test_strict_publication_gates_registration_update_and_interaction_sends; tests/scenarios/test_target_radar_scenario.py,
REQ-DM-DECLARATION-STATE-001,requirement,"Declaration-management state gates registration, update, and interaction send behavior",1516.1-2010 §5.4,implemented-slice,tests/backends/test_python_backend.py; tests/backends/test_python_backend_time_ddm_extended.py::test_strict_publication_gates_registration_update_and_interaction_sends; tests/scenarios/test_target_radar_scenario.py,
REQ-DM-DECLARATION-STATE-001,requirement,"Declaration-management state gates registration, update, and interaction send behavior",1516.1-2010 §5.5,implemented-slice,tests/backends/test_python_backend.py; tests/backends/test_python_backend_time_ddm_extended.py::test_strict_publication_gates_registration_update_and_interaction_sends; tests/scenarios/test_target_radar_scenario.py,
REQ-DM-SUBSCRIPTION-DELIVERY-001,requirement,Declaration subscriptions drive discover/reflect/receive delivery visibility,1516.1-2010 §5.6,implemented-slice,tests/scenarios/test_target_radar_scenario.py; tests/backends/test_python_backend_time_ddm_extended.py; analysis/two_federate_suite/two_federate_callbacks.csv,
REQ-DM-SUBSCRIPTION-DELIVERY-001,requirement,Declaration subscriptions drive discover/reflect/receive delivery visibility,1516.1-2010 §5.7,implemented-slice,tests/scenarios/test_target_radar_scenario.py; tests/backends/test_python_backend_time_ddm_extended.py; analysis/two_federate_suite/two_federate_callbacks.csv,
REQ-DM-SUBSCRIPTION-DELIVERY-001,requirement,Declaration subscriptions drive discover/reflect/receive delivery visibility,1516.1-2010 §5.8,implemented-slice,tests/scenarios/test_target_radar_scenario.py; tests/backends/test_python_backend_time_ddm_extended.py; analysis/two_federate_suite/two_federate_callbacks.csv,
REQ-DM-SUBSCRIPTION-DELIVERY-001,requirement,Declaration subscriptions drive discover/reflect/receive delivery visibility,1516.1-2010 §5.9,implemented-slice,tests/scenarios/test_target_radar_scenario.py; tests/backends/test_python_backend_time_ddm_extended.py; analysis/two_federate_suite/two_federate_callbacks.csv,
REQ-DM-SUBSCRIPTION-DELIVERY-001,requirement,Declaration subscriptions drive discover/reflect/receive delivery visibility,1516.1-2010 §6.9,implemented-slice,tests/scenarios/test_target_radar_scenario.py; tests/backends/test_python_backend_time_ddm_extended.py; analysis/two_federate_suite/two_federate_callbacks.csv,
REQ-DM-SUBSCRIPTION-DELIVERY-001,requirement,Declaration subscriptions drive discover/reflect/receive delivery visibility,1516.1-2010 §6.11,implemented-slice,tests/scenarios/test_target_radar_scenario.py; tests/backends/test_python_backend_time_ddm_extended.py; analysis/two_federate_suite/two_federate_callbacks.csv,
REQ-DM-SUBSCRIPTION-DELIVERY-001,requirement,Declaration subscriptions drive discover/reflect/receive delivery visibility,1516.1-2010 §6.13,implemented-slice,tests/scenarios/test_target_radar_scenario.py; tests/backends/test_python_backend_time_ddm_extended.py; analysis/two_federate_suite/two_federate_callbacks.csv,
REQ-DM-SUBSCRIPTION-DELIVERY-001,requirement,Declaration subscriptions drive discover/reflect/receive delivery visibility,1516.1-2010 §6.17,implemented-slice,tests/scenarios/test_target_radar_scenario.py; tests/backends/test_python_backend_time_ddm_extended.py; analysis/two_federate_suite/two_federate_callbacks.csv,
REQ-DM-SUBSCRIPTION-DELIVERY-001,requirement,Declaration subscriptions drive discover/reflect/receive delivery visibility,1516.1-2010 §6.18,implemented-slice,tests/scenarios/test_target_radar_scenario.py; tests/backends/test_python_backend_time_ddm_extended.py; analysis/two_federate_suite/two_federate_callbacks.csv,
REQ-DM-DDM-INTERPLAY-001,requirement,DM subscriptions and DDM scope filtering compose before delivery,1516.1-2010 §5.1.5,implemented-slice,tests/verification/test_compliance_slice_v011.py::test_ddm_region_filtering_applies_before_timestamp_order_delivery; tests/backends/test_python_backend_time_ddm_extended.py,
REQ-DM-DDM-INTERPLAY-001,requirement,DM subscriptions and DDM scope filtering compose before delivery,1516.1-2010 §6.1.2,implemented-slice,tests/verification/test_compliance_slice_v011.py::test_ddm_region_filtering_applies_before_timestamp_order_delivery; tests/backends/test_python_backend_time_ddm_extended.py,
REQ-DM-DDM-INTERPLAY-001,requirement,DM subscriptions and DDM scope filtering compose before delivery,1516.1-2010 §6.1.3,implemented-slice,tests/verification/test_compliance_slice_v011.py::test_ddm_region_filtering_applies_before_timestamp_order_delivery; tests/backends/test_python_backend_time_ddm_extended.py,
REQ-DM-DDM-INTERPLAY-001,requirement,DM subscriptions and DDM scope filtering compose before delivery,1516.1-2010 §6.1.4,implemented-slice,tests/verification/test_compliance_slice_v011.py::test_ddm_region_filtering_applies_before_timestamp_order_delivery; tests/backends/test_python_backend_time_ddm_extended.py,
REQ-DM-DDM-INTERPLAY-001,requirement,DM subscriptions and DDM scope filtering compose before delivery,1516.1-2010 §9,implemented-slice,tests/verification/test_compliance_slice_v011.py::test_ddm_region_filtering_applies_before_timestamp_order_delivery; tests/backends/test_python_backend_time_ddm_extended.py,
REQ-DM-DDM-OBJECT-SCOPE-001,requirement,Object attribute routing is suppressed while regions are out of scope and resumes when regions overlap,1516.1-2010 §5.1.5,implemented-slice,tests/backends/test_python_backend_time_ddm_extended.py::test_ddm_object_scope_filter_blocks_out_of_scope_reflects_until_regions_overlap,
REQ-DM-DDM-OBJECT-SCOPE-001,requirement,Object attribute routing is suppressed while regions are out of scope and resumes when regions overlap,1516.1-2010 §6.1.2,implemented-slice,tests/backends/test_python_backend_time_ddm_extended.py::test_ddm_object_scope_filter_blocks_out_of_scope_reflects_until_regions_overlap,
REQ-DM-DDM-OBJECT-SCOPE-001,requirement,Object attribute routing is suppressed while regions are out of scope and resumes when regions overlap,1516.1-2010 §6.1.3,implemented-slice,tests/backends/test_python_backend_time_ddm_extended.py::test_ddm_object_scope_filter_blocks_out_of_scope_reflects_until_regions_overlap,
REQ-DM-DDM-OBJECT-SCOPE-001,requirement,Object attribute routing is suppressed while regions are out of scope and resumes when regions overlap,1516.1-2010 §6.1.4,implemented-slice,tests/backends/test_python_backend_time_ddm_extended.py::test_ddm_object_scope_filter_blocks_out_of_scope_reflects_until_regions_overlap,
REQ-DM-DDM-OBJECT-SCOPE-001,requirement,Object attribute routing is suppressed while regions are out of scope and resumes when regions overlap,1516.1-2010 §9,implemented-slice,tests/backends/test_python_backend_time_ddm_extended.py::test_ddm_object_scope_filter_blocks_out_of_scope_reflects_until_regions_overlap,
REQ-DM-DDM-GATING-001,requirement,"DM or DDM subscription declarations are required before object discovery, attribute reflection, or interaction receipt occurs",1516.1-2010 §5.1,implemented-slice,tests/backends/test_python_backend_time_ddm_extended.py::test_dm_ddm_subscriptions_gate_discovery_reflect_and_receive_until_declared,
REQ-DM-DDM-GATING-001,requirement,"DM or DDM subscription declarations are required before object discovery, attribute reflection, or interaction receipt occurs",1516.1-2010 §5.1.5,implemented-slice,tests/backends/test_python_backend_time_ddm_extended.py::test_dm_ddm_subscriptions_gate_discovery_reflect_and_receive_until_declared,
REQ-DM-DDM-GATING-001,requirement,"DM or DDM subscription declarations are required before object discovery, attribute reflection, or interaction receipt occurs",1516.1-2010 §6.1.1,implemented-slice,tests/backends/test_python_backend_time_ddm_extended.py::test_dm_ddm_subscriptions_gate_discovery_reflect_and_receive_until_declared,
REQ-DM-DDM-GATING-001,requirement,"DM or DDM subscription declarations are required before object discovery, attribute reflection, or interaction receipt occurs",1516.1-2010 §6.1.3,implemented-slice,tests/backends/test_python_backend_time_ddm_extended.py::test_dm_ddm_subscriptions_gate_discovery_reflect_and_receive_until_declared,
REQ-DM-DDM-GATING-001,requirement,"DM or DDM subscription declarations are required before object discovery, attribute reflection, or interaction receipt occurs",1516.1-2010 §6.1.7,implemented-slice,tests/backends/test_python_backend_time_ddm_extended.py::test_dm_ddm_subscriptions_gate_discovery_reflect_and_receive_until_declared,
REQ-OM-SCOPE-CALLBACKS-001,requirement,Object-scope transitions emit Attributes In Scope and Attributes Out Of Scope callbacks for known subscribed attributes,1516.1-2010 §6.17,implemented-slice,packages/hla-backend-inmemory/src/hla.backends.inmemory/subscriptions.py; tests/backends/test_python_backend_time_ddm_extended.py::test_attributes_in_scope_and_out_of_scope_callbacks_track_region_scope_transitions,
REQ-OM-SCOPE-CALLBACKS-001,requirement,Object-scope transitions emit Attributes In Scope and Attributes Out Of Scope callbacks for known subscribed attributes,1516.1-2010 §6.18,implemented-slice,packages/hla-backend-inmemory/src/hla.backends.inmemory/subscriptions.py; tests/backends/test_python_backend_time_ddm_extended.py::test_attributes_in_scope_and_out_of_scope_callbacks_track_region_scope_transitions,
REQ-OM-SCOPE-CALLBACKS-001,requirement,Object-scope transitions emit Attributes In Scope and Attributes Out Of Scope callbacks for known subscribed attributes,1516.1-2010 §9,implemented-slice,packages/hla-backend-inmemory/src/hla.backends.inmemory/subscriptions.py; tests/backends/test_python_backend_time_ddm_extended.py::test_attributes_in_scope_and_out_of_scope_callbacks_track_region_scope_transitions,
REQ-OM-DISCOVERY-LIFECYCLE-001,requirement,"Object registration, discovery, known-class behavior, and removal form a stable object lifecycle",1516.1-2010 §6.1.1,implemented-slice,tests/scenarios/test_target_radar_scenario.py; analysis/two_federate_suite/two_federate_callbacks.csv; tests/verification/test_compliance_slice_v011.py,Closest-subscribed-superclass and immutable discovered-class semantics are still broader than the present scenario proofs.
REQ-OM-DISCOVERY-LIFECYCLE-001,requirement,"Object registration, discovery, known-class behavior, and removal form a stable object lifecycle",1516.1-2010 §6.8,implemented-slice,tests/scenarios/test_target_radar_scenario.py; analysis/two_federate_suite/two_federate_callbacks.csv; tests/verification/test_compliance_slice_v011.py,Closest-subscribed-superclass and immutable discovered-class semantics are still broader than the present scenario proofs.
REQ-OM-DISCOVERY-LIFECYCLE-001,requirement,"Object registration, discovery, known-class behavior, and removal form a stable object lifecycle",1516.1-2010 §6.9,implemented-slice,tests/scenarios/test_target_radar_scenario.py; analysis/two_federate_suite/two_federate_callbacks.csv; tests/verification/test_compliance_slice_v011.py,Closest-subscribed-superclass and immutable discovered-class semantics are still broader than the present scenario proofs.
REQ-OM-DISCOVERY-LIFECYCLE-001,requirement,"Object registration, discovery, known-class behavior, and removal form a stable object lifecycle",1516.1-2010 §6.15,implemented-slice,tests/scenarios/test_target_radar_scenario.py; analysis/two_federate_suite/two_federate_callbacks.csv; tests/verification/test_compliance_slice_v011.py,Closest-subscribed-superclass and immutable discovered-class semantics are still broader than the present scenario proofs.
REQ-OM-DISCOVERY-CLASS-001,requirement,Discovery chooses the closest subscribed superclass and the discovered class remains stable for later lookups,1516.1-2010 §6.1.1,implemented-slice,tests/backends/test_python_backend_support_services.py::test_discovery_uses_closest_subscribed_superclass_and_known_class_stays_stable,
REQ-OM-DISCOVERY-CLASS-001,requirement,Discovery chooses the closest subscribed superclass and the discovered class remains stable for later lookups,1516.1-2010 §6.9,implemented-slice,tests/backends/test_python_backend_support_services.py::test_discovery_uses_closest_subscribed_superclass_and_known_class_stays_stable,
REQ-OM-REQUEST-VALUE-UPDATE-001,requirement,Attribute-value update requests trigger Provide Attribute Value Update at relevant owners,1516.1-2010 §6.19,implemented-slice,tests/backends/test_python_backend_time_ddm_extended.py::test_request_attribute_value_update_with_regions_rejects_not_connected_not_joined_invalid_region_and_save_restore; tests/backends/test_python_backend_time_ddm_extended.py,The extracted Clause 6 matrix currently tracks §6.19 explicitly; §6.20 remains linked as callback evidence rather than its own extracted row.
REQ-OM-REQUEST-VALUE-UPDATE-001,requirement,Attribute-value update requests trigger Provide Attribute Value Update at relevant owners,1516.1-2010 §6.20,implemented-slice,tests/backends/test_python_backend_time_ddm_extended.py::test_request_attribute_value_update_with_regions_rejects_not_connected_not_joined_invalid_region_and_save_restore; tests/backends/test_python_backend_time_ddm_extended.py,The extracted Clause 6 matrix currently tracks §6.19 explicitly; §6.20 remains linked as callback evidence rather than its own extracted row.
REQ-OM-REQUEST-VALUE-UPDATE-ROUTING-001,requirement,Request Attribute Value Update routes object-target and class-target requests only to relevant owning federates,1516.1-2010 §6.19,implemented-slice,tests/backends/test_python_backend_time_ddm_extended.py::test_request_attribute_value_update_routes_only_to_relevant_object_owners,
REQ-OM-REQUEST-VALUE-UPDATE-ROUTING-001,requirement,Request Attribute Value Update routes object-target and class-target requests only to relevant owning federates,1516.1-2010 §6.20,implemented-slice,tests/backends/test_python_backend_time_ddm_extended.py::test_request_attribute_value_update_routes_only_to_relevant_object_owners,
REQ-OM-TRANSPORT-SCOPE-001,requirement,"Object-management routing semantics cover transport choice, scope, and local-delete restrictions",1516.1-2010 §6.1.2,implemented-slice,tests/backends/test_python_backend_time_ddm_extended.py; tests/time/test_mom_mim_time_v10.py,"Transport-type semantics, update-rate reduction, and local-delete/orphan rules still have broader specification language than the current focused runtime slices."
REQ-OM-TRANSPORT-SCOPE-001,requirement,"Object-management routing semantics cover transport choice, scope, and local-delete restrictions",1516.1-2010 §6.1.10,implemented-slice,tests/backends/test_python_backend_time_ddm_extended.py; tests/time/test_mom_mim_time_v10.py,"Transport-type semantics, update-rate reduction, and local-delete/orphan rules still have broader specification language than the current focused runtime slices."
REQ-OM-TRANSPORT-SCOPE-001,requirement,"Object-management routing semantics cover transport choice, scope, and local-delete restrictions",1516.1-2010 §6.1.12,implemented-slice,tests/backends/test_python_backend_time_ddm_extended.py; tests/time/test_mom_mim_time_v10.py,"Transport-type semantics, update-rate reduction, and local-delete/orphan rules still have broader specification language than the current focused runtime slices."
REQ-OM-TRANSPORT-SCOPE-001,requirement,"Object-management routing semantics cover transport choice, scope, and local-delete restrictions",1516.1-2010 §6.14,implemented-slice,tests/backends/test_python_backend_time_ddm_extended.py; tests/time/test_mom_mim_time_v10.py,"Transport-type semantics, update-rate reduction, and local-delete/orphan rules still have broader specification language than the current focused runtime slices."
REQ-OM-TRANSPORT-SCOPE-001,requirement,"Object-management routing semantics cover transport choice, scope, and local-delete restrictions",1516.1-2010 §6.16,implemented-slice,tests/backends/test_python_backend_time_ddm_extended.py; tests/time/test_mom_mim_time_v10.py,"Transport-type semantics, update-rate reduction, and local-delete/orphan rules still have broader specification language than the current focused runtime slices."
REQ-OM-TRANSPORT-SCOPE-001,requirement,"Object-management routing semantics cover transport choice, scope, and local-delete restrictions",1516.1-2010 §6.23,implemented-slice,tests/backends/test_python_backend_time_ddm_extended.py; tests/time/test_mom_mim_time_v10.py,"Transport-type semantics, update-rate reduction, and local-delete/orphan rules still have broader specification language than the current focused runtime slices."
REQ-OM-TRANSPORT-SCOPE-001,requirement,"Object-management routing semantics cover transport choice, scope, and local-delete restrictions",1516.1-2010 §6.25,implemented-slice,tests/backends/test_python_backend_time_ddm_extended.py; tests/time/test_mom_mim_time_v10.py,"Transport-type semantics, update-rate reduction, and local-delete/orphan rules still have broader specification language than the current focused runtime slices."
REQ-OM-TRANSPORT-SCOPE-001,requirement,"Object-management routing semantics cover transport choice, scope, and local-delete restrictions",1516.1-2010 §6.27,implemented-slice,tests/backends/test_python_backend_time_ddm_extended.py; tests/time/test_mom_mim_time_v10.py,"Transport-type semantics, update-rate reduction, and local-delete/orphan rules still have broader specification language than the current focused runtime slices."
REQ-OM-TRANSPORT-SCOPE-001,requirement,"Object-management routing semantics cover transport choice, scope, and local-delete restrictions",1516.1-2010 §6.29,implemented-slice,tests/backends/test_python_backend_time_ddm_extended.py; tests/time/test_mom_mim_time_v10.py,"Transport-type semantics, update-rate reduction, and local-delete/orphan rules still have broader specification language than the current focused runtime slices."
REQ-OM-LOCAL-KNOWLEDGE-001,requirement,Local delete clears only the invoking federate's object knowledge and allows later rediscovery,1516.1-2010 §6.1.6,implemented-slice,tests/backends/test_python_backend_support_services.py::test_local_delete_clears_only_local_knowledge_and_object_can_be_rediscovered,The broader orphan-instance narrative remains larger than this focused local-delete knowledge slice.
REQ-OM-LOCAL-KNOWLEDGE-001,requirement,Local delete clears only the invoking federate's object knowledge and allows later rediscovery,1516.1-2010 §6.16,implemented-slice,tests/backends/test_python_backend_support_services.py::test_local_delete_clears_only_local_knowledge_and_object_can_be_rediscovered,The broader orphan-instance narrative remains larger than this focused local-delete knowledge slice.
REQ-OM-ORPHAN-KNOWLEDGE-001,requirement,An ownerless object instance remains discoverable to a joined federate until that federate locally deletes it,1516.1-2010 §6.1.6,implemented-slice,tests/backends/test_python_backend_support_services.py::test_orphan_object_remains_discovered_until_local_delete_clears_only_local_knowledge,"This slice covers known-object behavior for orphaned instances, not the entire orphan-object lifecycle narrative."
REQ-OM-ORPHAN-KNOWLEDGE-001,requirement,An ownerless object instance remains discoverable to a joined federate until that federate locally deletes it,1516.1-2010 §6.16,implemented-slice,tests/backends/test_python_backend_support_services.py::test_orphan_object_remains_discovered_until_local_delete_clears_only_local_knowledge,"This slice covers known-object behavior for orphaned instances, not the entire orphan-object lifecycle narrative."
REQ-OM-ORPHAN-LIFECYCLE-001,requirement,"An orphaned object remains discoverable to existing and late subscribers, supports local-delete knowledge clearing, and is removed globally only by explicit delete",1516.1-2010 §6.1.6,implemented-slice,tests/backends/test_python_backend_support_services.py::test_orphan_object_lifecycle_supports_late_discovery_local_delete_and_global_remove,
REQ-OM-ORPHAN-LIFECYCLE-001,requirement,"An orphaned object remains discoverable to existing and late subscribers, supports local-delete knowledge clearing, and is removed globally only by explicit delete",1516.1-2010 §6.14,implemented-slice,tests/backends/test_python_backend_support_services.py::test_orphan_object_lifecycle_supports_late_discovery_local_delete_and_global_remove,
REQ-OM-ORPHAN-LIFECYCLE-001,requirement,"An orphaned object remains discoverable to existing and late subscribers, supports local-delete knowledge clearing, and is removed globally only by explicit delete",1516.1-2010 §6.15,implemented-slice,tests/backends/test_python_backend_support_services.py::test_orphan_object_lifecycle_supports_late_discovery_local_delete_and_global_remove,
REQ-OM-ORPHAN-LIFECYCLE-001,requirement,"An orphaned object remains discoverable to existing and late subscribers, supports local-delete knowledge clearing, and is removed globally only by explicit delete",1516.1-2010 §6.16,implemented-slice,tests/backends/test_python_backend_support_services.py::test_orphan_object_lifecycle_supports_late_discovery_local_delete_and_global_remove,
REQ-OM-ATTRIBUTE-RELEVANCE-001,requirement,"Attribute relevance is determined from the combination of publication, subscription, ownership, and DDM scope on a single object instance",1516.1-2010 §6.1.5,implemented-slice,tests/backends/test_python_backend_support_services.py::test_attribute_relevance_combines_publication_subscription_ownership_and_scope,
REQ-OM-TIMED-DELETE-REMOVE-001,requirement,A timestamped delete removes the object from federation knowledge only after the time-managed remove callback is delivered,1516.1-2010 §6.14,implemented-slice,tests/backends/test_python_backend_support_services.py::test_time_managed_delete_defers_remove_until_grant_and_then_clears_known_object,
REQ-OM-TIMED-DELETE-REMOVE-001,requirement,A timestamped delete removes the object from federation knowledge only after the time-managed remove callback is delivered,1516.1-2010 §6.15,implemented-slice,tests/backends/test_python_backend_support_services.py::test_time_managed_delete_defers_remove_until_grant_and_then_clears_known_object,
REQ-OM-TIMED-DELETE-REMOVE-001,requirement,A timestamped delete removes the object from federation knowledge only after the time-managed remove callback is delivered,1516.1-2010 §8,implemented-slice,tests/backends/test_python_backend_support_services.py::test_time_managed_delete_defers_remove_until_grant_and_then_clears_known_object,
REQ-OM-UPDATE-RATE-001,requirement,"Subscribed and FOM-declared update-rate settings throttle eligible reflected updates across direct, inherited, and regioned subscriptions without suppressing receive-order delivery that has no logical-time basis",1516.1-2010 §5.1.6,implemented-slice,tests/backends/test_python_backend_support_services.py::test_update_rate_designator_throttles_timed_reflects; tests/backends/test_python_backend_support_services.py::test_update_rate_designator_does_not_suppress_receive_order_updates; tests/backends/test_python_backend_support_services.py::test_fom_declared_update_rate_defaults_apply_to_inherited_and_regioned_subscriptions,"Current proof covers explicit designators plus FOM-declared defaults for direct, inherited, and regioned subscriptions, along with explicit receive-order non-suppression when no logical-time basis exists. Broader vendor-style policies outside this backend's logical-time-driven model remain out of scope."
REQ-OM-UPDATE-RATE-001,requirement,"Subscribed and FOM-declared update-rate settings throttle eligible reflected updates across direct, inherited, and regioned subscriptions without suppressing receive-order delivery that has no logical-time basis",1516.1-2010 §6.1.12,implemented-slice,tests/backends/test_python_backend_support_services.py::test_update_rate_designator_throttles_timed_reflects; tests/backends/test_python_backend_support_services.py::test_update_rate_designator_does_not_suppress_receive_order_updates; tests/backends/test_python_backend_support_services.py::test_fom_declared_update_rate_defaults_apply_to_inherited_and_regioned_subscriptions,"Current proof covers explicit designators plus FOM-declared defaults for direct, inherited, and regioned subscriptions, along with explicit receive-order non-suppression when no logical-time basis exists. Broader vendor-style policies outside this backend's logical-time-driven model remain out of scope."
REQ-OM-REFLECT-KNOWN-CLASS-001,requirement,Reflected attributes are reported using the subscriber's known discovered class handles,1516.1-2010 §6.11,implemented-slice,tests/backends/test_python_backend_support_services.py::test_reflect_attributes_are_mapped_to_known_discovered_class_handles,
REQ-DM-TIME-INDEPENDENCE-001,requirement,Declaration-management publication and subscription state takes effect even while federates are time managed,1516.1-2010 §5.1,implemented-slice,tests/backends/test_python_backend_object_ownership_extended.py::test_declaration_management_effects_apply_while_time_managed,
REQ-DM-TIME-INDEPENDENCE-001,requirement,Declaration-management publication and subscription state takes effect even while federates are time managed,1516.1-2010 §8,implemented-slice,tests/backends/test_python_backend_object_ownership_extended.py::test_declaration_management_effects_apply_while_time_managed,
REQ-DM-UNPUBLISH-OBJECT-001,requirement,Unpublishing object-class attributes removes the federate's ability to perform strict updates for those attributes,1516.1-2010 §5.3,implemented-slice,tests/backends/test_python_backend_object_ownership_extended.py::test_unpublishing_object_class_attributes_prevents_strict_updates,
REQ-DM-UNPUBLISH-OBJECT-001,requirement,Unpublishing object-class attributes removes the federate's ability to perform strict updates for those attributes,1516.1-2010 §6.10,implemented-slice,tests/backends/test_python_backend_object_ownership_extended.py::test_unpublishing_object_class_attributes_prevents_strict_updates,
REQ-DM-UNPUBLISH-INTERACTION-001,requirement,Unpublishing an interaction class removes the federate's ability to perform strict sends for that class,1516.1-2010 §5.5,implemented-slice,tests/backends/test_python_backend_object_ownership_extended.py::test_unpublishing_interaction_class_prevents_strict_sends,
REQ-DM-UNPUBLISH-INTERACTION-001,requirement,Unpublishing an interaction class removes the federate's ability to perform strict sends for that class,1516.1-2010 §6.12,implemented-slice,tests/backends/test_python_backend_object_ownership_extended.py::test_unpublishing_interaction_class_prevents_strict_sends,
REQ-DM-UNSUBSCRIBE-OBJECT-001,requirement,Unsubscribing object-class attributes removes interest in later reflected updates for those attributes,1516.1-2010 §5.7,implemented-slice,tests/backends/test_python_backend_time_ddm_extended.py::test_unsubscribe_object_class_attributes_removes_interest_in_future_reflections,
REQ-DM-UNSUBSCRIBE-OBJECT-001,requirement,Unsubscribing object-class attributes removes interest in later reflected updates for those attributes,1516.1-2010 §6.11,implemented-slice,tests/backends/test_python_backend_time_ddm_extended.py::test_unsubscribe_object_class_attributes_removes_interest_in_future_reflections,
REQ-OM-TRANSPORT-REPORT-001,requirement,"Transportation-type change, query, and report services emit confirm/report callbacks for the backend's supported reliable and best-effort subset",1516.1-2010 §6.1.10,implemented-slice,tests/backends/test_python_backend_object_ownership_extended.py::test_transportation_type_services_emit_confirm_and_report_callbacks; tests/backends/test_python_backend_object_ownership_extended.py::test_request_attribute_transportation_type_change_rejects_not_connected_not_joined_and_unknown_object; tests/backends/test_python_backend_object_ownership_extended.py::test_request_interaction_transportation_type_change_rejects_not_connected_not_joined_and_save_restore; tests/backends/test_python_backend_object_ownership_extended.py::test_query_attribute_transportation_type_and_reserve_multiple_names_reject_not_connected_not_joined_and_save_restore; tests/backends/test_python_backend_object_ownership_extended.py::test_query_interaction_transportation_type_rejects_not_connected_not_joined_invalid_handle_and_save_restore,This asset proves the implemented reliable plus best-effort service-argument subset. The broader standards rows remain partial because FDD-driven and wider transport semantic space behavior is still narrower than the full specification.
REQ-OM-TRANSPORT-REPORT-001,requirement,"Transportation-type change, query, and report services emit confirm/report callbacks for the backend's supported reliable and best-effort subset",1516.1-2010 §6.23,implemented-slice,tests/backends/test_python_backend_object_ownership_extended.py::test_transportation_type_services_emit_confirm_and_report_callbacks; tests/backends/test_python_backend_object_ownership_extended.py::test_request_attribute_transportation_type_change_rejects_not_connected_not_joined_and_unknown_object; tests/backends/test_python_backend_object_ownership_extended.py::test_request_interaction_transportation_type_change_rejects_not_connected_not_joined_and_save_restore; tests/backends/test_python_backend_object_ownership_extended.py::test_query_attribute_transportation_type_and_reserve_multiple_names_reject_not_connected_not_joined_and_save_restore; tests/backends/test_python_backend_object_ownership_extended.py::test_query_interaction_transportation_type_rejects_not_connected_not_joined_invalid_handle_and_save_restore,This asset proves the implemented reliable plus best-effort service-argument subset. The broader standards rows remain partial because FDD-driven and wider transport semantic space behavior is still narrower than the full specification.
REQ-OM-TRANSPORT-REPORT-001,requirement,"Transportation-type change, query, and report services emit confirm/report callbacks for the backend's supported reliable and best-effort subset",1516.1-2010 §6.24,implemented-slice,tests/backends/test_python_backend_object_ownership_extended.py::test_transportation_type_services_emit_confirm_and_report_callbacks; tests/backends/test_python_backend_object_ownership_extended.py::test_request_attribute_transportation_type_change_rejects_not_connected_not_joined_and_unknown_object; tests/backends/test_python_backend_object_ownership_extended.py::test_request_interaction_transportation_type_change_rejects_not_connected_not_joined_and_save_restore; tests/backends/test_python_backend_object_ownership_extended.py::test_query_attribute_transportation_type_and_reserve_multiple_names_reject_not_connected_not_joined_and_save_restore; tests/backends/test_python_backend_object_ownership_extended.py::test_query_interaction_transportation_type_rejects_not_connected_not_joined_invalid_handle_and_save_restore,This asset proves the implemented reliable plus best-effort service-argument subset. The broader standards rows remain partial because FDD-driven and wider transport semantic space behavior is still narrower than the full specification.
REQ-OM-TRANSPORT-REPORT-001,requirement,"Transportation-type change, query, and report services emit confirm/report callbacks for the backend's supported reliable and best-effort subset",1516.1-2010 §6.25,implemented-slice,tests/backends/test_python_backend_object_ownership_extended.py::test_transportation_type_services_emit_confirm_and_report_callbacks; tests/backends/test_python_backend_object_ownership_extended.py::test_request_attribute_transportation_type_change_rejects_not_connected_not_joined_and_unknown_object; tests/backends/test_python_backend_object_ownership_extended.py::test_request_interaction_transportation_type_change_rejects_not_connected_not_joined_and_save_restore; tests/backends/test_python_backend_object_ownership_extended.py::test_query_attribute_transportation_type_and_reserve_multiple_names_reject_not_connected_not_joined_and_save_restore; tests/backends/test_python_backend_object_ownership_extended.py::test_query_interaction_transportation_type_rejects_not_connected_not_joined_invalid_handle_and_save_restore,This asset proves the implemented reliable plus best-effort service-argument subset. The broader standards rows remain partial because FDD-driven and wider transport semantic space behavior is still narrower than the full specification.
REQ-OM-TRANSPORT-REPORT-001,requirement,"Transportation-type change, query, and report services emit confirm/report callbacks for the backend's supported reliable and best-effort subset",1516.1-2010 §6.26,implemented-slice,tests/backends/test_python_backend_object_ownership_extended.py::test_transportation_type_services_emit_confirm_and_report_callbacks; tests/backends/test_python_backend_object_ownership_extended.py::test_request_attribute_transportation_type_change_rejects_not_connected_not_joined_and_unknown_object; tests/backends/test_python_backend_object_ownership_extended.py::test_request_interaction_transportation_type_change_rejects_not_connected_not_joined_and_save_restore; tests/backends/test_python_backend_object_ownership_extended.py::test_query_attribute_transportation_type_and_reserve_multiple_names_reject_not_connected_not_joined_and_save_restore; tests/backends/test_python_backend_object_ownership_extended.py::test_query_interaction_transportation_type_rejects_not_connected_not_joined_invalid_handle_and_save_restore,This asset proves the implemented reliable plus best-effort service-argument subset. The broader standards rows remain partial because FDD-driven and wider transport semantic space behavior is still narrower than the full specification.
REQ-OM-TRANSPORT-REPORT-001,requirement,"Transportation-type change, query, and report services emit confirm/report callbacks for the backend's supported reliable and best-effort subset",1516.1-2010 §6.27,implemented-slice,tests/backends/test_python_backend_object_ownership_extended.py::test_transportation_type_services_emit_confirm_and_report_callbacks; tests/backends/test_python_backend_object_ownership_extended.py::test_request_attribute_transportation_type_change_rejects_not_connected_not_joined_and_unknown_object; tests/backends/test_python_backend_object_ownership_extended.py::test_request_interaction_transportation_type_change_rejects_not_connected_not_joined_and_save_restore; tests/backends/test_python_backend_object_ownership_extended.py::test_query_attribute_transportation_type_and_reserve_multiple_names_reject_not_connected_not_joined_and_save_restore; tests/backends/test_python_backend_object_ownership_extended.py::test_query_interaction_transportation_type_rejects_not_connected_not_joined_invalid_handle_and_save_restore,This asset proves the implemented reliable plus best-effort service-argument subset. The broader standards rows remain partial because FDD-driven and wider transport semantic space behavior is still narrower than the full specification.
REQ-OM-TRANSPORT-REPORT-001,requirement,"Transportation-type change, query, and report services emit confirm/report callbacks for the backend's supported reliable and best-effort subset",1516.1-2010 §6.28,implemented-slice,tests/backends/test_python_backend_object_ownership_extended.py::test_transportation_type_services_emit_confirm_and_report_callbacks; tests/backends/test_python_backend_object_ownership_extended.py::test_request_attribute_transportation_type_change_rejects_not_connected_not_joined_and_unknown_object; tests/backends/test_python_backend_object_ownership_extended.py::test_request_interaction_transportation_type_change_rejects_not_connected_not_joined_and_save_restore; tests/backends/test_python_backend_object_ownership_extended.py::test_query_attribute_transportation_type_and_reserve_multiple_names_reject_not_connected_not_joined_and_save_restore; tests/backends/test_python_backend_object_ownership_extended.py::test_query_interaction_transportation_type_rejects_not_connected_not_joined_invalid_handle_and_save_restore,This asset proves the implemented reliable plus best-effort service-argument subset. The broader standards rows remain partial because FDD-driven and wider transport semantic space behavior is still narrower than the full specification.
REQ-OM-TRANSPORT-REPORT-001,requirement,"Transportation-type change, query, and report services emit confirm/report callbacks for the backend's supported reliable and best-effort subset",1516.1-2010 §6.29,implemented-slice,tests/backends/test_python_backend_object_ownership_extended.py::test_transportation_type_services_emit_confirm_and_report_callbacks; tests/backends/test_python_backend_object_ownership_extended.py::test_request_attribute_transportation_type_change_rejects_not_connected_not_joined_and_unknown_object; tests/backends/test_python_backend_object_ownership_extended.py::test_request_interaction_transportation_type_change_rejects_not_connected_not_joined_and_save_restore; tests/backends/test_python_backend_object_ownership_extended.py::test_query_attribute_transportation_type_and_reserve_multiple_names_reject_not_connected_not_joined_and_save_restore; tests/backends/test_python_backend_object_ownership_extended.py::test_query_interaction_transportation_type_rejects_not_connected_not_joined_invalid_handle_and_save_restore,This asset proves the implemented reliable plus best-effort service-argument subset. The broader standards rows remain partial because FDD-driven and wider transport semantic space behavior is still narrower than the full specification.
REQ-OM-TRANSPORT-REPORT-001,requirement,"Transportation-type change, query, and report services emit confirm/report callbacks for the backend's supported reliable and best-effort subset",1516.1-2010 §6.30,implemented-slice,tests/backends/test_python_backend_object_ownership_extended.py::test_transportation_type_services_emit_confirm_and_report_callbacks; tests/backends/test_python_backend_object_ownership_extended.py::test_request_attribute_transportation_type_change_rejects_not_connected_not_joined_and_unknown_object; tests/backends/test_python_backend_object_ownership_extended.py::test_request_interaction_transportation_type_change_rejects_not_connected_not_joined_and_save_restore; tests/backends/test_python_backend_object_ownership_extended.py::test_query_attribute_transportation_type_and_reserve_multiple_names_reject_not_connected_not_joined_and_save_restore; tests/backends/test_python_backend_object_ownership_extended.py::test_query_interaction_transportation_type_rejects_not_connected_not_joined_invalid_handle_and_save_restore,This asset proves the implemented reliable plus best-effort service-argument subset. The broader standards rows remain partial because FDD-driven and wider transport semantic space behavior is still narrower than the full specification.
REQ-OM-TRANSPORT-BEST-EFFORT-001,requirement,"Best-effort transportation semantics, including FOM-defined defaults and explicit overrides, are implemented distinctly from reliable transport and persist across restore",1516.1-2010 §6.1.10,implemented-slice,tests/backends/test_python_backend_object_ownership_extended.py::test_best_effort_transport_changes_callback_transport_and_splits_mixed_attribute_updates; tests/backends/test_python_backend_support_services.py::test_fom_declared_transport_defaults_apply_to_attributes_and_interactions; tests/verification/test_compliance_slice_v011.py::test_restore_reinstates_saved_attribute_and_interaction_transportation_overrides,"This asset proves distinct callback transport semantics for both FOM-defined defaults and explicit service-selected overrides, plus restore persistence for the implemented best-effort subset. Custom transport names or wider non-standard transport semantics remain outside the supported model."
REQ-OM-TRANSPORT-BEST-EFFORT-001,requirement,"Best-effort transportation semantics, including FOM-defined defaults and explicit overrides, are implemented distinctly from reliable transport and persist across restore",1516.1-2010 §6.23,implemented-slice,tests/backends/test_python_backend_object_ownership_extended.py::test_best_effort_transport_changes_callback_transport_and_splits_mixed_attribute_updates; tests/backends/test_python_backend_support_services.py::test_fom_declared_transport_defaults_apply_to_attributes_and_interactions; tests/verification/test_compliance_slice_v011.py::test_restore_reinstates_saved_attribute_and_interaction_transportation_overrides,"This asset proves distinct callback transport semantics for both FOM-defined defaults and explicit service-selected overrides, plus restore persistence for the implemented best-effort subset. Custom transport names or wider non-standard transport semantics remain outside the supported model."
REQ-OM-TRANSPORT-BEST-EFFORT-001,requirement,"Best-effort transportation semantics, including FOM-defined defaults and explicit overrides, are implemented distinctly from reliable transport and persist across restore",1516.1-2010 §6.27,implemented-slice,tests/backends/test_python_backend_object_ownership_extended.py::test_best_effort_transport_changes_callback_transport_and_splits_mixed_attribute_updates; tests/backends/test_python_backend_support_services.py::test_fom_declared_transport_defaults_apply_to_attributes_and_interactions; tests/verification/test_compliance_slice_v011.py::test_restore_reinstates_saved_attribute_and_interaction_transportation_overrides,"This asset proves distinct callback transport semantics for both FOM-defined defaults and explicit service-selected overrides, plus restore persistence for the implemented best-effort subset. Custom transport names or wider non-standard transport semantics remain outside the supported model."
REQ-OM-TRANSPORT-BEST-EFFORT-001,requirement,"Best-effort transportation semantics, including FOM-defined defaults and explicit overrides, are implemented distinctly from reliable transport and persist across restore",1516-2010 §12.2,implemented-slice,tests/backends/test_python_backend_object_ownership_extended.py::test_best_effort_transport_changes_callback_transport_and_splits_mixed_attribute_updates; tests/backends/test_python_backend_support_services.py::test_fom_declared_transport_defaults_apply_to_attributes_and_interactions; tests/verification/test_compliance_slice_v011.py::test_restore_reinstates_saved_attribute_and_interaction_transportation_overrides,"This asset proves distinct callback transport semantics for both FOM-defined defaults and explicit service-selected overrides, plus restore persistence for the implemented best-effort subset. Custom transport names or wider non-standard transport semantics remain outside the supported model."
SCENARIO-TARGET-RADAR-001,scenario,Two-federate Target/Radar simulation runs over Python RTI and Java shim profiles,1516.1-2010 §4,implemented-smoke,examples/target_radar_simulation.py; tests/scenarios/test_target_radar_scenario.py; test_run_summary.txt,"Scenario is a smoke demonstration, not a conformance test."
SCENARIO-TARGET-RADAR-001,scenario,Two-federate Target/Radar simulation runs over Python RTI and Java shim profiles,1516.1-2010 §5,implemented-smoke,examples/target_radar_simulation.py; tests/scenarios/test_target_radar_scenario.py; test_run_summary.txt,"Scenario is a smoke demonstration, not a conformance test."
SCENARIO-TARGET-RADAR-001,scenario,Two-federate Target/Radar simulation runs over Python RTI and Java shim profiles,1516.1-2010 §6,implemented-smoke,examples/target_radar_simulation.py; tests/scenarios/test_target_radar_scenario.py; test_run_summary.txt,"Scenario is a smoke demonstration, not a conformance test."
SCENARIO-TARGET-RADAR-001,scenario,Two-federate Target/Radar simulation runs over Python RTI and Java shim profiles,1516.1-2010 §8,implemented-smoke,examples/target_radar_simulation.py; tests/scenarios/test_target_radar_scenario.py; test_run_summary.txt,"Scenario is a smoke demonstration, not a conformance test."
ASSET-CONFORMANCE-MATRIX-001,verification-artifact,Service-by-service conformance matrix covering RTIambassador services and MOM receive interactions,1516.1-2010 §4-§11,implemented-slice,hla2010/conformance.py::build_service_conformance_matrix; analysis/service_conformance_matrix_v0_13.json; analysis/service_conformance_matrix_v0_13.csv; tests/verification/test_service_conformance_matrix_v013.py,Rows identify handlers and current evidence; several handler-only rows still need service-specific behavior/exception tests.
ASSET-CONFORMANCE-MATRIX-001,verification-artifact,Service-by-service conformance matrix covering RTIambassador services and MOM receive interactions,1516.1-2010 Annex G,implemented-slice,hla2010/conformance.py::build_service_conformance_matrix; analysis/service_conformance_matrix_v0_13.json; analysis/service_conformance_matrix_v0_13.csv; tests/verification/test_service_conformance_matrix_v013.py,Rows identify handlers and current evidence; several handler-only rows still need service-specific behavior/exception tests.
ASSET-REQUIREMENTS-LEDGER-001,verification-artifact,"Strict requirements ledger classifying each mapped service row as pass, partial, fail, or not-evidenced",1516.1-2010 §4-§11,implemented-slice,hla2010/conformance.py::build_requirements_ledger; analysis/requirements_ledger_v0_13.json; analysis/requirements_ledger_v0_13.csv; tests/verification/test_requirements_ledger_v013.py,The ledger is only as strong as the linked executable evidence; rows marked partial and not-evidenced remain open engineering work.
ASSET-REQUIREMENTS-LEDGER-001,verification-artifact,"Strict requirements ledger classifying each mapped service row as pass, partial, fail, or not-evidenced",1516.1-2010 Annex G,implemented-slice,hla2010/conformance.py::build_requirements_ledger; analysis/requirements_ledger_v0_13.json; analysis/requirements_ledger_v0_13.csv; tests/verification/test_requirements_ledger_v013.py,The ledger is only as strong as the linked executable evidence; rows marked partial and not-evidenced remain open engineering work.
ASSET-VERIFICATION-TRACEABILITY-001,verification-artifact,Verification-plan asset packet and flat section-to-asset traceability export,1516.1-2010 §4-§11,implemented-slice,hla.verification.repo_internal/verification/asset_plan.py::write_verification_assets; hla.verification.repo_internal/verification/asset_plan.py::write_traceability_csv; analysis/compliance/verification_assets.json; analysis/compliance/verification_traceability.csv,"This packet traces verification assets and requirement slices, but it does not replace the service-level conformance ledger."
ASSET-VERIFICATION-TRACEABILITY-001,verification-artifact,Verification-plan asset packet and flat section-to-asset traceability export,1516.1-2010 Annex G,implemented-slice,hla.verification.repo_internal/verification/asset_plan.py::write_verification_assets; hla.verification.repo_internal/verification/asset_plan.py::write_traceability_csv; analysis/compliance/verification_assets.json; analysis/compliance/verification_traceability.csv,"This packet traces verification assets and requirement slices, but it does not replace the service-level conformance ledger."
ASSET-VENDOR-PARITY-PACKET-001,verification-artifact,"Harmonized vendor parity packet indexing runtime smoke commands, vendor matrix tests, findings notes, and optional preflight snapshots",1516.1-2010 §4-§10,implemented-slice,hla2010/testing/vendor_parity_artifacts.py::write_vendor_parity_artifacts; scripts/run_vendor_parity_artifacts.py; docs/vendor_parity_artifacts.md; tests/scenarios/test_vendor_parity_artifacts.py,"This packet harmonizes the current artifact surface, but it does not itself execute real vendor smoke or certify vendor behavior."
ASSET-VENDOR-PARITY-PACKET-001,verification-artifact,"Harmonized vendor parity packet indexing runtime smoke commands, vendor matrix tests, findings notes, and optional preflight snapshots",operational vendor parity,implemented-slice,hla2010/testing/vendor_parity_artifacts.py::write_vendor_parity_artifacts; scripts/run_vendor_parity_artifacts.py; docs/vendor_parity_artifacts.md; tests/scenarios/test_vendor_parity_artifacts.py,"This packet harmonizes the current artifact surface, but it does not itself execute real vendor smoke or certify vendor behavior."
ASSET-MOM-SERVICE-SEMANTIC-NEG-001,planned-artifact,Bespoke semantic negative-path harnesses for every MOM HLAservice action,1516.1-2010 §11.4.1,planned,analysis/service_conformance_matrix_v0_13.json; verification/mom_negative_matrix_v0_13.json,The generated parameter-validation rows are executable; service-action rows still need per-service precondition setup so success paths are not misreported as negative evidence.
ASSET-MOM-SERVICE-SEMANTIC-NEG-001,planned-artifact,Bespoke semantic negative-path harnesses for every MOM HLAservice action,1516.1-2010 Annex G,planned,analysis/service_conformance_matrix_v0_13.json; verification/mom_negative_matrix_v0_13.json,The generated parameter-validation rows are executable; service-action rows still need per-service precondition setup so success paths are not misreported as negative evidence.
ASSET-CROSS-RTI-BRIDGE-001,planned-artifact,Cross-run verification against at least one real Java RTI via JPype and Py4J,1516.1-2010 Java binding,gap,tests/runtime/test_optional_real_java_bridges.py,"No vendor RTI, jpype1, or py4j package is available in this sandbox."
ASSET-CROSS-RTI-BRIDGE-001,planned-artifact,Cross-run verification against at least one real Java RTI via JPype and Py4J,1516.1-2010 §4-§10,gap,tests/runtime/test_optional_real_java_bridges.py,"No vendor RTI, jpype1, or py4j package is available in this sandbox."
ASSET-NEGATIVE-MOM-MATRIX-001,verification-artifact,Generated MOM negative-path matrix with executable parameter-validation rows,1516.1-2010 §11.4.1,implemented-slice,verification/mom_negative_matrix_v0_13.json; analysis/mom_negative_matrix_v0_13.json; hla2010/mom_negative_testing.py::mom_negative_case_report; tests/verification/test_mom_negative_matrix_executable_v013.py,Service-action semantic negative cases remain visible as planned rows until each has a bespoke precondition harness.
ASSET-NEGATIVE-MOM-MATRIX-001,verification-artifact,Generated MOM negative-path matrix with executable parameter-validation rows,1516.1-2010 Annex G,implemented-slice,verification/mom_negative_matrix_v0_13.json; analysis/mom_negative_matrix_v0_13.json; hla2010/mom_negative_testing.py::mom_negative_case_report; tests/verification/test_mom_negative_matrix_executable_v013.py,Service-action semantic negative cases remain visible as planned rows until each has a bespoke precondition harness.
