requirement_id,standard,clause,source_title,capability,feature,requirement_text,normative_keyword,implementation_area,verification_method,test_id,status,priority,source_note
HLA1516-RULE-001,IEEE 1516-2010 (2010 edition),5.1,Framework and Rules,CAP-FW,FW-FOM,Federations shall define a FOM documented using the HLA OMT.,shall,omt.fom,review + integration test,TEST-FW-RULE-001,Draft,P0,Paraphrased from Framework and Rules rule clauses.
HLA1516-RULE-002,IEEE 1516-2010 (2010 edition),5.2,Framework and Rules,CAP-FW,FW-OBJECT-STATE,"Simulation-associated object instance state shall reside in federates rather than the RTI, except standard MOM-managed data.",shall,rti.state_model,review + integration test,TEST-FW-RULE-002,Draft,P0,Paraphrased from Framework and Rules rule clauses.
HLA1516-RULE-003,IEEE 1516-2010 (2010 edition),5.3,Framework and Rules,CAP-FW,FW-DATA-EXCHANGE,"During execution, exchange of FOM-defined data among joined federates shall occur through RTI services.",shall,rti.transport,review + integration test,TEST-FW-RULE-003,Draft,P0,Paraphrased from Framework and Rules rule clauses.
HLA1516-RULE-004,IEEE 1516-2010 (2010 edition),5.4,Framework and Rules,CAP-FW,FW-INTERFACE,Joined federates shall interact with the RTI through the standard HLA federate interface.,shall,rti.interface,review + integration test,TEST-FW-RULE-004,Draft,P0,Paraphrased from Framework and Rules rule clauses.
HLA1516-RULE-005,IEEE 1516-2010 (2010 edition),5.5,Framework and Rules,CAP-FW,FW-OWNERSHIP,An object instance attribute shall be owned by at most one joined federate at a time.,shall,ownership.registry,review + integration test,TEST-FW-RULE-005,Draft,P0,Paraphrased from Framework and Rules rule clauses.
HLA1516-RULE-006,IEEE 1516-2010 (2010 edition),6.1,Framework and Rules,CAP-FW,FW-SOM,Federates shall define a SOM documented using the HLA OMT.,shall,omt.som,review + integration test,TEST-FW-RULE-006,Draft,P0,Paraphrased from Framework and Rules rule clauses.
HLA1516-RULE-007,IEEE 1516-2010 (2010 edition),6.2,Framework and Rules,CAP-FW,FW-PUBSUB,"Federates shall support the update, reflection, sending, or receipt capabilities described in their SOMs.",shall,federate.capabilities,review + integration test,TEST-FW-RULE-007,Draft,P0,Paraphrased from Framework and Rules rule clauses.
HLA1516-RULE-008,IEEE 1516-2010 (2010 edition),6.3,Framework and Rules,CAP-FW,FW-OWNERSHIP-DYNAMIC,Federates shall support dynamic ownership transfer or acceptance as described in their SOMs.,shall,ownership.workflow,review + integration test,TEST-FW-RULE-008,Draft,P0,Paraphrased from Framework and Rules rule clauses.
HLA1516-RULE-009,IEEE 1516-2010 (2010 edition),6.4,Framework and Rules,CAP-FW,FW-UPDATE-CONDITIONS,Federates shall be able to vary update conditions described in their SOMs.,shall,declaration.update_rates,review + integration test,TEST-FW-RULE-009,Draft,P0,Paraphrased from Framework and Rules rule clauses.
HLA1516-RULE-010,IEEE 1516-2010 (2010 edition),6.5,Framework and Rules,CAP-FW,FW-TIME,Federates shall manage local time in a manner compatible with federation time coordination.,shall,time_management,review + integration test,TEST-FW-RULE-010,Draft,P0,Paraphrased from Framework and Rules rule clauses.
HLA1516.1-FM-4_2-001,IEEE 1516.1-2010 (2010 edition),4.2,Federate Interface Specification,CAP-FM,FM-CONNECT-SERVICE,RTI shall provide the Connect service.,shall,rti.federation_management.connect,unit + federate integration test,TEST-FM-4_2-001,Draft,P0,"Seeded from 1516.1 table of contents service entry for clause 4.2. Expand with arguments, callbacks, preconditions, and exceptions."
HLA1516.1-FM-4_3-001,IEEE 1516.1-2010 (2010 edition),4.3,Federate Interface Specification,CAP-FM,FM-DISCONNECT-SERVICE,RTI shall provide the Disconnect service.,shall,rti.federation_management.disconnect,unit + federate integration test,TEST-FM-4_3-001,Draft,P0,"Seeded from 1516.1 table of contents service entry for clause 4.3. Expand with arguments, callbacks, preconditions, and exceptions."
HLA1516.1-FM-4_4-001,IEEE 1516.1-2010 (2010 edition),4.4,Federate Interface Specification,CAP-FM,FM-CONNECTION-LOST-CALLBACK-SERVICE,RTI shall issue the Connection Lost callback service.,shall,rti.federation_management.connection_lost,unit + federate integration test,TEST-FM-4_4-001,Draft,P0,"Seeded from 1516.1 table of contents service entry for clause 4.4. Expand with arguments, callbacks, preconditions, and exceptions."
HLA1516.1-FM-4_5-001,IEEE 1516.1-2010 (2010 edition),4.5,Federate Interface Specification,CAP-FM,FM-CREATE-FEDERATION-EXECUTION-SERVICE,RTI shall provide the Create Federation Execution service.,shall,rti.federation_management.create_federation_execution,unit + federate integration test,TEST-FM-4_5-001,Draft,P0,"Seeded from 1516.1 table of contents service entry for clause 4.5. Expand with arguments, callbacks, preconditions, and exceptions."
HLA1516.1-FM-4_6-001,IEEE 1516.1-2010 (2010 edition),4.6,Federate Interface Specification,CAP-FM,FM-DESTROY-FEDERATION-EXECUTION-SERVICE,RTI shall provide the Destroy Federation Execution service.,shall,rti.federation_management.destroy_federation_execution,unit + federate integration test,TEST-FM-4_6-001,Draft,P0,"Seeded from 1516.1 table of contents service entry for clause 4.6. Expand with arguments, callbacks, preconditions, and exceptions."
HLA1516.1-FM-4_7-001,IEEE 1516.1-2010 (2010 edition),4.7,Federate Interface Specification,CAP-FM,FM-LIST-FEDERATION-EXECUTIONS-SERVICE,RTI shall provide the List Federation Executions service.,shall,rti.federation_management.list_federation_executions,unit + federate integration test,TEST-FM-4_7-001,Draft,P0,"Seeded from 1516.1 table of contents service entry for clause 4.7. Expand with arguments, callbacks, preconditions, and exceptions."
HLA1516.1-FM-4_8-001,IEEE 1516.1-2010 (2010 edition),4.8,Federate Interface Specification,CAP-FM,FM-REPORT-FEDERATION-EXECUTIONS-CALLBACK-SE,RTI shall issue the Report Federation Executions callback service.,shall,rti.federation_management.report_federation_executions,unit + federate integration test,TEST-FM-4_8-001,Draft,P0,"Seeded from 1516.1 table of contents service entry for clause 4.8. Expand with arguments, callbacks, preconditions, and exceptions."
HLA1516.1-FM-4_9-001,IEEE 1516.1-2010 (2010 edition),4.9,Federate Interface Specification,CAP-FM,FM-JOIN-FEDERATION-EXECUTION-SERVICE,RTI shall provide the Join Federation Execution service.,shall,rti.federation_management.join_federation_execution,unit + federate integration test,TEST-FM-4_9-001,Draft,P0,"Seeded from 1516.1 table of contents service entry for clause 4.9. Expand with arguments, callbacks, preconditions, and exceptions."
HLA1516.1-FM-4_10-001,IEEE 1516.1-2010 (2010 edition),4.10,Federate Interface Specification,CAP-FM,FM-RESIGN-FEDERATION-EXECUTION-SERVICE,RTI shall provide the Resign Federation Execution service.,shall,rti.federation_management.resign_federation_execution,unit + federate integration test,TEST-FM-4_10-001,Draft,P0,"Seeded from 1516.1 table of contents service entry for clause 4.10. Expand with arguments, callbacks, preconditions, and exceptions."
HLA1516.1-FM-4_12-001,IEEE 1516.1-2010 (2010 edition),4.12,Federate Interface Specification,CAP-FM,FM-CONFIRM-SYNCHRONIZATION-POINT-REGISTRATI,RTI shall issue the Confirm Synchronization Point Registration callback service.,shall,rti.federation_management.confirm_synchronization_point_registration,unit + federate integration test,TEST-FM-4_12-001,Draft,P0,"Seeded from 1516.1 table of contents service entry for clause 4.12. Expand with arguments, callbacks, preconditions, and exceptions."
HLA1516.1-FM-4_13-001,IEEE 1516.1-2010 (2010 edition),4.13,Federate Interface Specification,CAP-FM,FM-ANNOUNCE-SYNCHRONIZATION-POINT-CALLBACK-,RTI shall issue the Announce Synchronization Point callback service.,shall,rti.federation_management.announce_synchronization_point,unit + federate integration test,TEST-FM-4_13-001,Draft,P0,"Seeded from 1516.1 table of contents service entry for clause 4.13. Expand with arguments, callbacks, preconditions, and exceptions."
HLA1516.1-FM-4_14-001,IEEE 1516.1-2010 (2010 edition),4.14,Federate Interface Specification,CAP-FM,FM-SYNCHRONIZATION-POINT-ACHIEVED-SERVICE,RTI shall provide the Synchronization Point Achieved service.,shall,rti.federation_management.synchronization_point_achieved,unit + federate integration test,TEST-FM-4_14-001,Draft,P0,"Seeded from 1516.1 table of contents service entry for clause 4.14. Expand with arguments, callbacks, preconditions, and exceptions."
HLA1516.1-FM-4_15-001,IEEE 1516.1-2010 (2010 edition),4.15,Federate Interface Specification,CAP-FM,FM-FEDERATION-SYNCHRONIZED-CALLBACK-SERVICE,RTI shall issue the Federation Synchronized callback service.,shall,rti.federation_management.federation_synchronized,unit + federate integration test,TEST-FM-4_15-001,Draft,P0,"Seeded from 1516.1 table of contents service entry for clause 4.15. Expand with arguments, callbacks, preconditions, and exceptions."
HLA1516.1-FM-4_16-001,IEEE 1516.1-2010 (2010 edition),4.16,Federate Interface Specification,CAP-FM,FM-REQUEST-FEDERATION-SAVE-SERVICE,RTI shall provide the Request Federation Save service.,shall,rti.federation_management.request_federation_save,unit + federate integration test,TEST-FM-4_16-001,Draft,P0,"Seeded from 1516.1 table of contents service entry for clause 4.16. Expand with arguments, callbacks, preconditions, and exceptions."
HLA1516.1-FM-4_17-001,IEEE 1516.1-2010 (2010 edition),4.17,Federate Interface Specification,CAP-FM,FM-INITIATE-FEDERATE-SAVE-CALLBACK-SERVICE,RTI shall issue the Initiate Federate Save callback service.,shall,rti.federation_management.initiate_federate_save,unit + federate integration test,TEST-FM-4_17-001,Draft,P0,"Seeded from 1516.1 table of contents service entry for clause 4.17. Expand with arguments, callbacks, preconditions, and exceptions."
HLA1516.1-FM-4_18-001,IEEE 1516.1-2010 (2010 edition),4.18,Federate Interface Specification,CAP-FM,FM-FEDERATE-SAVE-BEGUN-SERVICE,RTI shall provide the Federate Save Begun service.,shall,rti.federation_management.federate_save_begun,unit + federate integration test,TEST-FM-4_18-001,Draft,P0,"Seeded from 1516.1 table of contents service entry for clause 4.18. Expand with arguments, callbacks, preconditions, and exceptions."
HLA1516.1-FM-4_19-001,IEEE 1516.1-2010 (2010 edition),4.19,Federate Interface Specification,CAP-FM,FM-FEDERATE-SAVE-COMPLETE-SERVICE,RTI shall provide the Federate Save Complete service.,shall,rti.federation_management.federate_save_complete,unit + federate integration test,TEST-FM-4_19-001,Draft,P0,"Seeded from 1516.1 table of contents service entry for clause 4.19. Expand with arguments, callbacks, preconditions, and exceptions."
HLA1516.1-FM-4_20-001,IEEE 1516.1-2010 (2010 edition),4.20,Federate Interface Specification,CAP-FM,FM-FEDERATION-SAVED-CALLBACK-SERVICE,RTI shall issue the Federation Saved callback service.,shall,rti.federation_management.federation_saved,unit + federate integration test,TEST-FM-4_20-001,Draft,P0,"Seeded from 1516.1 table of contents service entry for clause 4.20. Expand with arguments, callbacks, preconditions, and exceptions."
HLA1516.1-FM-4_21-001,IEEE 1516.1-2010 (2010 edition),4.21,Federate Interface Specification,CAP-FM,FM-ABORT-FEDERATION-SAVE-SERVICE,RTI shall provide the Abort Federation Save service.,shall,rti.federation_management.abort_federation_save,unit + federate integration test,TEST-FM-4_21-001,Draft,P0,"Seeded from 1516.1 table of contents service entry for clause 4.21. Expand with arguments, callbacks, preconditions, and exceptions."
HLA1516.1-FM-4_22-001,IEEE 1516.1-2010 (2010 edition),4.22,Federate Interface Specification,CAP-FM,FM-QUERY-FEDERATION-SAVE-STATUS-SERVICE,RTI shall provide the Query Federation Save Status service.,shall,rti.federation_management.query_federation_save_status,unit + federate integration test,TEST-FM-4_22-001,Draft,P0,"Seeded from 1516.1 table of contents service entry for clause 4.22. Expand with arguments, callbacks, preconditions, and exceptions."
HLA1516.1-FM-4_23-001,IEEE 1516.1-2010 (2010 edition),4.23,Federate Interface Specification,CAP-FM,FM-FEDERATION-SAVE-STATUS-RESPONSE-CALLBACK,RTI shall issue the Federation Save Status Response callback service.,shall,rti.federation_management.federation_save_status_response,unit + federate integration test,TEST-FM-4_23-001,Draft,P0,"Seeded from 1516.1 table of contents service entry for clause 4.23. Expand with arguments, callbacks, preconditions, and exceptions."
HLA1516.1-FM-4_24-001,IEEE 1516.1-2010 (2010 edition),4.24,Federate Interface Specification,CAP-FM,FM-REQUEST-FEDERATION-RESTORE-SERVICE,RTI shall provide the Request Federation Restore service.,shall,rti.federation_management.request_federation_restore,unit + federate integration test,TEST-FM-4_24-001,Draft,P0,"Seeded from 1516.1 table of contents service entry for clause 4.24. Expand with arguments, callbacks, preconditions, and exceptions."
HLA1516.1-FM-4_25-001,IEEE 1516.1-2010 (2010 edition),4.25,Federate Interface Specification,CAP-FM,FM-CONFIRM-FEDERATION-RESTORATION-REQUEST-C,RTI shall issue the Confirm Federation Restoration Request callback service.,shall,rti.federation_management.confirm_federation_restoration_request,unit + federate integration test,TEST-FM-4_25-001,Draft,P0,"Seeded from 1516.1 table of contents service entry for clause 4.25. Expand with arguments, callbacks, preconditions, and exceptions."
HLA1516.1-FM-4_26-001,IEEE 1516.1-2010 (2010 edition),4.26,Federate Interface Specification,CAP-FM,FM-FEDERATION-RESTORE-BEGUN-CALLBACK-SERVIC,RTI shall issue the Federation Restore Begun callback service.,shall,rti.federation_management.federation_restore_begun,unit + federate integration test,TEST-FM-4_26-001,Draft,P0,"Seeded from 1516.1 table of contents service entry for clause 4.26. Expand with arguments, callbacks, preconditions, and exceptions."
HLA1516.1-FM-4_27-001,IEEE 1516.1-2010 (2010 edition),4.27,Federate Interface Specification,CAP-FM,FM-INITIATE-FEDERATE-RESTORE-CALLBACK-SERVI,RTI shall issue the Initiate Federate Restore callback service.,shall,rti.federation_management.initiate_federate_restore,unit + federate integration test,TEST-FM-4_27-001,Draft,P0,"Seeded from 1516.1 table of contents service entry for clause 4.27. Expand with arguments, callbacks, preconditions, and exceptions."
HLA1516.1-FM-4_28-001,IEEE 1516.1-2010 (2010 edition),4.28,Federate Interface Specification,CAP-FM,FM-FEDERATE-RESTORE-COMPLETE-SERVICE,RTI shall provide the Federate Restore Complete service.,shall,rti.federation_management.federate_restore_complete,unit + federate integration test,TEST-FM-4_28-001,Draft,P0,"Seeded from 1516.1 table of contents service entry for clause 4.28. Expand with arguments, callbacks, preconditions, and exceptions."
HLA1516.1-FM-4_29-001,IEEE 1516.1-2010 (2010 edition),4.29,Federate Interface Specification,CAP-FM,FM-FEDERATION-RESTORED-CALLBACK-SERVICE,RTI shall issue the Federation Restored callback service.,shall,rti.federation_management.federation_restored,unit + federate integration test,TEST-FM-4_29-001,Draft,P0,"Seeded from 1516.1 table of contents service entry for clause 4.29. Expand with arguments, callbacks, preconditions, and exceptions."
HLA1516.1-FM-4_30-001,IEEE 1516.1-2010 (2010 edition),4.30,Federate Interface Specification,CAP-FM,FM-ABORT-FEDERATION-RESTORE-SERVICE,RTI shall provide the Abort Federation Restore service.,shall,rti.federation_management.abort_federation_restore,unit + federate integration test,TEST-FM-4_30-001,Draft,P0,"Seeded from 1516.1 table of contents service entry for clause 4.30. Expand with arguments, callbacks, preconditions, and exceptions."
HLA1516.1-FM-4_31-001,IEEE 1516.1-2010 (2010 edition),4.31,Federate Interface Specification,CAP-FM,FM-QUERY-FEDERATION-RESTORE-STATUS-SERVICE,RTI shall provide the Query Federation Restore Status service.,shall,rti.federation_management.query_federation_restore_status,unit + federate integration test,TEST-FM-4_31-001,Draft,P0,"Seeded from 1516.1 table of contents service entry for clause 4.31. Expand with arguments, callbacks, preconditions, and exceptions."
HLA1516.1-FM-4_32-001,IEEE 1516.1-2010 (2010 edition),4.32,Federate Interface Specification,CAP-FM,FM-FEDERATION-RESTORE-STATUS-RESPONSE-CALLB,RTI shall issue the Federation Restore Status Response callback service.,shall,rti.federation_management.federation_restore_status_response,unit + federate integration test,TEST-FM-4_32-001,Draft,P0,"Seeded from 1516.1 table of contents service entry for clause 4.32. Expand with arguments, callbacks, preconditions, and exceptions."
HLA1516.1-DM-5_2-001,IEEE 1516.1-2010 (2010 edition),5.2,Federate Interface Specification,CAP-DM,DM-PUBLISH-OBJECT-CLASS-ATTRIBUTES-SERVICE,RTI shall provide the Publish Object Class Attributes service.,shall,rti.declaration_management.publish_object_class_attributes,unit + federate integration test,TEST-DM-5_2-001,Draft,P0,"Seeded from 1516.1 table of contents service entry for clause 5.2. Expand with arguments, callbacks, preconditions, and exceptions."
HLA1516.1-DM-5_3-001,IEEE 1516.1-2010 (2010 edition),5.3,Federate Interface Specification,CAP-DM,DM-UNPUBLISH-OBJECT-CLASS-ATTRIBUTES-SERVIC,RTI shall provide the Unpublish Object Class Attributes service.,shall,rti.declaration_management.unpublish_object_class_attributes,unit + federate integration test,TEST-DM-5_3-001,Draft,P0,"Seeded from 1516.1 table of contents service entry for clause 5.3. Expand with arguments, callbacks, preconditions, and exceptions."
HLA1516.1-DM-5_4-001,IEEE 1516.1-2010 (2010 edition),5.4,Federate Interface Specification,CAP-DM,DM-PUBLISH-INTERACTION-CLASS-SERVICE,RTI shall provide the Publish Interaction Class service.,shall,rti.declaration_management.publish_interaction_class,unit + federate integration test,TEST-DM-5_4-001,Draft,P0,"Seeded from 1516.1 table of contents service entry for clause 5.4. Expand with arguments, callbacks, preconditions, and exceptions."
HLA1516.1-DM-5_5-001,IEEE 1516.1-2010 (2010 edition),5.5,Federate Interface Specification,CAP-DM,DM-UNPUBLISH-INTERACTION-CLASS-SERVICE,RTI shall provide the Unpublish Interaction Class service.,shall,rti.declaration_management.unpublish_interaction_class,unit + federate integration test,TEST-DM-5_5-001,Draft,P0,"Seeded from 1516.1 table of contents service entry for clause 5.5. Expand with arguments, callbacks, preconditions, and exceptions."
HLA1516.1-DM-5_6-001,IEEE 1516.1-2010 (2010 edition),5.6,Federate Interface Specification,CAP-DM,DM-SUBSCRIBE-OBJECT-CLASS-ATTRIBUTES-SERVIC,RTI shall provide the Subscribe Object Class Attributes service.,shall,rti.declaration_management.subscribe_object_class_attributes,unit + federate integration test,TEST-DM-5_6-001,Draft,P0,"Seeded from 1516.1 table of contents service entry for clause 5.6. Expand with arguments, callbacks, preconditions, and exceptions."
HLA1516.1-DM-5_7-001,IEEE 1516.1-2010 (2010 edition),5.7,Federate Interface Specification,CAP-DM,DM-UNSUBSCRIBE-OBJECT-CLASS-ATTRIBUTES-SERV,RTI shall provide the Unsubscribe Object Class Attributes service.,shall,rti.declaration_management.unsubscribe_object_class_attributes,unit + federate integration test,TEST-DM-5_7-001,Draft,P0,"Seeded from 1516.1 table of contents service entry for clause 5.7. Expand with arguments, callbacks, preconditions, and exceptions."
HLA1516.1-DM-5_8-001,IEEE 1516.1-2010 (2010 edition),5.8,Federate Interface Specification,CAP-DM,DM-SUBSCRIBE-INTERACTION-CLASS-SERVICE,RTI shall provide the Subscribe Interaction Class service.,shall,rti.declaration_management.subscribe_interaction_class,unit + federate integration test,TEST-DM-5_8-001,Draft,P0,"Seeded from 1516.1 table of contents service entry for clause 5.8. Expand with arguments, callbacks, preconditions, and exceptions."
HLA1516.1-DM-5_9-001,IEEE 1516.1-2010 (2010 edition),5.9,Federate Interface Specification,CAP-DM,DM-UNSUBSCRIBE-INTERACTION-CLASS-SERVICE,RTI shall provide the Unsubscribe Interaction Class service.,shall,rti.declaration_management.unsubscribe_interaction_class,unit + federate integration test,TEST-DM-5_9-001,Draft,P0,"Seeded from 1516.1 table of contents service entry for clause 5.9. Expand with arguments, callbacks, preconditions, and exceptions."
HLA1516.1-DM-5_10-001,IEEE 1516.1-2010 (2010 edition),5.10,Federate Interface Specification,CAP-DM,DM-START-REGISTRATION-FOR-OBJECT-CLASS-CALL,RTI shall issue the Start Registration For Object Class callback service.,shall,rti.declaration_management.start_registration_for_object_class,unit + federate integration test,TEST-DM-5_10-001,Draft,P0,"Seeded from 1516.1 table of contents service entry for clause 5.10. Expand with arguments, callbacks, preconditions, and exceptions."
HLA1516.1-DM-5_11-001,IEEE 1516.1-2010 (2010 edition),5.11,Federate Interface Specification,CAP-DM,DM-STOP-REGISTRATION-FOR-OBJECT-CLASS-CALLB,RTI shall issue the Stop Registration For Object Class callback service.,shall,rti.declaration_management.stop_registration_for_object_class,unit + federate integration test,TEST-DM-5_11-001,Draft,P0,"Seeded from 1516.1 table of contents service entry for clause 5.11. Expand with arguments, callbacks, preconditions, and exceptions."
HLA1516.1-DM-5_12-001,IEEE 1516.1-2010 (2010 edition),5.12,Federate Interface Specification,CAP-DM,DM-TURN-INTERACTIONS-ON-CALLBACK-SERVICE,RTI shall issue the Turn Interactions On callback service.,shall,rti.declaration_management.turn_interactions_on,unit + federate integration test,TEST-DM-5_12-001,Draft,P0,"Seeded from 1516.1 table of contents service entry for clause 5.12. Expand with arguments, callbacks, preconditions, and exceptions."
HLA1516.1-DM-5_13-001,IEEE 1516.1-2010 (2010 edition),5.13,Federate Interface Specification,CAP-DM,DM-TURN-INTERACTIONS-OFF-CALLBACK-SERVICE,RTI shall issue the Turn Interactions Off callback service.,shall,rti.declaration_management.turn_interactions_off,unit + federate integration test,TEST-DM-5_13-001,Draft,P0,"Seeded from 1516.1 table of contents service entry for clause 5.13. Expand with arguments, callbacks, preconditions, and exceptions."
HLA1516.1-OM-6_2-001,IEEE 1516.1-2010 (2010 edition),6.2,Federate Interface Specification,CAP-OM,OM-RESERVE-OBJECT-INSTANCE-NAME-SERVICE,RTI shall provide the Reserve Object Instance Name service.,shall,rti.object_management.reserve_object_instance_name,unit + federate integration test,TEST-OM-6_2-001,Draft,P0,"Seeded from 1516.1 table of contents service entry for clause 6.2. Expand with arguments, callbacks, preconditions, and exceptions."
HLA1516.1-OM-6_3-001,IEEE 1516.1-2010 (2010 edition),6.3,Federate Interface Specification,CAP-OM,OM-OBJECT-INSTANCE-NAME-RESERVED-CALLBACK-S,RTI shall issue the Object Instance Name Reserved callback service.,shall,rti.object_management.object_instance_name_reserved,unit + federate integration test,TEST-OM-6_3-001,Draft,P0,"Seeded from 1516.1 table of contents service entry for clause 6.3. Expand with arguments, callbacks, preconditions, and exceptions."
HLA1516.1-OM-6_4-001,IEEE 1516.1-2010 (2010 edition),6.4,Federate Interface Specification,CAP-OM,OM-RELEASE-OBJECT-INSTANCE-NAME-SERVICE,RTI shall provide the Release Object Instance Name service.,shall,rti.object_management.release_object_instance_name,unit + federate integration test,TEST-OM-6_4-001,Draft,P0,"Seeded from 1516.1 table of contents service entry for clause 6.4. Expand with arguments, callbacks, preconditions, and exceptions."
HLA1516.1-OM-6_5-001,IEEE 1516.1-2010 (2010 edition),6.5,Federate Interface Specification,CAP-OM,OM-RESERVE-MULTIPLE-OBJECT-INSTANCE-NAMES-S,RTI shall provide the Reserve Multiple Object Instance Names service.,shall,rti.object_management.reserve_multiple_object_instance_names,unit + federate integration test,TEST-OM-6_5-001,Draft,P0,"Seeded from 1516.1 table of contents service entry for clause 6.5. Expand with arguments, callbacks, preconditions, and exceptions."
HLA1516.1-OM-6_6-001,IEEE 1516.1-2010 (2010 edition),6.6,Federate Interface Specification,CAP-OM,OM-MULTIPLE-OBJECT-INSTANCE-NAMES-RESERVED-,RTI shall issue the Multiple Object Instance Names Reserved callback service.,shall,rti.object_management.multiple_object_instance_names_reserved,unit + federate integration test,TEST-OM-6_6-001,Draft,P0,"Seeded from 1516.1 table of contents service entry for clause 6.6. Expand with arguments, callbacks, preconditions, and exceptions."
HLA1516.1-OM-6_7-001,IEEE 1516.1-2010 (2010 edition),6.7,Federate Interface Specification,CAP-OM,OM-RELEASE-MULTIPLE-OBJECT-INSTANCE-NAMES-S,RTI shall provide the Release Multiple Object Instance Names service.,shall,rti.object_management.release_multiple_object_instance_names,unit + federate integration test,TEST-OM-6_7-001,Draft,P0,"Seeded from 1516.1 table of contents service entry for clause 6.7. Expand with arguments, callbacks, preconditions, and exceptions."
HLA1516.1-OM-6_8-001,IEEE 1516.1-2010 (2010 edition),6.8,Federate Interface Specification,CAP-OM,OM-REGISTER-OBJECT-INSTANCE-SERVICE,RTI shall provide the Register Object Instance service.,shall,rti.object_management.register_object_instance,unit + federate integration test,TEST-OM-6_8-001,Draft,P0,"Seeded from 1516.1 table of contents service entry for clause 6.8. Expand with arguments, callbacks, preconditions, and exceptions."
HLA1516.1-OM-6_9-001,IEEE 1516.1-2010 (2010 edition),6.9,Federate Interface Specification,CAP-OM,OM-DISCOVER-OBJECT-INSTANCE-CALLBACK-SERVIC,RTI shall issue the Discover Object Instance callback service.,shall,rti.object_management.discover_object_instance,unit + federate integration test,TEST-OM-6_9-001,Draft,P0,"Seeded from 1516.1 table of contents service entry for clause 6.9. Expand with arguments, callbacks, preconditions, and exceptions."
HLA1516.1-OM-6_10-001,IEEE 1516.1-2010 (2010 edition),6.10,Federate Interface Specification,CAP-OM,OM-UPDATE-ATTRIBUTE-VALUES-SERVICE,RTI shall provide the Update Attribute Values service.,shall,rti.object_management.update_attribute_values,unit + federate integration test,TEST-OM-6_10-001,Draft,P0,"Seeded from 1516.1 table of contents service entry for clause 6.10. Expand with arguments, callbacks, preconditions, and exceptions."
HLA1516.1-OM-6_11-001,IEEE 1516.1-2010 (2010 edition),6.11,Federate Interface Specification,CAP-OM,OM-REFLECT-ATTRIBUTE-VALUES-CALLBACK-SERVIC,RTI shall issue the Reflect Attribute Values callback service.,shall,rti.object_management.reflect_attribute_values,unit + federate integration test,TEST-OM-6_11-001,Draft,P0,"Seeded from 1516.1 table of contents service entry for clause 6.11. Expand with arguments, callbacks, preconditions, and exceptions."
HLA1516.1-OM-6_12-001,IEEE 1516.1-2010 (2010 edition),6.12,Federate Interface Specification,CAP-OM,OM-SEND-INTERACTION-SERVICE,RTI shall provide the Send Interaction service.,shall,rti.object_management.send_interaction,unit + federate integration test,TEST-OM-6_12-001,Draft,P0,"Seeded from 1516.1 table of contents service entry for clause 6.12. Expand with arguments, callbacks, preconditions, and exceptions."
HLA1516.1-OM-6_13-001,IEEE 1516.1-2010 (2010 edition),6.13,Federate Interface Specification,CAP-OM,OM-RECEIVE-INTERACTION-CALLBACK-SERVICE,RTI shall issue the Receive Interaction callback service.,shall,rti.object_management.receive_interaction,unit + federate integration test,TEST-OM-6_13-001,Draft,P0,"Seeded from 1516.1 table of contents service entry for clause 6.13. Expand with arguments, callbacks, preconditions, and exceptions."
HLA1516.1-OM-6_14-001,IEEE 1516.1-2010 (2010 edition),6.14,Federate Interface Specification,CAP-OM,OM-DELETE-OBJECT-INSTANCE-SERVICE,RTI shall provide the Delete Object Instance service.,shall,rti.object_management.delete_object_instance,unit + federate integration test,TEST-OM-6_14-001,Draft,P0,"Seeded from 1516.1 table of contents service entry for clause 6.14. Expand with arguments, callbacks, preconditions, and exceptions."
HLA1516.1-OM-6_15-001,IEEE 1516.1-2010 (2010 edition),6.15,Federate Interface Specification,CAP-OM,OM-REMOVE-OBJECT-INSTANCE-CALLBACK-SERVICE,RTI shall issue the Remove Object Instance callback service.,shall,rti.object_management.remove_object_instance,unit + federate integration test,TEST-OM-6_15-001,Draft,P0,"Seeded from 1516.1 table of contents service entry for clause 6.15. Expand with arguments, callbacks, preconditions, and exceptions."
HLA1516.1-OM-6_16-001,IEEE 1516.1-2010 (2010 edition),6.16,Federate Interface Specification,CAP-OM,OM-LOCAL-DELETE-OBJECT-INSTANCE-SERVICE,RTI shall provide the Local Delete Object Instance service.,shall,rti.object_management.local_delete_object_instance,unit + federate integration test,TEST-OM-6_16-001,Draft,P0,"Seeded from 1516.1 table of contents service entry for clause 6.16. Expand with arguments, callbacks, preconditions, and exceptions."
HLA1516.1-OM-6_17-001,IEEE 1516.1-2010 (2010 edition),6.17,Federate Interface Specification,CAP-OM,OM-ATTRIBUTES-IN-SCOPE-CALLBACK-SERVICE,RTI shall issue the Attributes In Scope callback service.,shall,rti.object_management.attributes_in_scope,unit + federate integration test,TEST-OM-6_17-001,Draft,P0,"Seeded from 1516.1 table of contents service entry for clause 6.17. Expand with arguments, callbacks, preconditions, and exceptions."
HLA1516.1-OM-6_18-001,IEEE 1516.1-2010 (2010 edition),6.18,Federate Interface Specification,CAP-OM,OM-ATTRIBUTES-OUT-OF-SCOPE-CALLBACK-SERVICE,RTI shall issue the Attributes Out Of Scope callback service.,shall,rti.object_management.attributes_out_of_scope,unit + federate integration test,TEST-OM-6_18-001,Draft,P0,"Seeded from 1516.1 table of contents service entry for clause 6.18. Expand with arguments, callbacks, preconditions, and exceptions."
HLA1516.1-OM-6_19-001,IEEE 1516.1-2010 (2010 edition),6.19,Federate Interface Specification,CAP-OM,OM-REQUEST-ATTRIBUTE-VALUE-UPDATE-SERVICE,RTI shall provide the Request Attribute Value Update service.,shall,rti.object_management.request_attribute_value_update,unit + federate integration test,TEST-OM-6_19-001,Draft,P0,"Seeded from 1516.1 table of contents service entry for clause 6.19. Expand with arguments, callbacks, preconditions, and exceptions."
HLA1516.1-OM-6_20-001,IEEE 1516.1-2010 (2010 edition),6.20,Federate Interface Specification,CAP-OM,OM-PROVIDE-ATTRIBUTE-VALUE-UPDATE-CALLBACK-,RTI shall issue the Provide Attribute Value Update callback service.,shall,rti.object_management.provide_attribute_value_update,unit + federate integration test,TEST-OM-6_20-001,Draft,P0,"Seeded from 1516.1 table of contents service entry for clause 6.20. Expand with arguments, callbacks, preconditions, and exceptions."
HLA1516.1-OM-6_21-001,IEEE 1516.1-2010 (2010 edition),6.21,Federate Interface Specification,CAP-OM,OM-TURN-UPDATES-ON-FOR-OBJECT-INSTANCE-CALL,RTI shall issue the Turn Updates On For Object Instance callback service.,shall,rti.object_management.turn_updates_on_for_object_instance,unit + federate integration test,TEST-OM-6_21-001,Draft,P0,"Seeded from 1516.1 table of contents service entry for clause 6.21. Expand with arguments, callbacks, preconditions, and exceptions."
HLA1516.1-OM-6_22-001,IEEE 1516.1-2010 (2010 edition),6.22,Federate Interface Specification,CAP-OM,OM-TURN-UPDATES-OFF-FOR-OBJECT-INSTANCE-CAL,RTI shall issue the Turn Updates Off For Object Instance callback service.,shall,rti.object_management.turn_updates_off_for_object_instance,unit + federate integration test,TEST-OM-6_22-001,Draft,P0,"Seeded from 1516.1 table of contents service entry for clause 6.22. Expand with arguments, callbacks, preconditions, and exceptions."
HLA1516.1-OM-6_23-001,IEEE 1516.1-2010 (2010 edition),6.23,Federate Interface Specification,CAP-OM,OM-REQUEST-ATTRIBUTE-TRANSPORTATION-TYPE-CH,RTI shall provide the Request Attribute Transportation Type Change service.,shall,rti.object_management.request_attribute_transportation_type_change,unit + federate integration test,TEST-OM-6_23-001,Draft,P0,"Seeded from 1516.1 table of contents service entry for clause 6.23. Expand with arguments, callbacks, preconditions, and exceptions."
HLA1516.1-OM-6_24-001,IEEE 1516.1-2010 (2010 edition),6.24,Federate Interface Specification,CAP-OM,OM-CONFIRM-ATTRIBUTE-TRANSPORTATION-TYPE-CH,RTI shall issue the Confirm Attribute Transportation Type Change callback service.,shall,rti.object_management.confirm_attribute_transportation_type_change,unit + federate integration test,TEST-OM-6_24-001,Draft,P0,"Seeded from 1516.1 table of contents service entry for clause 6.24. Expand with arguments, callbacks, preconditions, and exceptions."
HLA1516.1-OM-6_25-001,IEEE 1516.1-2010 (2010 edition),6.25,Federate Interface Specification,CAP-OM,OM-QUERY-ATTRIBUTE-TRANSPORTATION-TYPE-SERV,RTI shall provide the Query Attribute Transportation Type service.,shall,rti.object_management.query_attribute_transportation_type,unit + federate integration test,TEST-OM-6_25-001,Draft,P0,"Seeded from 1516.1 table of contents service entry for clause 6.25. Expand with arguments, callbacks, preconditions, and exceptions."
HLA1516.1-OM-6_26-001,IEEE 1516.1-2010 (2010 edition),6.26,Federate Interface Specification,CAP-OM,OM-REPORT-ATTRIBUTE-TRANSPORTATION-TYPE-CAL,RTI shall issue the Report Attribute Transportation Type callback service.,shall,rti.object_management.report_attribute_transportation_type,unit + federate integration test,TEST-OM-6_26-001,Draft,P0,"Seeded from 1516.1 table of contents service entry for clause 6.26. Expand with arguments, callbacks, preconditions, and exceptions."
HLA1516.1-OM-6_27-001,IEEE 1516.1-2010 (2010 edition),6.27,Federate Interface Specification,CAP-OM,OM-REQUEST-INTERACTION-TRANSPORTATION-TYPE-,RTI shall provide the Request Interaction Transportation Type Change service.,shall,rti.object_management.request_interaction_transportation_type_change,unit + federate integration test,TEST-OM-6_27-001,Draft,P0,"Seeded from 1516.1 table of contents service entry for clause 6.27. Expand with arguments, callbacks, preconditions, and exceptions."
HLA1516.1-OM-6_28-001,IEEE 1516.1-2010 (2010 edition),6.28,Federate Interface Specification,CAP-OM,OM-CONFIRM-INTERACTION-TRANSPORTATION-TYPE-,RTI shall issue the Confirm Interaction Transportation Type Change callback service.,shall,rti.object_management.confirm_interaction_transportation_type_change,unit + federate integration test,TEST-OM-6_28-001,Draft,P0,"Seeded from 1516.1 table of contents service entry for clause 6.28. Expand with arguments, callbacks, preconditions, and exceptions."
HLA1516.1-OM-6_29-001,IEEE 1516.1-2010 (2010 edition),6.29,Federate Interface Specification,CAP-OM,OM-QUERY-INTERACTION-TRANSPORTATION-TYPE-SE,RTI shall provide the Query Interaction Transportation Type service.,shall,rti.object_management.query_interaction_transportation_type,unit + federate integration test,TEST-OM-6_29-001,Draft,P0,"Seeded from 1516.1 table of contents service entry for clause 6.29. Expand with arguments, callbacks, preconditions, and exceptions."
HLA1516.1-OM-6_30-001,IEEE 1516.1-2010 (2010 edition),6.30,Federate Interface Specification,CAP-OM,OM-REPORT-INTERACTION-TRANSPORTATION-TYPE-C,RTI shall issue the Report Interaction Transportation Type callback service.,shall,rti.object_management.report_interaction_transportation_type,unit + federate integration test,TEST-OM-6_30-001,Draft,P0,"Seeded from 1516.1 table of contents service entry for clause 6.30. Expand with arguments, callbacks, preconditions, and exceptions."
HLA1516.1-OWN-7_2-001,IEEE 1516.1-2010 (2010 edition),7.2,Federate Interface Specification,CAP-OWN,OWN-UNCONDITIONAL-ATTRIBUTE-OWNERSHIP-DIVEST,RTI shall provide the Unconditional Attribute Ownership Divestiture service.,shall,rti.ownership_management.unconditional_attribute_ownership_divestiture,unit + federate integration test,TEST-OWN-7_2-001,Draft,P1,"Seeded from 1516.1 table of contents service entry for clause 7.2. Expand with arguments, callbacks, preconditions, and exceptions."
HLA1516.1-OWN-7_3-001,IEEE 1516.1-2010 (2010 edition),7.3,Federate Interface Specification,CAP-OWN,OWN-NEGOTIATED-ATTRIBUTE-OWNERSHIP-DIVESTITU,RTI shall provide the Negotiated Attribute Ownership Divestiture service.,shall,rti.ownership_management.negotiated_attribute_ownership_divestiture,unit + federate integration test,TEST-OWN-7_3-001,Draft,P1,"Seeded from 1516.1 table of contents service entry for clause 7.3. Expand with arguments, callbacks, preconditions, and exceptions."
HLA1516.1-OWN-7_4-001,IEEE 1516.1-2010 (2010 edition),7.4,Federate Interface Specification,CAP-OWN,OWN-REQUEST-ATTRIBUTE-OWNERSHIP-ASSUMPTION-C,RTI shall issue the Request Attribute Ownership Assumption callback service.,shall,rti.ownership_management.request_attribute_ownership_assumption,unit + federate integration test,TEST-OWN-7_4-001,Draft,P1,"Seeded from 1516.1 table of contents service entry for clause 7.4. Expand with arguments, callbacks, preconditions, and exceptions."
HLA1516.1-OWN-7_5-001,IEEE 1516.1-2010 (2010 edition),7.5,Federate Interface Specification,CAP-OWN,OWN-REQUEST-DIVESTITURE-CONFIRMATION-CALLBAC,RTI shall issue the Request Divestiture Confirmation callback service.,shall,rti.ownership_management.request_divestiture_confirmation,unit + federate integration test,TEST-OWN-7_5-001,Draft,P1,"Seeded from 1516.1 table of contents service entry for clause 7.5. Expand with arguments, callbacks, preconditions, and exceptions."
HLA1516.1-OWN-7_6-001,IEEE 1516.1-2010 (2010 edition),7.6,Federate Interface Specification,CAP-OWN,OWN-CONFIRM-DIVESTITURE-SERVICE,RTI shall provide the Confirm Divestiture service.,shall,rti.ownership_management.confirm_divestiture,unit + federate integration test,TEST-OWN-7_6-001,Draft,P1,"Seeded from 1516.1 table of contents service entry for clause 7.6. Expand with arguments, callbacks, preconditions, and exceptions."
HLA1516.1-OWN-7_7-001,IEEE 1516.1-2010 (2010 edition),7.7,Federate Interface Specification,CAP-OWN,OWN-ATTRIBUTE-OWNERSHIP-ACQUISITION-NOTIFICA,RTI shall issue the Attribute Ownership Acquisition Notification callback service.,shall,rti.ownership_management.attribute_ownership_acquisition_notification,unit + federate integration test,TEST-OWN-7_7-001,Draft,P1,"Seeded from 1516.1 table of contents service entry for clause 7.7. Expand with arguments, callbacks, preconditions, and exceptions."
HLA1516.1-OWN-7_8-001,IEEE 1516.1-2010 (2010 edition),7.8,Federate Interface Specification,CAP-OWN,OWN-ATTRIBUTE-OWNERSHIP-ACQUISITION-SERVICE,RTI shall provide the Attribute Ownership Acquisition service.,shall,rti.ownership_management.attribute_ownership_acquisition,unit + federate integration test,TEST-OWN-7_8-001,Draft,P1,"Seeded from 1516.1 table of contents service entry for clause 7.8. Expand with arguments, callbacks, preconditions, and exceptions."
HLA1516.1-OWN-7_9-001,IEEE 1516.1-2010 (2010 edition),7.9,Federate Interface Specification,CAP-OWN,OWN-ATTRIBUTE-OWNERSHIP-ACQUISITION-IF-AVAIL,RTI shall provide the Attribute Ownership Acquisition If Available service.,shall,rti.ownership_management.attribute_ownership_acquisition_if_available,unit + federate integration test,TEST-OWN-7_9-001,Draft,P1,"Seeded from 1516.1 table of contents service entry for clause 7.9. Expand with arguments, callbacks, preconditions, and exceptions."
HLA1516.1-OWN-7_10-001,IEEE 1516.1-2010 (2010 edition),7.10,Federate Interface Specification,CAP-OWN,OWN-ATTRIBUTE-OWNERSHIP-UNAVAILABLE-CALLBACK,RTI shall issue the Attribute Ownership Unavailable callback service.,shall,rti.ownership_management.attribute_ownership_unavailable,unit + federate integration test,TEST-OWN-7_10-001,Draft,P1,"Seeded from 1516.1 table of contents service entry for clause 7.10. Expand with arguments, callbacks, preconditions, and exceptions."
HLA1516.1-OWN-7_11-001,IEEE 1516.1-2010 (2010 edition),7.11,Federate Interface Specification,CAP-OWN,OWN-REQUEST-ATTRIBUTE-OWNERSHIP-RELEASE-CALL,RTI shall issue the Request Attribute Ownership Release callback service.,shall,rti.ownership_management.request_attribute_ownership_release,unit + federate integration test,TEST-OWN-7_11-001,Draft,P1,"Seeded from 1516.1 table of contents service entry for clause 7.11. Expand with arguments, callbacks, preconditions, and exceptions."
HLA1516.1-OWN-7_12-001,IEEE 1516.1-2010 (2010 edition),7.12,Federate Interface Specification,CAP-OWN,OWN-ATTRIBUTE-OWNERSHIP-RELEASE-DENIED-SERVI,RTI shall provide the Attribute Ownership Release Denied service.,shall,rti.ownership_management.attribute_ownership_release_denied,unit + federate integration test,TEST-OWN-7_12-001,Draft,P1,"Seeded from 1516.1 table of contents service entry for clause 7.12. Expand with arguments, callbacks, preconditions, and exceptions."
HLA1516.1-OWN-7_13-001,IEEE 1516.1-2010 (2010 edition),7.13,Federate Interface Specification,CAP-OWN,OWN-ATTRIBUTE-OWNERSHIP-DIVESTITURE-IF-WANTE,RTI shall provide the Attribute Ownership Divestiture If Wanted service.,shall,rti.ownership_management.attribute_ownership_divestiture_if_wanted,unit + federate integration test,TEST-OWN-7_13-001,Draft,P1,"Seeded from 1516.1 table of contents service entry for clause 7.13. Expand with arguments, callbacks, preconditions, and exceptions."
HLA1516.1-OWN-7_14-001,IEEE 1516.1-2010 (2010 edition),7.14,Federate Interface Specification,CAP-OWN,OWN-CANCEL-NEGOTIATED-ATTRIBUTE-OWNERSHIP-DI,RTI shall provide the Cancel Negotiated Attribute Ownership Divestiture service.,shall,rti.ownership_management.cancel_negotiated_attribute_ownership_divestiture,unit + federate integration test,TEST-OWN-7_14-001,Draft,P1,"Seeded from 1516.1 table of contents service entry for clause 7.14. Expand with arguments, callbacks, preconditions, and exceptions."
HLA1516.1-OWN-7_15-001,IEEE 1516.1-2010 (2010 edition),7.15,Federate Interface Specification,CAP-OWN,OWN-CANCEL-ATTRIBUTE-OWNERSHIP-ACQUISITION-S,RTI shall provide the Cancel Attribute Ownership Acquisition service.,shall,rti.ownership_management.cancel_attribute_ownership_acquisition,unit + federate integration test,TEST-OWN-7_15-001,Draft,P1,"Seeded from 1516.1 table of contents service entry for clause 7.15. Expand with arguments, callbacks, preconditions, and exceptions."
HLA1516.1-OWN-7_16-001,IEEE 1516.1-2010 (2010 edition),7.16,Federate Interface Specification,CAP-OWN,OWN-CONFIRM-ATTRIBUTE-OWNERSHIP-ACQUISITION-,RTI shall issue the Confirm Attribute Ownership Acquisition Cancellation callback service.,shall,rti.ownership_management.confirm_attribute_ownership_acquisition_cancellation,unit + federate integration test,TEST-OWN-7_16-001,Draft,P1,"Seeded from 1516.1 table of contents service entry for clause 7.16. Expand with arguments, callbacks, preconditions, and exceptions."
HLA1516.1-OWN-7_17-001,IEEE 1516.1-2010 (2010 edition),7.17,Federate Interface Specification,CAP-OWN,OWN-QUERY-ATTRIBUTE-OWNERSHIP-SERVICE,RTI shall provide the Query Attribute Ownership service.,shall,rti.ownership_management.query_attribute_ownership,unit + federate integration test,TEST-OWN-7_17-001,Draft,P1,"Seeded from 1516.1 table of contents service entry for clause 7.17. Expand with arguments, callbacks, preconditions, and exceptions."
HLA1516.1-OWN-7_18-001,IEEE 1516.1-2010 (2010 edition),7.18,Federate Interface Specification,CAP-OWN,OWN-INFORM-ATTRIBUTE-OWNERSHIP-CALLBACK-SERV,RTI shall issue the Inform Attribute Ownership callback service.,shall,rti.ownership_management.inform_attribute_ownership,unit + federate integration test,TEST-OWN-7_18-001,Draft,P1,"Seeded from 1516.1 table of contents service entry for clause 7.18. Expand with arguments, callbacks, preconditions, and exceptions."
HLA1516.1-OWN-7_19-001,IEEE 1516.1-2010 (2010 edition),7.19,Federate Interface Specification,CAP-OWN,OWN-IS-ATTRIBUTE-OWNED-BY-FEDERATE-SERVICE,RTI shall provide the Is Attribute Owned By Federate service.,shall,rti.ownership_management.is_attribute_owned_by_federate,unit + federate integration test,TEST-OWN-7_19-001,Draft,P1,"Seeded from 1516.1 table of contents service entry for clause 7.19. Expand with arguments, callbacks, preconditions, and exceptions."
HLA1516.1-TM-8_2-001,IEEE 1516.1-2010 (2010 edition),8.2,Federate Interface Specification,CAP-TM,TM-ENABLE-TIME-REGULATION-SERVICE,RTI shall provide the Enable Time Regulation service.,shall,rti.time_management.enable_time_regulation,unit + federate integration test,TEST-TM-8_2-001,Draft,P0,"Seeded from 1516.1 table of contents service entry for clause 8.2. Expand with arguments, callbacks, preconditions, and exceptions."
HLA1516.1-TM-8_3-001,IEEE 1516.1-2010 (2010 edition),8.3,Federate Interface Specification,CAP-TM,TM-TIME-REGULATION-ENABLED-CALLBACK-SERVICE,RTI shall issue the Time Regulation Enabled callback service.,shall,rti.time_management.time_regulation_enabled,unit + federate integration test,TEST-TM-8_3-001,Draft,P0,"Seeded from 1516.1 table of contents service entry for clause 8.3. Expand with arguments, callbacks, preconditions, and exceptions."
HLA1516.1-TM-8_4-001,IEEE 1516.1-2010 (2010 edition),8.4,Federate Interface Specification,CAP-TM,TM-DISABLE-TIME-REGULATION-SERVICE,RTI shall provide the Disable Time Regulation service.,shall,rti.time_management.disable_time_regulation,unit + federate integration test,TEST-TM-8_4-001,Draft,P0,"Seeded from 1516.1 table of contents service entry for clause 8.4. Expand with arguments, callbacks, preconditions, and exceptions."
HLA1516.1-TM-8_5-001,IEEE 1516.1-2010 (2010 edition),8.5,Federate Interface Specification,CAP-TM,TM-ENABLE-TIME-CONSTRAINED-SERVICE,RTI shall provide the Enable Time Constrained service.,shall,rti.time_management.enable_time_constrained,unit + federate integration test,TEST-TM-8_5-001,Draft,P0,"Seeded from 1516.1 table of contents service entry for clause 8.5. Expand with arguments, callbacks, preconditions, and exceptions."
HLA1516.1-TM-8_6-001,IEEE 1516.1-2010 (2010 edition),8.6,Federate Interface Specification,CAP-TM,TM-TIME-CONSTRAINED-ENABLED-CALLBACK-SERVIC,RTI shall issue the Time Constrained Enabled callback service.,shall,rti.time_management.time_constrained_enabled,unit + federate integration test,TEST-TM-8_6-001,Draft,P0,"Seeded from 1516.1 table of contents service entry for clause 8.6. Expand with arguments, callbacks, preconditions, and exceptions."
HLA1516.1-TM-8_7-001,IEEE 1516.1-2010 (2010 edition),8.7,Federate Interface Specification,CAP-TM,TM-DISABLE-TIME-CONSTRAINED-SERVICE,RTI shall provide the Disable Time Constrained service.,shall,rti.time_management.disable_time_constrained,unit + federate integration test,TEST-TM-8_7-001,Draft,P0,"Seeded from 1516.1 table of contents service entry for clause 8.7. Expand with arguments, callbacks, preconditions, and exceptions."
HLA1516.1-TM-8_8-001,IEEE 1516.1-2010 (2010 edition),8.8,Federate Interface Specification,CAP-TM,TM-TIME-ADVANCE-REQUEST-SERVICE,RTI shall provide the Time Advance Request service.,shall,rti.time_management.time_advance_request,unit + federate integration test,TEST-TM-8_8-001,Draft,P0,"Seeded from 1516.1 table of contents service entry for clause 8.8. Expand with arguments, callbacks, preconditions, and exceptions."
HLA1516.1-TM-8_9-001,IEEE 1516.1-2010 (2010 edition),8.9,Federate Interface Specification,CAP-TM,TM-TIME-ADVANCE-REQUEST-AVAILABLE-SERVICE,RTI shall provide the Time Advance Request Available service.,shall,rti.time_management.time_advance_request_available,unit + federate integration test,TEST-TM-8_9-001,Draft,P0,"Seeded from 1516.1 table of contents service entry for clause 8.9. Expand with arguments, callbacks, preconditions, and exceptions."
HLA1516.1-TM-8_10-001,IEEE 1516.1-2010 (2010 edition),8.10,Federate Interface Specification,CAP-TM,TM-NEXT-MESSAGE-REQUEST-SERVICE,RTI shall provide the Next Message Request service.,shall,rti.time_management.next_message_request,unit + federate integration test,TEST-TM-8_10-001,Draft,P0,"Seeded from 1516.1 table of contents service entry for clause 8.10. Expand with arguments, callbacks, preconditions, and exceptions."
HLA1516.1-TM-8_11-001,IEEE 1516.1-2010 (2010 edition),8.11,Federate Interface Specification,CAP-TM,TM-NEXT-MESSAGE-REQUEST-AVAILABLE-SERVICE,RTI shall provide the Next Message Request Available service.,shall,rti.time_management.next_message_request_available,unit + federate integration test,TEST-TM-8_11-001,Draft,P0,"Seeded from 1516.1 table of contents service entry for clause 8.11. Expand with arguments, callbacks, preconditions, and exceptions."
HLA1516.1-TM-8_12-001,IEEE 1516.1-2010 (2010 edition),8.12,Federate Interface Specification,CAP-TM,TM-FLUSH-QUEUE-REQUEST-SERVICE,RTI shall provide the Flush Queue Request service.,shall,rti.time_management.flush_queue_request,unit + federate integration test,TEST-TM-8_12-001,Draft,P0,"Seeded from 1516.1 table of contents service entry for clause 8.12. Expand with arguments, callbacks, preconditions, and exceptions."
HLA1516.1-TM-8_13-001,IEEE 1516.1-2010 (2010 edition),8.13,Federate Interface Specification,CAP-TM,TM-TIME-ADVANCE-GRANT-CALLBACK-SERVICE,RTI shall issue the Time Advance Grant callback service.,shall,rti.time_management.time_advance_grant,unit + federate integration test,TEST-TM-8_13-001,Draft,P0,"Seeded from 1516.1 table of contents service entry for clause 8.13. Expand with arguments, callbacks, preconditions, and exceptions."
HLA1516.1-TM-8_14-001,IEEE 1516.1-2010 (2010 edition),8.14,Federate Interface Specification,CAP-TM,TM-ENABLE-ASYNCHRONOUS-DELIVERY-SERVICE,RTI shall provide the Enable Asynchronous Delivery service.,shall,rti.time_management.enable_asynchronous_delivery,unit + federate integration test,TEST-TM-8_14-001,Draft,P0,"Seeded from 1516.1 table of contents service entry for clause 8.14. Expand with arguments, callbacks, preconditions, and exceptions."
HLA1516.1-TM-8_15-001,IEEE 1516.1-2010 (2010 edition),8.15,Federate Interface Specification,CAP-TM,TM-DISABLE-ASYNCHRONOUS-DELIVERY-SERVICE,RTI shall provide the Disable Asynchronous Delivery service.,shall,rti.time_management.disable_asynchronous_delivery,unit + federate integration test,TEST-TM-8_15-001,Draft,P0,"Seeded from 1516.1 table of contents service entry for clause 8.15. Expand with arguments, callbacks, preconditions, and exceptions."
HLA1516.1-TM-8_16-001,IEEE 1516.1-2010 (2010 edition),8.16,Federate Interface Specification,CAP-TM,TM-QUERY-GALT-SERVICE,RTI shall provide the Query GALT service.,shall,rti.time_management.query_galt,unit + federate integration test,TEST-TM-8_16-001,Draft,P0,"Seeded from 1516.1 table of contents service entry for clause 8.16. Expand with arguments, callbacks, preconditions, and exceptions."
HLA1516.1-TM-8_17-001,IEEE 1516.1-2010 (2010 edition),8.17,Federate Interface Specification,CAP-TM,TM-QUERY-LOGICAL-TIME-SERVICE,RTI shall provide the Query Logical Time service.,shall,rti.time_management.query_logical_time,unit + federate integration test,TEST-TM-8_17-001,Draft,P0,"Seeded from 1516.1 table of contents service entry for clause 8.17. Expand with arguments, callbacks, preconditions, and exceptions."
HLA1516.1-TM-8_18-001,IEEE 1516.1-2010 (2010 edition),8.18,Federate Interface Specification,CAP-TM,TM-QUERY-LITS-SERVICE,RTI shall provide the Query LITS service.,shall,rti.time_management.query_lits,unit + federate integration test,TEST-TM-8_18-001,Draft,P0,"Seeded from 1516.1 table of contents service entry for clause 8.18. Expand with arguments, callbacks, preconditions, and exceptions."
HLA1516.1-TM-8_19-001,IEEE 1516.1-2010 (2010 edition),8.19,Federate Interface Specification,CAP-TM,TM-MODIFY-LOOKAHEAD-SERVICE,RTI shall provide the Modify Lookahead service.,shall,rti.time_management.modify_lookahead,unit + federate integration test,TEST-TM-8_19-001,Draft,P0,"Seeded from 1516.1 table of contents service entry for clause 8.19. Expand with arguments, callbacks, preconditions, and exceptions."
HLA1516.1-TM-8_20-001,IEEE 1516.1-2010 (2010 edition),8.20,Federate Interface Specification,CAP-TM,TM-QUERY-LOOKAHEAD-SERVICE,RTI shall provide the Query Lookahead service.,shall,rti.time_management.query_lookahead,unit + federate integration test,TEST-TM-8_20-001,Draft,P0,"Seeded from 1516.1 table of contents service entry for clause 8.20. Expand with arguments, callbacks, preconditions, and exceptions."
HLA1516.1-TM-8_21-001,IEEE 1516.1-2010 (2010 edition),8.21,Federate Interface Specification,CAP-TM,TM-RETRACT-SERVICE,RTI shall provide the Retract service.,shall,rti.time_management.retract,unit + federate integration test,TEST-TM-8_21-001,Draft,P0,"Seeded from 1516.1 table of contents service entry for clause 8.21. Expand with arguments, callbacks, preconditions, and exceptions."
HLA1516.1-TM-8_22-001,IEEE 1516.1-2010 (2010 edition),8.22,Federate Interface Specification,CAP-TM,TM-REQUEST-RETRACTION-CALLBACK-SERVICE,RTI shall issue the Request Retraction callback service.,shall,rti.time_management.request_retraction,unit + federate integration test,TEST-TM-8_22-001,Draft,P0,"Seeded from 1516.1 table of contents service entry for clause 8.22. Expand with arguments, callbacks, preconditions, and exceptions."
HLA1516.1-TM-8_23-001,IEEE 1516.1-2010 (2010 edition),8.23,Federate Interface Specification,CAP-TM,TM-CHANGE-ATTRIBUTE-ORDER-TYPE-SERVICE,RTI shall provide the Change Attribute Order Type service.,shall,rti.time_management.change_attribute_order_type,unit + federate integration test,TEST-TM-8_23-001,Draft,P0,"Seeded from 1516.1 table of contents service entry for clause 8.23. Expand with arguments, callbacks, preconditions, and exceptions."
HLA1516.1-TM-8_24-001,IEEE 1516.1-2010 (2010 edition),8.24,Federate Interface Specification,CAP-TM,TM-CHANGE-INTERACTION-ORDER-TYPE-SERVICE,RTI shall provide the Change Interaction Order Type service.,shall,rti.time_management.change_interaction_order_type,unit + federate integration test,TEST-TM-8_24-001,Draft,P0,"Seeded from 1516.1 table of contents service entry for clause 8.24. Expand with arguments, callbacks, preconditions, and exceptions."
HLA1516.1-DDM-9_2-001,IEEE 1516.1-2010 (2010 edition),9.2,Federate Interface Specification,CAP-DDM,DDM-CREATE-REGION-SERVICE,RTI shall provide the Create Region service.,shall,rti.data_distribution_management.create_region,unit + federate integration test,TEST-DDM-9_2-001,Draft,P1,"Seeded from 1516.1 table of contents service entry for clause 9.2. Expand with arguments, callbacks, preconditions, and exceptions."
HLA1516.1-DDM-9_3-001,IEEE 1516.1-2010 (2010 edition),9.3,Federate Interface Specification,CAP-DDM,DDM-COMMIT-REGION-MODIFICATIONS-SERVICE,RTI shall provide the Commit Region Modifications service.,shall,rti.data_distribution_management.commit_region_modifications,unit + federate integration test,TEST-DDM-9_3-001,Draft,P1,"Seeded from 1516.1 table of contents service entry for clause 9.3. Expand with arguments, callbacks, preconditions, and exceptions."
HLA1516.1-DDM-9_4-001,IEEE 1516.1-2010 (2010 edition),9.4,Federate Interface Specification,CAP-DDM,DDM-DELETE-REGION-SERVICE,RTI shall provide the Delete Region service.,shall,rti.data_distribution_management.delete_region,unit + federate integration test,TEST-DDM-9_4-001,Draft,P1,"Seeded from 1516.1 table of contents service entry for clause 9.4. Expand with arguments, callbacks, preconditions, and exceptions."
HLA1516.1-DDM-9_5-001,IEEE 1516.1-2010 (2010 edition),9.5,Federate Interface Specification,CAP-DDM,DDM-REGISTER-OBJECT-INSTANCE-WITH-REGIONS-SE,RTI shall provide the Register Object Instance With Regions service.,shall,rti.data_distribution_management.register_object_instance_with_regions,unit + federate integration test,TEST-DDM-9_5-001,Draft,P1,"Seeded from 1516.1 table of contents service entry for clause 9.5. Expand with arguments, callbacks, preconditions, and exceptions."
HLA1516.1-DDM-9_6-001,IEEE 1516.1-2010 (2010 edition),9.6,Federate Interface Specification,CAP-DDM,DDM-ASSOCIATE-REGIONS-FOR-UPDATES-SERVICE,RTI shall provide the Associate Regions For Updates service.,shall,rti.data_distribution_management.associate_regions_for_updates,unit + federate integration test,TEST-DDM-9_6-001,Draft,P1,"Seeded from 1516.1 table of contents service entry for clause 9.6. Expand with arguments, callbacks, preconditions, and exceptions."
HLA1516.1-DDM-9_7-001,IEEE 1516.1-2010 (2010 edition),9.7,Federate Interface Specification,CAP-DDM,DDM-UNASSOCIATE-REGIONS-FOR-UPDATES-SERVICE,RTI shall provide the Unassociate Regions For Updates service.,shall,rti.data_distribution_management.unassociate_regions_for_updates,unit + federate integration test,TEST-DDM-9_7-001,Draft,P1,"Seeded from 1516.1 table of contents service entry for clause 9.7. Expand with arguments, callbacks, preconditions, and exceptions."
HLA1516.1-DDM-9_8-001,IEEE 1516.1-2010 (2010 edition),9.8,Federate Interface Specification,CAP-DDM,DDM-SUBSCRIBE-OBJECT-CLASS-ATTRIBUTES-WITH-R,RTI shall provide the Subscribe Object Class Attributes With Regions service.,shall,rti.data_distribution_management.subscribe_object_class_attributes_with_regions,unit + federate integration test,TEST-DDM-9_8-001,Draft,P1,"Seeded from 1516.1 table of contents service entry for clause 9.8. Expand with arguments, callbacks, preconditions, and exceptions."
HLA1516.1-DDM-9_9-001,IEEE 1516.1-2010 (2010 edition),9.9,Federate Interface Specification,CAP-DDM,DDM-UNSUBSCRIBE-OBJECT-CLASS-ATTRIBUTES-WITH,RTI shall provide the Unsubscribe Object Class Attributes With Regions service.,shall,rti.data_distribution_management.unsubscribe_object_class_attributes_with_regions,unit + federate integration test,TEST-DDM-9_9-001,Draft,P1,"Seeded from 1516.1 table of contents service entry for clause 9.9. Expand with arguments, callbacks, preconditions, and exceptions."
HLA1516.1-DDM-9_10-001,IEEE 1516.1-2010 (2010 edition),9.10,Federate Interface Specification,CAP-DDM,DDM-SUBSCRIBE-INTERACTION-CLASS-WITH-REGIONS,RTI shall provide the Subscribe Interaction Class With Regions service.,shall,rti.data_distribution_management.subscribe_interaction_class_with_regions,unit + federate integration test,TEST-DDM-9_10-001,Draft,P1,"Seeded from 1516.1 table of contents service entry for clause 9.10. Expand with arguments, callbacks, preconditions, and exceptions."
HLA1516.1-DDM-9_11-001,IEEE 1516.1-2010 (2010 edition),9.11,Federate Interface Specification,CAP-DDM,DDM-UNSUBSCRIBE-INTERACTION-CLASS-WITH-REGIO,RTI shall provide the Unsubscribe Interaction Class With Regions service.,shall,rti.data_distribution_management.unsubscribe_interaction_class_with_regions,unit + federate integration test,TEST-DDM-9_11-001,Draft,P1,"Seeded from 1516.1 table of contents service entry for clause 9.11. Expand with arguments, callbacks, preconditions, and exceptions."
HLA1516.1-DDM-9_12-001,IEEE 1516.1-2010 (2010 edition),9.12,Federate Interface Specification,CAP-DDM,DDM-SEND-INTERACTION-WITH-REGIONS-SERVICE,RTI shall provide the Send Interaction With Regions service.,shall,rti.data_distribution_management.send_interaction_with_regions,unit + federate integration test,TEST-DDM-9_12-001,Draft,P1,"Seeded from 1516.1 table of contents service entry for clause 9.12. Expand with arguments, callbacks, preconditions, and exceptions."
HLA1516.1-DDM-9_13-001,IEEE 1516.1-2010 (2010 edition),9.13,Federate Interface Specification,CAP-DDM,DDM-REQUEST-ATTRIBUTE-VALUE-UPDATE-WITH-REGI,RTI shall provide the Request Attribute Value Update With Regions service.,shall,rti.data_distribution_management.request_attribute_value_update_with_regions,unit + federate integration test,TEST-DDM-9_13-001,Draft,P1,"Seeded from 1516.1 table of contents service entry for clause 9.13. Expand with arguments, callbacks, preconditions, and exceptions."
HLA1516.1-SUP-10_2-001,IEEE 1516.1-2010 (2010 edition),10.2,Federate Interface Specification,CAP-SUP,SUP-GET-AUTOMATIC-RESIGN-DIRECTIVE-SERVICE,RTI shall provide the Get Automatic Resign Directive service.,shall,rti.support_services.get_automatic_resign_directive,unit + federate integration test,TEST-SUP-10_2-001,Draft,P1,"Seeded from 1516.1 table of contents service entry for clause 10.2. Expand with arguments, callbacks, preconditions, and exceptions."
HLA1516.1-SUP-10_3-001,IEEE 1516.1-2010 (2010 edition),10.3,Federate Interface Specification,CAP-SUP,SUP-SET-AUTOMATIC-RESIGN-DIRECTIVE-SERVICE,RTI shall provide the Set Automatic Resign Directive service.,shall,rti.support_services.set_automatic_resign_directive,unit + federate integration test,TEST-SUP-10_3-001,Draft,P1,"Seeded from 1516.1 table of contents service entry for clause 10.3. Expand with arguments, callbacks, preconditions, and exceptions."
HLA1516.1-SUP-10_4-001,IEEE 1516.1-2010 (2010 edition),10.4,Federate Interface Specification,CAP-SUP,SUP-GET-FEDERATE-HANDLE-SERVICE,RTI shall provide the Get Federate Handle service.,shall,rti.support_services.get_federate_handle,unit + federate integration test,TEST-SUP-10_4-001,Draft,P1,"Seeded from 1516.1 table of contents service entry for clause 10.4. Expand with arguments, callbacks, preconditions, and exceptions."
HLA1516.1-SUP-10_5-001,IEEE 1516.1-2010 (2010 edition),10.5,Federate Interface Specification,CAP-SUP,SUP-GET-FEDERATE-NAME-SERVICE,RTI shall provide the Get Federate Name service.,shall,rti.support_services.get_federate_name,unit + federate integration test,TEST-SUP-10_5-001,Draft,P1,"Seeded from 1516.1 table of contents service entry for clause 10.5. Expand with arguments, callbacks, preconditions, and exceptions."
HLA1516.1-SUP-10_6-001,IEEE 1516.1-2010 (2010 edition),10.6,Federate Interface Specification,CAP-SUP,SUP-GET-OBJECT-CLASS-HANDLE-SERVICE,RTI shall provide the Get Object Class Handle service.,shall,rti.support_services.get_object_class_handle,unit + federate integration test,TEST-SUP-10_6-001,Draft,P1,"Seeded from 1516.1 table of contents service entry for clause 10.6. Expand with arguments, callbacks, preconditions, and exceptions."
HLA1516.1-SUP-10_7-001,IEEE 1516.1-2010 (2010 edition),10.7,Federate Interface Specification,CAP-SUP,SUP-GET-OBJECT-CLASS-NAME-SERVICE,RTI shall provide the Get Object Class Name service.,shall,rti.support_services.get_object_class_name,unit + federate integration test,TEST-SUP-10_7-001,Draft,P1,"Seeded from 1516.1 table of contents service entry for clause 10.7. Expand with arguments, callbacks, preconditions, and exceptions."
HLA1516.1-SUP-10_8-001,IEEE 1516.1-2010 (2010 edition),10.8,Federate Interface Specification,CAP-SUP,SUP-GET-KNOWN-OBJECT-CLASS-HANDLE-SERVICE,RTI shall provide the Get Known Object Class Handle service.,shall,rti.support_services.get_known_object_class_handle,unit + federate integration test,TEST-SUP-10_8-001,Draft,P1,"Seeded from 1516.1 table of contents service entry for clause 10.8. Expand with arguments, callbacks, preconditions, and exceptions."
HLA1516.1-SUP-10_9-001,IEEE 1516.1-2010 (2010 edition),10.9,Federate Interface Specification,CAP-SUP,SUP-GET-OBJECT-INSTANCE-HANDLE-SERVICE,RTI shall provide the Get Object Instance Handle service.,shall,rti.support_services.get_object_instance_handle,unit + federate integration test,TEST-SUP-10_9-001,Draft,P1,"Seeded from 1516.1 table of contents service entry for clause 10.9. Expand with arguments, callbacks, preconditions, and exceptions."
HLA1516.1-SUP-10_10-001,IEEE 1516.1-2010 (2010 edition),10.10,Federate Interface Specification,CAP-SUP,SUP-GET-OBJECT-INSTANCE-NAME-SERVICE,RTI shall provide the Get Object Instance Name service.,shall,rti.support_services.get_object_instance_name,unit + federate integration test,TEST-SUP-10_10-001,Draft,P1,"Seeded from 1516.1 table of contents service entry for clause 10.10. Expand with arguments, callbacks, preconditions, and exceptions."
HLA1516.1-SUP-10_11-001,IEEE 1516.1-2010 (2010 edition),10.11,Federate Interface Specification,CAP-SUP,SUP-GET-ATTRIBUTE-HANDLE-SERVICE,RTI shall provide the Get Attribute Handle service.,shall,rti.support_services.get_attribute_handle,unit + federate integration test,TEST-SUP-10_11-001,Draft,P1,"Seeded from 1516.1 table of contents service entry for clause 10.11. Expand with arguments, callbacks, preconditions, and exceptions."
HLA1516.1-SUP-10_12-001,IEEE 1516.1-2010 (2010 edition),10.12,Federate Interface Specification,CAP-SUP,SUP-GET-ATTRIBUTE-NAME-SERVICE,RTI shall provide the Get Attribute Name service.,shall,rti.support_services.get_attribute_name,unit + federate integration test,TEST-SUP-10_12-001,Draft,P1,"Seeded from 1516.1 table of contents service entry for clause 10.12. Expand with arguments, callbacks, preconditions, and exceptions."
HLA1516.1-SUP-10_13-001,IEEE 1516.1-2010 (2010 edition),10.13,Federate Interface Specification,CAP-SUP,SUP-GET-UPDATE-RATE-VALUE-SERVICE,RTI shall provide the Get Update Rate Value service.,shall,rti.support_services.get_update_rate_value,unit + federate integration test,TEST-SUP-10_13-001,Draft,P1,"Seeded from 1516.1 table of contents service entry for clause 10.13. Expand with arguments, callbacks, preconditions, and exceptions."
HLA1516.1-SUP-10_14-001,IEEE 1516.1-2010 (2010 edition),10.14,Federate Interface Specification,CAP-SUP,SUP-GET-UPDATE-RATE-VALUE-FOR-ATTRIBUTE-SERV,RTI shall provide the Get Update Rate Value For Attribute service.,shall,rti.support_services.get_update_rate_value_for_attribute,unit + federate integration test,TEST-SUP-10_14-001,Draft,P1,"Seeded from 1516.1 table of contents service entry for clause 10.14. Expand with arguments, callbacks, preconditions, and exceptions."
HLA1516.1-SUP-10_15-001,IEEE 1516.1-2010 (2010 edition),10.15,Federate Interface Specification,CAP-SUP,SUP-GET-INTERACTION-CLASS-HANDLE-SERVICE,RTI shall provide the Get Interaction Class Handle service.,shall,rti.support_services.get_interaction_class_handle,unit + federate integration test,TEST-SUP-10_15-001,Draft,P1,"Seeded from 1516.1 table of contents service entry for clause 10.15. Expand with arguments, callbacks, preconditions, and exceptions."
HLA1516.1-SUP-10_16-001,IEEE 1516.1-2010 (2010 edition),10.16,Federate Interface Specification,CAP-SUP,SUP-GET-INTERACTION-CLASS-NAME-SERVICE,RTI shall provide the Get Interaction Class Name service.,shall,rti.support_services.get_interaction_class_name,unit + federate integration test,TEST-SUP-10_16-001,Draft,P1,"Seeded from 1516.1 table of contents service entry for clause 10.16. Expand with arguments, callbacks, preconditions, and exceptions."
HLA1516.1-SUP-10_17-001,IEEE 1516.1-2010 (2010 edition),10.17,Federate Interface Specification,CAP-SUP,SUP-GET-PARAMETER-HANDLE-SERVICE,RTI shall provide the Get Parameter Handle service.,shall,rti.support_services.get_parameter_handle,unit + federate integration test,TEST-SUP-10_17-001,Draft,P1,"Seeded from 1516.1 table of contents service entry for clause 10.17. Expand with arguments, callbacks, preconditions, and exceptions."
HLA1516.1-SUP-10_18-001,IEEE 1516.1-2010 (2010 edition),10.18,Federate Interface Specification,CAP-SUP,SUP-GET-PARAMETER-NAME-SERVICE,RTI shall provide the Get Parameter Name service.,shall,rti.support_services.get_parameter_name,unit + federate integration test,TEST-SUP-10_18-001,Draft,P1,"Seeded from 1516.1 table of contents service entry for clause 10.18. Expand with arguments, callbacks, preconditions, and exceptions."
HLA1516.1-SUP-10_19-001,IEEE 1516.1-2010 (2010 edition),10.19,Federate Interface Specification,CAP-SUP,SUP-GET-ORDER-TYPE-SERVICE,RTI shall provide the Get Order Type service.,shall,rti.support_services.get_order_type,unit + federate integration test,TEST-SUP-10_19-001,Draft,P1,"Seeded from 1516.1 table of contents service entry for clause 10.19. Expand with arguments, callbacks, preconditions, and exceptions."
HLA1516.1-SUP-10_20-001,IEEE 1516.1-2010 (2010 edition),10.20,Federate Interface Specification,CAP-SUP,SUP-GET-ORDER-NAME-SERVICE,RTI shall provide the Get Order Name service.,shall,rti.support_services.get_order_name,unit + federate integration test,TEST-SUP-10_20-001,Draft,P1,"Seeded from 1516.1 table of contents service entry for clause 10.20. Expand with arguments, callbacks, preconditions, and exceptions."
HLA1516.1-SUP-10_21-001,IEEE 1516.1-2010 (2010 edition),10.21,Federate Interface Specification,CAP-SUP,SUP-GET-TRANSPORTATION-TYPE-HANDLE-SERVICE,RTI shall provide the Get Transportation Type Handle service.,shall,rti.support_services.get_transportation_type_handle,unit + federate integration test,TEST-SUP-10_21-001,Draft,P1,"Seeded from 1516.1 table of contents service entry for clause 10.21. Expand with arguments, callbacks, preconditions, and exceptions."
HLA1516.1-SUP-10_22-001,IEEE 1516.1-2010 (2010 edition),10.22,Federate Interface Specification,CAP-SUP,SUP-GET-TRANSPORTATION-TYPE-NAME-SERVICE,RTI shall provide the Get Transportation Type Name service.,shall,rti.support_services.get_transportation_type_name,unit + federate integration test,TEST-SUP-10_22-001,Draft,P1,"Seeded from 1516.1 table of contents service entry for clause 10.22. Expand with arguments, callbacks, preconditions, and exceptions."
HLA1516.1-SUP-10_23-001,IEEE 1516.1-2010 (2010 edition),10.23,Federate Interface Specification,CAP-SUP,SUP-GET-AVAILABLE-DIMENSIONS-FOR-CLASS-ATTRI,RTI shall provide the Get Available Dimensions For Class Attribute service.,shall,rti.support_services.get_available_dimensions_for_class_attribute,unit + federate integration test,TEST-SUP-10_23-001,Draft,P1,"Seeded from 1516.1 table of contents service entry for clause 10.23. Expand with arguments, callbacks, preconditions, and exceptions."
HLA1516.1-SUP-10_24-001,IEEE 1516.1-2010 (2010 edition),10.24,Federate Interface Specification,CAP-SUP,SUP-GET-AVAILABLE-DIMENSIONS-FOR-INTERACTION,RTI shall provide the Get Available Dimensions For Interaction Class service.,shall,rti.support_services.get_available_dimensions_for_interaction_class,unit + federate integration test,TEST-SUP-10_24-001,Draft,P1,"Seeded from 1516.1 table of contents service entry for clause 10.24. Expand with arguments, callbacks, preconditions, and exceptions."
HLA1516.1-SUP-10_25-001,IEEE 1516.1-2010 (2010 edition),10.25,Federate Interface Specification,CAP-SUP,SUP-GET-DIMENSION-HANDLE-SERVICE,RTI shall provide the Get Dimension Handle service.,shall,rti.support_services.get_dimension_handle,unit + federate integration test,TEST-SUP-10_25-001,Draft,P1,"Seeded from 1516.1 table of contents service entry for clause 10.25. Expand with arguments, callbacks, preconditions, and exceptions."
HLA1516.1-SUP-10_26-001,IEEE 1516.1-2010 (2010 edition),10.26,Federate Interface Specification,CAP-SUP,SUP-GET-DIMENSION-NAME-SERVICE,RTI shall provide the Get Dimension Name service.,shall,rti.support_services.get_dimension_name,unit + federate integration test,TEST-SUP-10_26-001,Draft,P1,"Seeded from 1516.1 table of contents service entry for clause 10.26. Expand with arguments, callbacks, preconditions, and exceptions."
HLA1516.1-SUP-10_27-001,IEEE 1516.1-2010 (2010 edition),10.27,Federate Interface Specification,CAP-SUP,SUP-GET-DIMENSION-UPPER-BOUND-SERVICE,RTI shall provide the Get Dimension Upper Bound service.,shall,rti.support_services.get_dimension_upper_bound,unit + federate integration test,TEST-SUP-10_27-001,Draft,P1,"Seeded from 1516.1 table of contents service entry for clause 10.27. Expand with arguments, callbacks, preconditions, and exceptions."
HLA1516.1-SUP-10_28-001,IEEE 1516.1-2010 (2010 edition),10.28,Federate Interface Specification,CAP-SUP,SUP-GET-DIMENSION-HANDLE-SET-SERVICE,RTI shall provide the Get Dimension Handle Set service.,shall,rti.support_services.get_dimension_handle_set,unit + federate integration test,TEST-SUP-10_28-001,Draft,P1,"Seeded from 1516.1 table of contents service entry for clause 10.28. Expand with arguments, callbacks, preconditions, and exceptions."
HLA1516.1-SUP-10_29-001,IEEE 1516.1-2010 (2010 edition),10.29,Federate Interface Specification,CAP-SUP,SUP-GET-RANGE-BOUNDS-SERVICE,RTI shall provide the Get Range Bounds service.,shall,rti.support_services.get_range_bounds,unit + federate integration test,TEST-SUP-10_29-001,Draft,P1,"Seeded from 1516.1 table of contents service entry for clause 10.29. Expand with arguments, callbacks, preconditions, and exceptions."
HLA1516.1-SUP-10_30-001,IEEE 1516.1-2010 (2010 edition),10.30,Federate Interface Specification,CAP-SUP,SUP-SET-RANGE-BOUNDS-SERVICE,RTI shall provide the Set Range Bounds service.,shall,rti.support_services.set_range_bounds,unit + federate integration test,TEST-SUP-10_30-001,Draft,P1,"Seeded from 1516.1 table of contents service entry for clause 10.30. Expand with arguments, callbacks, preconditions, and exceptions."
HLA1516.1-SUP-10_31-001,IEEE 1516.1-2010 (2010 edition),10.31,Federate Interface Specification,CAP-SUP,SUP-NORMALIZE-FEDERATE-HANDLE-SERVICE,RTI shall provide the Normalize Federate Handle service.,shall,rti.support_services.normalize_federate_handle,unit + federate integration test,TEST-SUP-10_31-001,Draft,P1,"Seeded from 1516.1 table of contents service entry for clause 10.31. Expand with arguments, callbacks, preconditions, and exceptions."
HLA1516.1-SUP-10_32-001,IEEE 1516.1-2010 (2010 edition),10.32,Federate Interface Specification,CAP-SUP,SUP-NORMALIZE-SERVICE-GROUP-SERVICE,RTI shall provide the Normalize Service Group service.,shall,rti.support_services.normalize_group,unit + federate integration test,TEST-SUP-10_32-001,Draft,P1,"Seeded from 1516.1 table of contents service entry for clause 10.32. Expand with arguments, callbacks, preconditions, and exceptions."
HLA1516.1-SUP-10_33-001,IEEE 1516.1-2010 (2010 edition),10.33,Federate Interface Specification,CAP-SUP,SUP-ENABLE-OBJECT-CLASS-RELEVANCE-ADVISORY-S,RTI shall provide the Enable Object Class Relevance Advisory Switch service.,shall,rti.support_services.enable_object_class_relevance_advisory_switch,unit + federate integration test,TEST-SUP-10_33-001,Draft,P1,"Seeded from 1516.1 table of contents service entry for clause 10.33. Expand with arguments, callbacks, preconditions, and exceptions."
HLA1516.1-SUP-10_34-001,IEEE 1516.1-2010 (2010 edition),10.34,Federate Interface Specification,CAP-SUP,SUP-DISABLE-OBJECT-CLASS-RELEVANCE-ADVISORY-,RTI shall provide the Disable Object Class Relevance Advisory Switch service.,shall,rti.support_services.disable_object_class_relevance_advisory_switch,unit + federate integration test,TEST-SUP-10_34-001,Draft,P1,"Seeded from 1516.1 table of contents service entry for clause 10.34. Expand with arguments, callbacks, preconditions, and exceptions."
HLA1516.1-SUP-10_35-001,IEEE 1516.1-2010 (2010 edition),10.35,Federate Interface Specification,CAP-SUP,SUP-ENABLE-ATTRIBUTE-RELEVANCE-ADVISORY-SWIT,RTI shall provide the Enable Attribute Relevance Advisory Switch service.,shall,rti.support_services.enable_attribute_relevance_advisory_switch,unit + federate integration test,TEST-SUP-10_35-001,Draft,P1,"Seeded from 1516.1 table of contents service entry for clause 10.35. Expand with arguments, callbacks, preconditions, and exceptions."
HLA1516.1-SUP-10_36-001,IEEE 1516.1-2010 (2010 edition),10.36,Federate Interface Specification,CAP-SUP,SUP-DISABLE-ATTRIBUTE-RELEVANCE-ADVISORY-SWI,RTI shall provide the Disable Attribute Relevance Advisory Switch service.,shall,rti.support_services.disable_attribute_relevance_advisory_switch,unit + federate integration test,TEST-SUP-10_36-001,Draft,P1,"Seeded from 1516.1 table of contents service entry for clause 10.36. Expand with arguments, callbacks, preconditions, and exceptions."
HLA1516.1-SUP-10_37-001,IEEE 1516.1-2010 (2010 edition),10.37,Federate Interface Specification,CAP-SUP,SUP-ENABLE-ATTRIBUTE-SCOPE-ADVISORY-SWITCH-S,RTI shall provide the Enable Attribute Scope Advisory Switch service.,shall,rti.support_services.enable_attribute_scope_advisory_switch,unit + federate integration test,TEST-SUP-10_37-001,Draft,P1,"Seeded from 1516.1 table of contents service entry for clause 10.37. Expand with arguments, callbacks, preconditions, and exceptions."
HLA1516.1-SUP-10_38-001,IEEE 1516.1-2010 (2010 edition),10.38,Federate Interface Specification,CAP-SUP,SUP-DISABLE-ATTRIBUTE-SCOPE-ADVISORY-SWITCH-,RTI shall provide the Disable Attribute Scope Advisory Switch service.,shall,rti.support_services.disable_attribute_scope_advisory_switch,unit + federate integration test,TEST-SUP-10_38-001,Draft,P1,"Seeded from 1516.1 table of contents service entry for clause 10.38. Expand with arguments, callbacks, preconditions, and exceptions."
HLA1516.1-SUP-10_39-001,IEEE 1516.1-2010 (2010 edition),10.39,Federate Interface Specification,CAP-SUP,SUP-ENABLE-INTERACTION-RELEVANCE-ADVISORY-SW,RTI shall provide the Enable Interaction Relevance Advisory Switch service.,shall,rti.support_services.enable_interaction_relevance_advisory_switch,unit + federate integration test,TEST-SUP-10_39-001,Draft,P1,"Seeded from 1516.1 table of contents service entry for clause 10.39. Expand with arguments, callbacks, preconditions, and exceptions."
HLA1516.1-SUP-10_40-001,IEEE 1516.1-2010 (2010 edition),10.40,Federate Interface Specification,CAP-SUP,SUP-DISABLE-INTERACTION-RELEVANCE-ADVISORY-S,RTI shall provide the Disable Interaction Relevance Advisory Switch service.,shall,rti.support_services.disable_interaction_relevance_advisory_switch,unit + federate integration test,TEST-SUP-10_40-001,Draft,P1,"Seeded from 1516.1 table of contents service entry for clause 10.40. Expand with arguments, callbacks, preconditions, and exceptions."
HLA1516.1-SUP-10_41-001,IEEE 1516.1-2010 (2010 edition),10.41,Federate Interface Specification,CAP-SUP,SUP-EVOKE-CALLBACK-SERVICE,RTI shall issue the Evoke Callback service.,shall,rti.support_services.evoke,unit + federate integration test,TEST-SUP-10_41-001,Draft,P1,"Seeded from 1516.1 table of contents service entry for clause 10.41. Expand with arguments, callbacks, preconditions, and exceptions."
HLA1516.1-SUP-10_42-001,IEEE 1516.1-2010 (2010 edition),10.42,Federate Interface Specification,CAP-SUP,SUP-EVOKE-MULTIPLE-CALLBACKS-SERVICE,RTI shall issue the Evoke Multiple Callbacks service.,shall,rti.support_services.evoke_multiple_callbacks,unit + federate integration test,TEST-SUP-10_42-001,Draft,P1,"Seeded from 1516.1 table of contents service entry for clause 10.42. Expand with arguments, callbacks, preconditions, and exceptions."
HLA1516.1-SUP-10_43-001,IEEE 1516.1-2010 (2010 edition),10.43,Federate Interface Specification,CAP-SUP,SUP-ENABLE-CALLBACKS-SERVICE,RTI shall issue the Enable Callbacks service.,shall,rti.support_services.enable_callbacks,unit + federate integration test,TEST-SUP-10_43-001,Draft,P1,"Seeded from 1516.1 table of contents service entry for clause 10.43. Expand with arguments, callbacks, preconditions, and exceptions."
HLA1516.1-SUP-10_44-001,IEEE 1516.1-2010 (2010 edition),10.44,Federate Interface Specification,CAP-SUP,SUP-DISABLE-CALLBACKS-SERVICE,RTI shall issue the Disable Callbacks service.,shall,rti.support_services.disable_callbacks,unit + federate integration test,TEST-SUP-10_44-001,Draft,P1,"Seeded from 1516.1 table of contents service entry for clause 10.44. Expand with arguments, callbacks, preconditions, and exceptions."
HLA1516.1-FM-OVERVIEW-001,IEEE 1516.1-2010 (2010 edition),4.1,Federate Interface Specification,CAP-FM,FM-LIFECYCLE,"RTI shall manage connected, joined, resigned, and disconnected federate lifecycle states.",shall,rti.federation_management.lifecycle,design review + integration test,TEST-FM-OVERVIEW-001,Draft,P0,Semantic requirement seeded from service-group overview; needs paragraph-level extraction in next pass.
HLA1516.1-FM-OVERVIEW-002,IEEE 1516.1-2010 (2010 edition),4.1,Federate Interface Specification,CAP-FM,FM-MODULES,RTI shall maintain the current FDD as FOM modules and the standard MIM are accepted.,shall,rti.fdd.merge,design review + integration test,TEST-FM-OVERVIEW-002,Draft,P0,Semantic requirement seeded from service-group overview; needs paragraph-level extraction in next pass.
HLA1516.1-FM-OVERVIEW-003,IEEE 1516.1-2010 (2010 edition),4.1,Federate Interface Specification,CAP-FM,FM-LOST,RTI shall detect and handle lost federates according to federation-management rules.,shall,rti.federation_management.lost_federates,design review + integration test,TEST-FM-OVERVIEW-003,Draft,P0,Semantic requirement seeded from service-group overview; needs paragraph-level extraction in next pass.
HLA1516.1-DM-OVERVIEW-004,IEEE 1516.1-2010 (2010 edition),5.1,Federate Interface Specification,CAP-DM,DM-PUBLICATION,RTI shall track object and interaction publication declarations per joined federate.,shall,rti.declaration_management.publication_registry,design review + integration test,TEST-DM-OVERVIEW-004,Draft,P1,Semantic requirement seeded from service-group overview; needs paragraph-level extraction in next pass.
HLA1516.1-DM-OVERVIEW-005,IEEE 1516.1-2010 (2010 edition),5.1,Federate Interface Specification,CAP-DM,DM-SUBSCRIPTION,RTI shall track object and interaction subscription declarations per joined federate.,shall,rti.declaration_management.subscription_registry,design review + integration test,TEST-DM-OVERVIEW-005,Draft,P1,Semantic requirement seeded from service-group overview; needs paragraph-level extraction in next pass.
HLA1516.1-OM-OVERVIEW-006,IEEE 1516.1-2010 (2010 edition),6.1,Federate Interface Specification,CAP-OM,OM-DISCOVERY,RTI shall discover object instances at subscribed federates when discovery conditions are satisfied.,shall,rti.object_management.discovery,design review + integration test,TEST-OM-OVERVIEW-006,Draft,P0,Semantic requirement seeded from service-group overview; needs paragraph-level extraction in next pass.
HLA1516.1-OM-OVERVIEW-007,IEEE 1516.1-2010 (2010 edition),6.1,Federate Interface Specification,CAP-OM,OM-SCOPE,"RTI shall determine instance attribute scope from subscription, DDM, and object-class relevance state.",shall,rti.object_management.scope,design review + integration test,TEST-OM-OVERVIEW-007,Draft,P0,Semantic requirement seeded from service-group overview; needs paragraph-level extraction in next pass.
HLA1516.1-OWN-OVERVIEW-008,IEEE 1516.1-2010 (2010 edition),7.1,Federate Interface Specification,CAP-OWN,OWN-EXCLUSIVE,RTI shall track instance-attribute ownership so that no attribute has more than one owner.,shall,rti.ownership_management.registry,design review + integration test,TEST-OWN-OVERVIEW-008,Draft,P1,Semantic requirement seeded from service-group overview; needs paragraph-level extraction in next pass.
HLA1516.1-TM-OVERVIEW-009,IEEE 1516.1-2010 (2010 edition),8.1,Federate Interface Specification,CAP-TM,TM-TIME-AXIS,RTI shall coordinate logical time advancement with ordered delivery of timestamped messages.,shall,rti.time_management.scheduler,design review + integration test,TEST-TM-OVERVIEW-009,Draft,P0,Semantic requirement seeded from service-group overview; needs paragraph-level extraction in next pass.
HLA1516.1-TM-OVERVIEW-010,IEEE 1516.1-2010 (2010 edition),8.1,Federate Interface Specification,CAP-TM,TM-LOOKAHEAD,RTI shall enforce lookahead constraints for time-regulating federates.,shall,rti.time_management.lookahead,design review + integration test,TEST-TM-OVERVIEW-010,Draft,P0,Semantic requirement seeded from service-group overview; needs paragraph-level extraction in next pass.
HLA1516.1-TM-OVERVIEW-011,IEEE 1516.1-2010 (2010 edition),8.1,Federate Interface Specification,CAP-TM,TM-GALT-LITS,RTI shall compute and expose GALT and LITS values according to time-management semantics.,shall,rti.time_management.queries,design review + integration test,TEST-TM-OVERVIEW-011,Draft,P0,Semantic requirement seeded from service-group overview; needs paragraph-level extraction in next pass.
HLA1516.1-DDM-OVERVIEW-012,IEEE 1516.1-2010 (2010 edition),9.1,Federate Interface Specification,CAP-DDM,DDM-REGION-OVERLAP,RTI shall use FDD dimensions and region overlap to determine DDM relevance.,shall,rti.data_distribution_management.routing,design review + integration test,TEST-DDM-OVERVIEW-012,Draft,P1,Semantic requirement seeded from service-group overview; needs paragraph-level extraction in next pass.
HLA1516.1-SUP-OVERVIEW-013,IEEE 1516.1-2010 (2010 edition),10.1,Federate Interface Specification,CAP-SUP,SUP-HANDLES,RTI shall provide stable handle/name lookup services for FDD elements and federation instances.,shall,rti.support_services.handles,design review + integration test,TEST-SUP-OVERVIEW-013,Draft,P1,Semantic requirement seeded from service-group overview; needs paragraph-level extraction in next pass.
HLA1516.1-MOM-OVERVIEW-014,IEEE 1516.1-2010 (2010 edition),11.1,Federate Interface Specification,CAP-MOM,MOM-EXPOSURE,RTI shall expose standard management information through MOM object and interaction classes.,shall,rti.mom,design review + integration test,TEST-MOM-OVERVIEW-014,Draft,P0,Semantic requirement seeded from service-group overview; needs paragraph-level extraction in next pass.
HLA1516.1-MOM-OVERVIEW-015,IEEE 1516.1-2010 (2010 edition),11.2,Federate Interface Specification,CAP-MOM,MOM-OBJECTS,RTI shall publish standard MOM object classes and maintain MOM federation/federate object instances.,shall,rti.mom.objects,design review + integration test,TEST-MOM-OVERVIEW-015,Draft,P0,Semantic requirement seeded from service-group overview; needs paragraph-level extraction in next pass.
HLA1516.1-MOM-OVERVIEW-016,IEEE 1516.1-2010 (2010 edition),11.3,Federate Interface Specification,CAP-MOM,MOM-INTERACTIONS,"RTI shall process standard MOM request, adjustment, report, and service interactions according to their role.",shall,rti.mom.interactions,design review + integration test,TEST-MOM-OVERVIEW-016,Draft,P0,Semantic requirement seeded from service-group overview; needs paragraph-level extraction in next pass.
HLA1516.1-MOM-OVERVIEW-017,IEEE 1516.1-2010 (2010 edition),11.5,Federate Interface Specification,CAP-MOM,MOM-SERVICE-REPORTING,RTI shall emit service-reporting information when service reporting is enabled.,shall,rti.mom.service_reporting,design review + integration test,TEST-MOM-OVERVIEW-017,Draft,P0,Semantic requirement seeded from service-group overview; needs paragraph-level extraction in next pass.
HLA1516.2-COMPONENTS-001,IEEE 1516.2-2010 (2010 edition),4,Object Model Template Specification,CAP-OMT,OMT-COMPONENTS,Parser shall recognize the standard OMT component tables used by HLA object models.,shall,omt.parser,parser/validator unit test + round-trip test,TEST-OMT-001,Draft,P1,Seeded from 1516.2 clause inventory; expand to field-level constraints in next pass.
HLA1516.2-IDENTITY-002,IEEE 1516.2-2010 (2010 edition),4.1,Object Model Template Specification,CAP-OMT,OMT-IDENTITY,Parser shall extract and preserve object-model identification metadata.,shall,omt.identity,parser/validator unit test + round-trip test,TEST-OMT-002,Draft,P1,Seeded from 1516.2 clause inventory; expand to field-level constraints in next pass.
HLA1516.2-TYPE-003,IEEE 1516.2-2010 (2010 edition),4.1,Object Model Template Specification,CAP-OMT,OMT-TYPE,"Validator shall distinguish FOM, SOM, FOM module, SOM module, and MIM-style model roles where applicable.",shall,omt.identity,parser/validator unit test + round-trip test,TEST-OMT-003,Draft,P1,Seeded from 1516.2 clause inventory; expand to field-level constraints in next pass.
HLA1516.2-OBJECT-CLASSES-004,IEEE 1516.2-2010 (2010 edition),4.2,Object Model Template Specification,CAP-OMT,OMT-OBJECT-CLASSES,Parser shall preserve the object class hierarchy rooted at ObjectRoot.,shall,omt.object_classes,parser/validator unit test + round-trip test,TEST-OMT-004,Draft,P0,Seeded from 1516.2 clause inventory; expand to field-level constraints in next pass.
HLA1516.2-OBJECT-CLASSES-005,IEEE 1516.2-2010 (2010 edition),4.2,Object Model Template Specification,CAP-OMT,OMT-OBJECT-CLASSES,Validator shall reject invalid object-class inheritance or duplicate class definitions.,shall,omt.object_classes,parser/validator unit test + round-trip test,TEST-OMT-005,Draft,P0,Seeded from 1516.2 clause inventory; expand to field-level constraints in next pass.
HLA1516.2-INTERACTION-CLASSES-006,IEEE 1516.2-2010 (2010 edition),4.3,Object Model Template Specification,CAP-OMT,OMT-INTERACTION-CLASSES,Parser shall preserve the interaction class hierarchy rooted at InteractionRoot.,shall,omt.interaction_classes,parser/validator unit test + round-trip test,TEST-OMT-006,Draft,P0,Seeded from 1516.2 clause inventory; expand to field-level constraints in next pass.
HLA1516.2-INTERACTION-CLASSES-007,IEEE 1516.2-2010 (2010 edition),4.3,Object Model Template Specification,CAP-OMT,OMT-INTERACTION-CLASSES,Validator shall reject invalid interaction-class inheritance or duplicate class definitions.,shall,omt.interaction_classes,parser/validator unit test + round-trip test,TEST-OMT-007,Draft,P0,Seeded from 1516.2 clause inventory; expand to field-level constraints in next pass.
HLA1516.2-ATTRIBUTES-008,IEEE 1516.2-2010 (2010 edition),4.4,Object Model Template Specification,CAP-OMT,OMT-ATTRIBUTES,"Parser shall preserve class-attribute metadata including datatype, update, transportation, order, dimension, sharing, and semantics fields.",shall,omt.attributes,parser/validator unit test + round-trip test,TEST-OMT-008,Draft,P0,Seeded from 1516.2 clause inventory; expand to field-level constraints in next pass.
HLA1516.2-ATTRIBUTES-009,IEEE 1516.2-2010 (2010 edition),4.4,Object Model Template Specification,CAP-OMT,OMT-ATTRIBUTES,"Validator shall ensure attributes reference valid classes, datatypes, transportation types, order types, dimensions, and update rates.",shall,omt.attributes,parser/validator unit test + round-trip test,TEST-OMT-009,Draft,P0,Seeded from 1516.2 clause inventory; expand to field-level constraints in next pass.
HLA1516.2-PARAMETERS-010,IEEE 1516.2-2010 (2010 edition),4.5,Object Model Template Specification,CAP-OMT,OMT-PARAMETERS,Parser shall preserve interaction-parameter metadata including datatype and semantics fields.,shall,omt.parameters,parser/validator unit test + round-trip test,TEST-OMT-010,Draft,P0,Seeded from 1516.2 clause inventory; expand to field-level constraints in next pass.
HLA1516.2-PARAMETERS-011,IEEE 1516.2-2010 (2010 edition),4.5,Object Model Template Specification,CAP-OMT,OMT-PARAMETERS,Validator shall ensure parameters reference valid interaction classes and datatypes.,shall,omt.parameters,parser/validator unit test + round-trip test,TEST-OMT-011,Draft,P0,Seeded from 1516.2 clause inventory; expand to field-level constraints in next pass.
HLA1516.2-DIMENSIONS-012,IEEE 1516.2-2010 (2010 edition),4.6,Object Model Template Specification,CAP-OMT,OMT-DIMENSIONS,Parser shall preserve dimension metadata used for DDM routing.,shall,omt.dimensions,parser/validator unit test + round-trip test,TEST-OMT-012,Draft,P1,Seeded from 1516.2 clause inventory; expand to field-level constraints in next pass.
HLA1516.2-DIMENSIONS-013,IEEE 1516.2-2010 (2010 edition),4.6,Object Model Template Specification,CAP-OMT,OMT-DIMENSIONS,Validator shall ensure attributes and interaction classes reference only defined dimensions.,shall,omt.dimensions,parser/validator unit test + round-trip test,TEST-OMT-013,Draft,P1,Seeded from 1516.2 clause inventory; expand to field-level constraints in next pass.
HLA1516.2-TIME-014,IEEE 1516.2-2010 (2010 edition),4.7,Object Model Template Specification,CAP-OMT,OMT-TIME,Parser shall preserve logical-time representation metadata.,shall,omt.time_representation,parser/validator unit test + round-trip test,TEST-OMT-014,Draft,P1,Seeded from 1516.2 clause inventory; expand to field-level constraints in next pass.
HLA1516.2-TAGS-015,IEEE 1516.2-2010 (2010 edition),4.8,Object Model Template Specification,CAP-OMT,OMT-TAGS,Parser shall preserve user-supplied tag representation metadata.,shall,omt.tags,parser/validator unit test + round-trip test,TEST-OMT-015,Draft,P1,Seeded from 1516.2 clause inventory; expand to field-level constraints in next pass.
HLA1516.2-SYNC-016,IEEE 1516.2-2010 (2010 edition),4.9,Object Model Template Specification,CAP-OMT,OMT-SYNC,Parser shall preserve synchronization point declarations.,shall,omt.synchronization,parser/validator unit test + round-trip test,TEST-OMT-016,Draft,P1,Seeded from 1516.2 clause inventory; expand to field-level constraints in next pass.
HLA1516.2-TRANSPORTATION-017,IEEE 1516.2-2010 (2010 edition),4.10,Object Model Template Specification,CAP-OMT,OMT-TRANSPORTATION,Parser shall preserve transportation type definitions.,shall,omt.transportation,parser/validator unit test + round-trip test,TEST-OMT-017,Draft,P1,Seeded from 1516.2 clause inventory; expand to field-level constraints in next pass.
HLA1516.2-UPDATE-RATE-018,IEEE 1516.2-2010 (2010 edition),4.11,Object Model Template Specification,CAP-OMT,OMT-UPDATE-RATE,Parser shall preserve update-rate designator definitions.,shall,omt.update_rates,parser/validator unit test + round-trip test,TEST-OMT-018,Draft,P1,Seeded from 1516.2 clause inventory; expand to field-level constraints in next pass.
HLA1516.2-SWITCHES-019,IEEE 1516.2-2010 (2010 edition),4.12,Object Model Template Specification,CAP-OMT,OMT-SWITCHES,Parser shall preserve switch declarations.,shall,omt.switches,parser/validator unit test + round-trip test,TEST-OMT-019,Draft,P1,Seeded from 1516.2 clause inventory; expand to field-level constraints in next pass.
HLA1516.2-DATATYPES-BASIC-020,IEEE 1516.2-2010 (2010 edition),4.13,Object Model Template Specification,CAP-OMT,OMT-DATATYPES-BASIC,Parser shall preserve basic datatype definitions.,shall,omt.datatypes.basic,parser/validator unit test + round-trip test,TEST-OMT-020,Draft,P0,Seeded from 1516.2 clause inventory; expand to field-level constraints in next pass.
HLA1516.2-DATATYPES-SIMPLE-021,IEEE 1516.2-2010 (2010 edition),4.13,Object Model Template Specification,CAP-OMT,OMT-DATATYPES-SIMPLE,Parser shall preserve simple datatype aliases and validate their base datatype references.,shall,omt.datatypes.simple,parser/validator unit test + round-trip test,TEST-OMT-021,Draft,P0,Seeded from 1516.2 clause inventory; expand to field-level constraints in next pass.
HLA1516.2-DATATYPES-ENUM-022,IEEE 1516.2-2010 (2010 edition),4.13,Object Model Template Specification,CAP-OMT,OMT-DATATYPES-ENUM,Parser shall preserve enumerated datatypes and their enumerator values.,shall,omt.datatypes.enumerated,parser/validator unit test + round-trip test,TEST-OMT-022,Draft,P0,Seeded from 1516.2 clause inventory; expand to field-level constraints in next pass.
HLA1516.2-DATATYPES-ARRAY-023,IEEE 1516.2-2010 (2010 edition),4.13,Object Model Template Specification,CAP-OMT,OMT-DATATYPES-ARRAY,Parser shall preserve fixed and variable array datatype definitions.,shall,omt.datatypes.arrays,parser/validator unit test + round-trip test,TEST-OMT-023,Draft,P0,Seeded from 1516.2 clause inventory; expand to field-level constraints in next pass.
HLA1516.2-DATATYPES-FIXED-RECORD-024,IEEE 1516.2-2010 (2010 edition),4.13,Object Model Template Specification,CAP-OMT,OMT-DATATYPES-FIXED-RECORD,Parser shall preserve fixed record datatype field ordering and field datatype references.,shall,omt.datatypes.fixed_records,parser/validator unit test + round-trip test,TEST-OMT-024,Draft,P0,Seeded from 1516.2 clause inventory; expand to field-level constraints in next pass.
HLA1516.2-DATATYPES-VARIANT-025,IEEE 1516.2-2010 (2010 edition),4.13,Object Model Template Specification,CAP-OMT,OMT-DATATYPES-VARIANT,"Parser shall preserve variant record discriminants, alternatives, and datatype references.",shall,omt.datatypes.variant_records,parser/validator unit test + round-trip test,TEST-OMT-025,Draft,P0,Seeded from 1516.2 clause inventory; expand to field-level constraints in next pass.
HLA1516.2-NOTES-026,IEEE 1516.2-2010 (2010 edition),4.14,Object Model Template Specification,CAP-OMT,OMT-NOTES,Parser and serializer shall preserve notes associated with OMT elements.,shall,omt.notes,parser/validator unit test + round-trip test,TEST-OMT-026,Draft,P1,Seeded from 1516.2 clause inventory; expand to field-level constraints in next pass.
HLA1516.2-LEXICON-027,IEEE 1516.2-2010 (2010 edition),5,Object Model Template Specification,CAP-OMT,OMT-LEXICON,Object model documentation shall support FOM/SOM lexicon definition tables.,shall,omt.lexicon,parser/validator unit test + round-trip test,TEST-OMT-027,Draft,P1,Seeded from 1516.2 clause inventory; expand to field-level constraints in next pass.
HLA1516.2-CONFORMANCE-028,IEEE 1516.2-2010 (2010 edition),6,Object Model Template Specification,CAP-OMT,OMT-CONFORMANCE,Validator shall classify OMT conformance against supported conformance labels and verification rules.,shall,omt.conformance,parser/validator unit test + round-trip test,TEST-OMT-028,Draft,P1,Seeded from 1516.2 clause inventory; expand to field-level constraints in next pass.
HLA1516.2-MERGE-029,IEEE 1516.2-2010 (2010 edition),7,Object Model Template Specification,CAP-OMT,OMT-MERGE,Merger shall combine FOM/SOM modules according to standard module merging rules.,shall,omt.merge,parser/validator unit test + round-trip test,TEST-OMT-029,Draft,P1,Seeded from 1516.2 clause inventory; expand to field-level constraints in next pass.
HLA1516.2-NORMALIZATION-030,IEEE 1516.2-2010 (2010 edition),Annex B,Object Model Template Specification,CAP-OMT,OMT-NORMALIZATION,Implementation shall support common normalization functions required for DDM dimension values.,shall,omt.normalization,parser/validator unit test + round-trip test,TEST-OMT-030,Draft,P1,Seeded from 1516.2 clause inventory; expand to field-level constraints in next pass.
HLA1516.2-MERGE-PRINCIPLES-031,IEEE 1516.2-2010 (2010 edition),Annex C,Object Model Template Specification,CAP-OMT,OMT-MERGE-PRINCIPLES,Merger shall apply the normative module merging principles when composing object models.,shall,omt.merge,parser/validator unit test + round-trip test,TEST-OMT-031,Draft,P1,Seeded from 1516.2 clause inventory; expand to field-level constraints in next pass.
HLA1516.2-XML-DIF-032,IEEE 1516.2-2010 (2010 edition),Annex D,Object Model Template Specification,CAP-XML,XML-DIF,Parser and serializer shall support the OMT data interchange format.,shall,omt.xml,parser/validator unit test + round-trip test,TEST-OMT-032,Draft,P1,Seeded from 1516.2 clause inventory; expand to field-level constraints in next pass.
HLA1516.2-XML-SCHEMA-033,IEEE 1516.2-2010 (2010 edition),Annex E,Object Model Template Specification,CAP-XML,XML-SCHEMA,Validator shall reject OMT XML documents that do not conform to the OMT XML schema.,shall,omt.xml_schema,parser/validator unit test + round-trip test,TEST-OMT-033,Draft,P0,Seeded from 1516.2 clause inventory; expand to field-level constraints in next pass.
