category,schema,name,type_or_kind,minOccurs,maxOccurs,ref_or_mixed
element,OMT,objectModel,objectModelType,,,
element,OMT,modelIdentification,modelIdentificationType,,,
element,OMT,serviceUtilization,serviceUtilizationType,0,,
element,OMT,objects,objectsType,,,
element,OMT,interactions,interactionsType,,,
element,OMT,dimensions,dimensionsType,,,
element,OMT,time,timeType,0,,
element,OMT,tags,tagsType,0,,
element,OMT,synchronizations,synchronizationsType,0,,
element,OMT,transportations,transportationsType,,,
element,OMT,switches,switchesType,,,
element,OMT,updateRates,updateRatesType,0,,
element,OMT,dataTypes,dataTypesType,,,
element,OMT,notes,notesType,0,,
element,OMT,name,NonEmptyString,,,
element,OMT,type,modelType,,,
element,OMT,version,NonEmptyString,,,
element,OMT,modificationDate,,,,
element,OMT,securityClassification,securityClassificationType,,,
element,OMT,releaseRestriction,String,0,unbounded,
element,OMT,purpose,String,0,,
element,OMT,applicationDomain,applicationDomainType,0,,
element,OMT,description,NonEmptyString,,,
element,OMT,useLimitation,String,0,,
element,OMT,useHistory,String,0,unbounded,
element,OMT,keyword,keywordType,0,unbounded,
element,OMT,poc,,,unbounded,
element,OMT,reference,idReferenceType,0,unbounded,
element,OMT,other,String,0,,
element,OMT,glyph,,0,,
element,OMT,taxonomy,String,0,,
element,OMT,keywordValue,NonEmptyString,,,
element,OMT,pocType,pocTypeType,,,
element,OMT,pocName,String,0,,
element,OMT,pocOrg,String,0,,
element,OMT,pocTelephone,String,0,unbounded,
element,OMT,pocEmail,String,0,unbounded,
element,OMT,type,,,,
element,OMT,identification,,,,
element,OMT,connect,,,,
element,OMT,disconnect,,,,
element,OMT,connectionLost,,,,
element,OMT,createFederationExecution,,,,
element,OMT,destroyFederationExecution,,,,
element,OMT,listFederationExecutions,,,,
element,OMT,reportFederationExecutions,,,,
element,OMT,joinFederationExecution,,,,
element,OMT,resignFederationExecution,,,,
element,OMT,registerFederationSynchronizationPoint,,,,
element,OMT,confirmSynchronizationPointRegistration,,,,
element,OMT,announceSynchronizationPoint,,,,
element,OMT,synchronizationPointAchieved,,,,
element,OMT,federationSynchronized,,,,
element,OMT,requestFederationSave,,,,
element,OMT,initiateFederateSave,,,,
element,OMT,federateSaveBegun,,,,
element,OMT,federateSaveComplete,,,,
element,OMT,federationSaved,,,,
element,OMT,abortFederationSave,,,,
element,OMT,queryFederationSaveStatus,,,,
element,OMT,federationSaveStatusResponse,,,,
element,OMT,requestFederationRestore,,,,
element,OMT,confirmFederationRestorationRequest,,,,
element,OMT,federationRestoreBegun,,,,
element,OMT,initiateFederateRestore,,,,
element,OMT,federateRestoreComplete,,,,
element,OMT,federationRestored,,,,
element,OMT,abortFederationRestore,,,,
element,OMT,queryFederationRestoreStatus,,,,
element,OMT,federationRestoreStatusResponse,,,,
element,OMT,publishObjectClassAttributes,,,,
element,OMT,unpublishObjectClassAttributes,,,,
element,OMT,publishInteractionClass,,,,
element,OMT,unpublishInteractionClass,,,,
element,OMT,subscribeObjectClassAttributes,,,,
element,OMT,unsubscribeObjectClassAttributes,,,,
element,OMT,subscribeInteractionClass,,,,
element,OMT,unsubscribeInteractionClass,,,,
element,OMT,startRegistrationForObjectClass,,,,
element,OMT,stopRegistrationForObjectClass,,,,
element,OMT,turnInteractionsOn,,,,
element,OMT,turnInteractionsOff,,,,
element,OMT,reserveObjectInstanceName,,,,
element,OMT,objectInstanceNameReserved,,,,
element,OMT,releaseObjectInstanceName,,,,
element,OMT,reserveMultipleObjectInstanceNames,,,,
element,OMT,multipleObjectInstanceNamesReserved,,,,
element,OMT,releaseMultipleObjectInstanceNames,,,,
element,OMT,registerObjectInstance,,,,
element,OMT,discoverObjectInstance,,,,
element,OMT,updateAttributeValues,,,,
element,OMT,reflectAttributeValues,,,,
element,OMT,sendInteraction,,,,
element,OMT,receiveInteraction,,,,
element,OMT,deleteObjectInstance,,,,
element,OMT,removeobjectinstance,,,,
element,OMT,localDeleteObjectInstance,,,,
element,OMT,attributesInScope,,,,
element,OMT,attributesOutOfScope,,,,
element,OMT,requestAttributeValueUpdate,,,,
element,OMT,provideAttributeValueUpdate,,,,
element,OMT,turnUpdatesOnForObjectInstance,,,,
element,OMT,turnUpdatesOffForObjectInstance,,,,
element,OMT,requestAttributeTransportationTypeChange,,,,
element,OMT,confirmAttributeTransportationTypeChange,,,,
element,OMT,queryAttributeTransportationType,,,,
element,OMT,reportAttributeTransportationType,,,,
element,OMT,requestInteractionTransportationTypeChange,,,,
element,OMT,confirmInteractionTransportationTypeChange,,,,
element,OMT,queryInteractionTransportationType,,,,
element,OMT,reportInteractionTransportationType,,,,
element,OMT,unconditionalAttributeOwnershipDivestiture,,,,
element,OMT,negotiatedAttributeOwnershipDivestiture,,,,
element,OMT,requestAttributeOwnershipAssumption,,,,
element,OMT,requestDivestitureConfirmation,,,,
element,OMT,confirmDivestiture,,,,
element,OMT,attributeOwnershipAcquisitionNotification,,,,
element,OMT,attributeOwnershipAcquisition,,,,
element,OMT,attributeOwnershipAcquisitionIfAvailable,,,,
element,OMT,attributeOwnershipUnavailable,,,,
element,OMT,requestAttributeOwnershipRelease,,,,
element,OMT,attributeOwnershipReleaseDenied,,,,
element,OMT,attributeOwnershipDivestitureIfWanted,,,,
element,OMT,cancelNegotiatedAttributeOwnershipDivestiture,,,,
element,OMT,cancelAttributeOwnershipAcquisition,,,,
element,OMT,confirmAttributeOwnershipAcquisitionCancellation,,,,
element,OMT,queryAttributeOwnership,,,,
element,OMT,informAttributeOwnership,,,,
element,OMT,isAttributeOwnedByFederate,,,,
element,OMT,enableTimeRegulation,,,,
element,OMT,timeRegulationEnabled,,,,
element,OMT,disableTimeRegulation,,,,
element,OMT,enableTimeConstrained,,,,
element,OMT,timeConstrainedEnabled,,,,
element,OMT,disableTimeConstrained,,,,
element,OMT,timeAdvanceRequest,,,,
element,OMT,timeAdvanceRequestAvailable,,,,
element,OMT,nextMessageRequest,,,,
element,OMT,nextMessageRequestAvailable,,,,
element,OMT,flushQueueRequest,,,,
element,OMT,timeAdvanceGrant,,,,
element,OMT,enableAsynchronousDelivery,,,,
element,OMT,disableAsynchronousDelivery,,,,
element,OMT,queryGALT,,,,
element,OMT,queryLogicalTime,,,,
element,OMT,queryLITS,,,,
element,OMT,modifyLookahead,,,,
element,OMT,queryLookahead,,,,
element,OMT,retract,,,,
element,OMT,requestRetraction,,,,
element,OMT,changeAttributeOrderType,,,,
element,OMT,changeInteractionOrderType,,,,
element,OMT,createRegion,,,,
element,OMT,commitRegionModifications,,,,
element,OMT,deleteRegion,,,,
element,OMT,registerObjectInstanceWithRegions,,,,
element,OMT,associateRegionsForUpdates,,,,
element,OMT,unassociateRegionsForUpdates,,,,
element,OMT,subscribeObjectClassAttributesWithRegions,,,,
element,OMT,unsubscribeObjectClassAttributesWithRegions,,,,
element,OMT,subscribeInteractionClassWithRegions,,,,
element,OMT,unsubscribeInteractionClassWithRegions,,,,
element,OMT,sendInteractionWithRegions,,,,
element,OMT,requestAttributeValueUpdateWithRegions,,,,
element,OMT,getAutomaticResignDirective,,,,
element,OMT,setAutomaticResignDirective,,,,
element,OMT,getFederateHandle,,,,
element,OMT,getFederateName,,,,
element,OMT,getObjectClassHandle,,,,
element,OMT,getObjectClassName,,,,
element,OMT,getKnownObjectClassHandle,,,,
element,OMT,getObjectInstanceHandle,,,,
element,OMT,getObjectInstanceName,,,,
element,OMT,getAttributeHandle,,,,
element,OMT,getAttributeName,,,,
element,OMT,getUpdateRateValue,,,,
element,OMT,getUpdateRateValueForAttribute,,,,
element,OMT,getInteractionClassHandle,,,,
element,OMT,getInteractionClassName,,,,
element,OMT,getParameterHandle,,,,
element,OMT,getParameterName,,,,
element,OMT,getOrderType,,,,
element,OMT,getOrderName,,,,
element,OMT,getTransportationTypeHandle,,,,
element,OMT,getTransportationTypeName,,,,
element,OMT,getAvailableDimensionsForClassAttribute,,,,
element,OMT,getAvailableDimensionsForInteractionClass,,,,
element,OMT,getDimensionHandle,,,,
element,OMT,getDimensionName,,,,
element,OMT,getDimensionUpperBound,,,,
element,OMT,getDimensionHandleSet,,,,
element,OMT,getRangeBounds,,,,
element,OMT,setRangeBounds,,,,
element,OMT,normalizeFederateHandle,,,,
element,OMT,normalizeServiceGroup,,,,
element,OMT,enableObjectClassRelevanceAdvisorySwitch,,,,
element,OMT,disableObjectClassRelevanceAdvisorySwitch,,,,
element,OMT,enableAttributeRelevanceAdvisorySwitch,,,,
element,OMT,disableAttributeRelevanceAdvisorySwitch,,,,
element,OMT,enableAttributeScopeAdvisorySwitch,,,,
element,OMT,disableAttributeScopeAdvisorySwitch,,,,
element,OMT,enableInteractionRelevanceAdvisorySwitch,,,,
element,OMT,disableInteractionRelevanceAdvisorySwitch,,,,
element,OMT,evokeCallback,,,,
element,OMT,evokeMultipleCallbacks,,,,
element,OMT,enableCallbacks,,,,
element,OMT,disableCallbacks,,,,
element,OMT,objectClass,,,,
element,OMT,name,IdentifierType,,,
element,OMT,sharing,sharingType,,,
element,OMT,semantics,String,0,,
element,OMT,attribute,,,,
element,OMT,name,IdentifierType,,,
element,OMT,dataType,ReferenceType,,,
element,OMT,updateType,updateType,,,
element,OMT,updateCondition,String,0,,
element,OMT,ownership,ownershipType,,,
element,OMT,sharing,sharingType,,,
element,OMT,dimensions,,0,,
element,OMT,dimension,ReferenceType,0,unbounded,
element,OMT,transportation,ReferenceType,,,
element,OMT,order,orderType,,,
element,OMT,semantics,String,0,,
element,OMT,interactionClass,,,,
element,OMT,name,IdentifierType,,,
element,OMT,sharing,sharingType,,,
element,OMT,dimensions,,0,,
element,OMT,dimension,ReferenceType,0,unbounded,
element,OMT,transportation,ReferenceType,,,
element,OMT,order,orderType,,,
element,OMT,semantics,String,0,,
element,OMT,parameter,,,,
element,OMT,name,IdentifierType,,,
element,OMT,dataType,ReferenceType,,,
element,OMT,semantics,String,0,,
element,OMT,dimension,,0,unbounded,
element,OMT,name,IdentifierType,,,
element,OMT,dataType,ReferenceType,,,
element,OMT,upperBound,,0,,
element,OMT,normalization,NonEmptyString,,,
element,OMT,value,,0,,
element,OMT,timeStamp,,0,,
element,OMT,dataType,ReferenceType,,,
element,OMT,semantics,String,0,,
element,OMT,lookahead,,0,,
element,OMT,dataType,ReferenceType,,,
element,OMT,semantics,String,0,,
element,OMT,updateReflectTag,tagType,0,,
element,OMT,sendReceiveTag,tagType,0,,
element,OMT,deleteRemoveTag,tagType,0,,
element,OMT,divestitureRequestTag,tagType,0,,
element,OMT,divestitureCompletionTag,tagType,0,,
element,OMT,acquisitionRequestTag,tagType,0,,
element,OMT,requestUpdateTag,tagType,0,,
element,OMT,dataType,ReferenceType,,,
element,OMT,semantics,String,0,,
element,OMT,synchronizationPoint,,0,unbounded,
element,OMT,label,IdentifierType,,,
element,OMT,dataType,ReferenceType,0,,
element,OMT,capability,capabilityType,,,
element,OMT,semantics,String,0,,
element,OMT,transportation,,0,unbounded,
element,OMT,name,IdentifierType,,,
element,OMT,reliable,,,,
element,OMT,semantics,String,0,,
element,OMT,autoProvide,switchType,,,
element,OMT,conveyRegionDesignatorSets,switchType,,,
element,OMT,conveyProducingFederate,switchType,,,
element,OMT,attributeScopeAdvisory,switchType,,,
element,OMT,attributeRelevanceAdvisory,switchType,,,
element,OMT,objectClassRelevanceAdvisory,switchType,,,
element,OMT,interactionRelevanceAdvisory,switchType,,,
element,OMT,serviceReporting,switchType,,,
element,OMT,exceptionReporting,switchType,,,
element,OMT,delaySubscriptionEvaluation,switchType,,,
element,OMT,automaticResignAction,resignSwitchType,,,
element,OMT,updateRate,updateRateType,0,unbounded,
element,OMT,name,IdentifierType,,,
element,OMT,rate,RateType,,,
element,OMT,semantics,String,0,,
element,OMT,basicDataRepresentations,basicDataRepresentationsType,,,
element,OMT,simpleDataTypes,simpleDataTypesType,,,
element,OMT,enumeratedDataTypes,enumeratedDataTypesType,,,
element,OMT,arrayDataTypes,,,,
element,OMT,fixedRecordDataTypes,fixedRecordDataTypesType,,,
element,OMT,variantRecordDataTypes,variantRecordDataTypesType,,,
element,OMT,basicData,,0,unbounded,
element,OMT,name,IdentifierType,,,
element,OMT,size,Size,,,
element,OMT,interpretation,String,,,
element,OMT,endian,endianType,,,
element,OMT,encoding,String,,,
element,OMT,simpleData,,0,unbounded,
element,OMT,name,IdentifierType,,,
element,OMT,representation,ReferenceType,,,
element,OMT,units,NonEmptyString,0,,
element,OMT,resolution,NonEmptyString,0,,
element,OMT,accuracy,NonEmptyString,0,,
element,OMT,semantics,String,0,,
element,OMT,fixedRecordData,,0,unbounded,
element,OMT,name,IdentifierType,,,
element,OMT,encoding,fixedRecordEncodingType,,,
element,OMT,semantics,String,0,,
element,OMT,field,,0,unbounded,
element,OMT,name,IdentifierType,,,
element,OMT,dataType,ReferenceType,,,
element,OMT,semantics,String,0,,
element,OMT,enumeratedData,,0,unbounded,
element,OMT,name,IdentifierType,,,
element,OMT,representation,ReferenceType,,,
element,OMT,semantics,String,0,,
element,OMT,enumerator,,0,unbounded,
element,OMT,name,IdentifierType,,,
element,OMT,value,String,,unbounded,
element,OMT,variantRecordData,,0,unbounded,
element,OMT,name,IdentifierType,,,
element,OMT,discriminant,IdentifierType,,,
element,OMT,dataType,ReferenceType,,,
element,OMT,alternative,,0,unbounded,
element,OMT,enumerator,NonEmptyString,,,
element,OMT,name,IdentifierType,0,,
element,OMT,dataType,ReferenceType,0,,
element,OMT,semantics,String,0,,
element,OMT,encoding,variantRecordEncodingType,,,
element,OMT,semantics,String,0,,
element,OMT,arrayData,,0,unbounded,
element,OMT,name,IdentifierType,,,
element,OMT,dataType,ReferenceType,,,
element,OMT,cardinality,cardinalityType,,,
element,OMT,encoding,arrayDatatypeEncodingType,,,
element,OMT,semantics,String,0,,
element,OMT,note,,0,unbounded,
element,OMT,label,xs:ID,,,
element,OMT,semantics,String,0,,
element,DIF,objectModel,objectModelType,,,
element,DIF,modelIdentification,modelIdentificationType,0,,
element,DIF,serviceUtilization,serviceUtilizationType,0,,
element,DIF,objects,objectsType,0,,
element,DIF,interactions,interactionsType,0,,
element,DIF,dimensions,dimensionsType,0,,
element,DIF,time,timeType,0,,
element,DIF,tags,tagsType,0,,
element,DIF,synchronizations,synchronizationsType,0,,
element,DIF,transportations,transportationsType,0,,
element,DIF,switches,switchesType,0,,
element,DIF,updateRates,updateRatesType,0,,
element,DIF,dataTypes,dataTypesType,0,,
element,DIF,notes,notesType,0,,
element,DIF,name,NonEmptyString,0,,
element,DIF,type,modelType,0,,
element,DIF,version,NonEmptyString,0,,
element,DIF,modificationDate,,0,,
element,DIF,securityClassification,securityClassificationType,0,,
element,DIF,releaseRestriction,String,0,unbounded,
element,DIF,purpose,String,0,,
element,DIF,applicationDomain,applicationDomainType,0,,
element,DIF,description,NonEmptyString,0,,
element,DIF,useLimitation,String,0,,
element,DIF,useHistory,String,0,unbounded,
element,DIF,keyword,keywordType,0,unbounded,
element,DIF,poc,,0,unbounded,
element,DIF,reference,idReferenceType,0,unbounded,
element,DIF,other,String,0,,
element,DIF,glyph,,0,,
element,DIF,taxonomy,String,0,,
element,DIF,keywordValue,NonEmptyString,0,,
element,DIF,pocType,pocTypeType,0,,
element,DIF,pocName,String,0,,
element,DIF,pocOrg,String,0,,
element,DIF,pocTelephone,String,0,unbounded,
element,DIF,pocEmail,String,0,unbounded,
element,DIF,type,,0,,
element,DIF,identification,,0,,
element,DIF,connect,,0,,
element,DIF,disconnect,,0,,
element,DIF,connectionLost,,0,,
element,DIF,createFederationExecution,,0,,
element,DIF,destroyFederationExecution,,0,,
element,DIF,listFederationExecutions,,0,,
element,DIF,reportFederationExecutions,,0,,
element,DIF,joinFederationExecution,,0,,
element,DIF,resignFederationExecution,,0,,
element,DIF,registerFederationSynchronizationPoint,,0,,
element,DIF,confirmSynchronizationPointRegistration,,0,,
element,DIF,announceSynchronizationPoint,,0,,
element,DIF,synchronizationPointAchieved,,0,,
element,DIF,federationSynchronized,,0,,
element,DIF,requestFederationSave,,0,,
element,DIF,initiateFederateSave,,0,,
element,DIF,federateSaveBegun,,0,,
element,DIF,federateSaveComplete,,0,,
element,DIF,federationSaved,,0,,
element,DIF,abortFederationSave,,0,,
element,DIF,queryFederationSaveStatus,,0,,
element,DIF,federationSaveStatusResponse,,0,,
element,DIF,requestFederationRestore,,0,,
element,DIF,confirmFederationRestorationRequest,,0,,
element,DIF,federationRestoreBegun,,0,,
element,DIF,initiateFederateRestore,,0,,
element,DIF,federateRestoreComplete,,0,,
element,DIF,federationRestored,,0,,
element,DIF,abortFederationRestore,,0,,
element,DIF,queryFederationRestoreStatus,,0,,
element,DIF,federationRestoreStatusResponse,,0,,
element,DIF,publishObjectClassAttributes,,0,,
element,DIF,unpublishObjectClassAttributes,,0,,
element,DIF,publishInteractionClass,,0,,
element,DIF,unpublishInteractionClass,,0,,
element,DIF,subscribeObjectClassAttributes,,0,,
element,DIF,unsubscribeObjectClassAttributes,,0,,
element,DIF,subscribeInteractionClass,,0,,
element,DIF,unsubscribeInteractionClass,,0,,
element,DIF,startRegistrationForObjectClass,,0,,
element,DIF,stopRegistrationForObjectClass,,0,,
element,DIF,turnInteractionsOn,,0,,
element,DIF,turnInteractionsOff,,0,,
element,DIF,reserveObjectInstanceName,,0,,
element,DIF,objectInstanceNameReserved,,0,,
element,DIF,releaseObjectInstanceName,,0,,
element,DIF,reserveMultipleObjectInstanceNames,,0,,
element,DIF,multipleObjectInstanceNamesReserved,,0,,
element,DIF,releaseMultipleObjectInstanceNames,,0,,
element,DIF,registerObjectInstance,,0,,
element,DIF,discoverObjectInstance,,0,,
element,DIF,updateAttributeValues,,0,,
element,DIF,reflectAttributeValues,,0,,
element,DIF,sendInteraction,,0,,
element,DIF,receiveInteraction,,0,,
element,DIF,deleteObjectInstance,,0,,
element,DIF,removeobjectinstance,,0,,
element,DIF,localDeleteObjectInstance,,0,,
element,DIF,attributesInScope,,0,,
element,DIF,attributesOutOfScope,,0,,
element,DIF,requestAttributeValueUpdate,,0,,
element,DIF,provideAttributeValueUpdate,,0,,
element,DIF,turnUpdatesOnForObjectInstance,,0,,
element,DIF,turnUpdatesOffForObjectInstance,,0,,
element,DIF,requestAttributeTransportationTypeChange,,0,,
element,DIF,confirmAttributeTransportationTypeChange,,0,,
element,DIF,queryAttributeTransportationType,,0,,
element,DIF,reportAttributeTransportationType,,0,,
element,DIF,requestInteractionTransportationTypeChange,,0,,
element,DIF,confirmInteractionTransportationTypeChange,,0,,
element,DIF,queryInteractionTransportationType,,0,,
element,DIF,reportInteractionTransportationType,,0,,
element,DIF,unconditionalAttributeOwnershipDivestiture,,0,,
element,DIF,negotiatedAttributeOwnershipDivestiture,,0,,
element,DIF,requestAttributeOwnershipAssumption,,0,,
element,DIF,requestDivestitureConfirmation,,0,,
element,DIF,confirmDivestiture,,0,,
element,DIF,attributeOwnershipAcquisitionNotification,,0,,
element,DIF,attributeOwnershipAcquisition,,0,,
element,DIF,attributeOwnershipAcquisitionIfAvailable,,0,,
element,DIF,attributeOwnershipUnavailable,,0,,
element,DIF,requestAttributeOwnershipRelease,,0,,
element,DIF,attributeOwnershipReleaseDenied,,0,,
element,DIF,attributeOwnershipDivestitureIfWanted,,0,,
element,DIF,cancelNegotiatedAttributeOwnershipDivestiture,,0,,
element,DIF,cancelAttributeOwnershipAcquisition,,0,,
element,DIF,confirmAttributeOwnershipAcquisitionCancellation,,0,,
element,DIF,queryAttributeOwnership,,0,,
element,DIF,informAttributeOwnership,,0,,
element,DIF,isAttributeOwnedByFederate,,0,,
element,DIF,enableTimeRegulation,,0,,
element,DIF,timeRegulationEnabled,,0,,
element,DIF,disableTimeRegulation,,0,,
element,DIF,enableTimeConstrained,,0,,
element,DIF,timeConstrainedEnabled,,0,,
element,DIF,disableTimeConstrained,,0,,
element,DIF,timeAdvanceRequest,,0,,
element,DIF,timeAdvanceRequestAvailable,,0,,
element,DIF,nextMessageRequest,,0,,
element,DIF,nextMessageRequestAvailable,,0,,
element,DIF,flushQueueRequest,,0,,
element,DIF,timeAdvanceGrant,,0,,
element,DIF,enableAsynchronousDelivery,,0,,
element,DIF,disableAsynchronousDelivery,,0,,
element,DIF,queryGALT,,0,,
element,DIF,queryLogicalTime,,0,,
element,DIF,queryLITS,,0,,
element,DIF,modifyLookahead,,0,,
element,DIF,queryLookahead,,0,,
element,DIF,retract,,0,,
element,DIF,requestRetraction,,0,,
element,DIF,changeAttributeOrderType,,0,,
element,DIF,changeInteractionOrderType,,0,,
element,DIF,createRegion,,0,,
element,DIF,commitRegionModifications,,0,,
element,DIF,deleteRegion,,0,,
element,DIF,registerObjectInstanceWithRegions,,0,,
element,DIF,associateRegionsForUpdates,,0,,
element,DIF,unassociateRegionsForUpdates,,0,,
element,DIF,subscribeObjectClassAttributesWithRegions,,0,,
element,DIF,unsubscribeObjectClassAttributesWithRegions,,0,,
element,DIF,subscribeInteractionClassWithRegions,,0,,
element,DIF,unsubscribeInteractionClassWithRegions,,0,,
element,DIF,sendInteractionWithRegions,,0,,
element,DIF,requestAttributeValueUpdateWithRegions,,0,,
element,DIF,getAutomaticResignDirective,,0,,
element,DIF,setAutomaticResignDirective,,0,,
element,DIF,getFederateHandle,,0,,
element,DIF,getFederateName,,0,,
element,DIF,getObjectClassHandle,,0,,
element,DIF,getObjectClassName,,0,,
element,DIF,getKnownObjectClassHandle,,0,,
element,DIF,getObjectInstanceHandle,,0,,
element,DIF,getObjectInstanceName,,0,,
element,DIF,getAttributeHandle,,0,,
element,DIF,getAttributeName,,0,,
element,DIF,getUpdateRateValue,,0,,
element,DIF,getUpdateRateValueForAttribute,,0,,
element,DIF,getInteractionClassHandle,,0,,
element,DIF,getInteractionClassName,,0,,
element,DIF,getParameterHandle,,0,,
element,DIF,getParameterName,,0,,
element,DIF,getOrderType,,0,,
element,DIF,getOrderName,,0,,
element,DIF,getTransportationTypeHandle,,0,,
element,DIF,getTransportationTypeName,,0,,
element,DIF,getAvailableDimensionsForClassAttribute,,0,,
element,DIF,getAvailableDimensionsForInteractionClass,,0,,
element,DIF,getDimensionHandle,,0,,
element,DIF,getDimensionName,,0,,
element,DIF,getDimensionUpperBound,,0,,
element,DIF,getDimensionHandleSet,,0,,
element,DIF,getRangeBounds,,0,,
element,DIF,setRangeBounds,,0,,
element,DIF,normalizeFederateHandle,,0,,
element,DIF,normalizeServiceGroup,,0,,
element,DIF,enableObjectClassRelevanceAdvisorySwitch,,0,,
element,DIF,disableObjectClassRelevanceAdvisorySwitch,,0,,
element,DIF,enableAttributeRelevanceAdvisorySwitch,,0,,
element,DIF,disableAttributeRelevanceAdvisorySwitch,,0,,
element,DIF,enableAttributeScopeAdvisorySwitch,,0,,
element,DIF,disableAttributeScopeAdvisorySwitch,,0,,
element,DIF,enableInteractionRelevanceAdvisorySwitch,,0,,
element,DIF,disableInteractionRelevanceAdvisorySwitch,,0,,
element,DIF,evokeCallback,,0,,
element,DIF,evokeMultipleCallbacks,,0,,
element,DIF,enableCallbacks,,0,,
element,DIF,disableCallbacks,,0,,
element,DIF,objectClass,,,,
element,DIF,name,IdentifierType,,,
element,DIF,sharing,sharingType,0,,
element,DIF,semantics,String,0,,
element,DIF,attribute,,,,
element,DIF,name,IdentifierType,,,
element,DIF,dataType,ReferenceType,0,,
element,DIF,updateType,updateType,0,,
element,DIF,updateCondition,String,0,,
element,DIF,ownership,ownershipType,0,,
element,DIF,sharing,sharingType,0,,
element,DIF,dimensions,,0,,
element,DIF,dimension,ReferenceType,0,unbounded,
element,DIF,transportation,ReferenceType,0,,
element,DIF,order,orderType,0,,
element,DIF,semantics,String,0,,
element,DIF,interactionClass,,,,
element,DIF,name,IdentifierType,,,
element,DIF,sharing,sharingType,0,,
element,DIF,dimensions,,0,,
element,DIF,dimension,ReferenceType,0,unbounded,
element,DIF,transportation,ReferenceType,0,,
element,DIF,order,orderType,0,,
element,DIF,semantics,String,0,,
element,DIF,parameter,,,,
element,DIF,name,IdentifierType,,,
element,DIF,dataType,ReferenceType,0,,
element,DIF,semantics,String,0,,
element,DIF,dimension,,0,unbounded,
element,DIF,name,IdentifierType,,,
element,DIF,dataType,ReferenceType,0,,
element,DIF,upperBound,,0,,
element,DIF,normalization,NonEmptyString,0,,
element,DIF,value,,0,,
element,DIF,timeStamp,,0,,
element,DIF,dataType,ReferenceType,0,,
element,DIF,semantics,String,0,,
element,DIF,lookahead,,0,,
element,DIF,dataType,ReferenceType,0,,
element,DIF,semantics,String,0,,
element,DIF,updateReflectTag,tagType,0,,
element,DIF,sendReceiveTag,tagType,0,,
element,DIF,deleteRemoveTag,tagType,0,,
element,DIF,divestitureRequestTag,tagType,0,,
element,DIF,divestitureCompletionTag,tagType,0,,
element,DIF,acquisitionRequestTag,tagType,0,,
element,DIF,requestUpdateTag,tagType,0,,
element,DIF,dataType,ReferenceType,0,,
element,DIF,semantics,String,0,,
element,DIF,synchronizationPoint,,0,unbounded,
element,DIF,label,IdentifierType,,,
element,DIF,dataType,ReferenceType,0,,
element,DIF,capability,capabilityType,0,,
element,DIF,semantics,String,0,,
element,DIF,transportation,,0,unbounded,
element,DIF,name,IdentifierType,,,
element,DIF,reliable,,0,,
element,DIF,semantics,String,0,,
element,DIF,autoProvide,switchType,0,,
element,DIF,conveyRegionDesignatorSets,switchType,0,,
element,DIF,conveyProducingFederate,switchType,0,,
element,DIF,attributeScopeAdvisory,switchType,0,,
element,DIF,attributeRelevanceAdvisory,switchType,0,,
element,DIF,objectClassRelevanceAdvisory,switchType,0,,
element,DIF,interactionRelevanceAdvisory,switchType,0,,
element,DIF,serviceReporting,switchType,0,,
element,DIF,exceptionReporting,switchType,0,,
element,DIF,delaySubscriptionEvaluation,switchType,0,,
element,DIF,automaticResignAction,resignSwitchType,0,,
element,DIF,updateRate,updateRateType,0,unbounded,
element,DIF,name,IdentifierType,,,
element,DIF,rate,RateType,0,,
element,DIF,semantics,String,0,,
element,DIF,basicDataRepresentations,basicDataRepresentationsType,0,,
element,DIF,simpleDataTypes,simpleDataTypesType,0,,
element,DIF,enumeratedDataTypes,enumeratedDataTypesType,0,,
element,DIF,arrayDataTypes,,0,,
element,DIF,fixedRecordDataTypes,fixedRecordDataTypesType,0,,
element,DIF,variantRecordDataTypes,variantRecordDataTypesType,0,,
element,DIF,basicData,,0,unbounded,
element,DIF,name,IdentifierType,,,
element,DIF,size,Size,0,,
element,DIF,interpretation,String,0,,
element,DIF,endian,endianType,0,,
element,DIF,encoding,String,0,,
element,DIF,simpleData,,0,unbounded,
element,DIF,name,IdentifierType,,,
element,DIF,representation,ReferenceType,0,,
element,DIF,units,NonEmptyString,0,,
element,DIF,resolution,NonEmptyString,0,,
element,DIF,accuracy,NonEmptyString,0,,
element,DIF,semantics,String,0,,
element,DIF,fixedRecordData,,0,unbounded,
element,DIF,name,IdentifierType,,,
element,DIF,encoding,fixedRecordEncodingType,0,,
element,DIF,semantics,String,0,,
element,DIF,field,,0,unbounded,
element,DIF,name,IdentifierType,,,
element,DIF,dataType,ReferenceType,0,,
element,DIF,semantics,String,0,,
element,DIF,enumeratedData,,0,unbounded,
element,DIF,name,IdentifierType,,,
element,DIF,representation,ReferenceType,0,,
element,DIF,semantics,String,0,,
element,DIF,enumerator,,0,unbounded,
element,DIF,name,IdentifierType,,,
element,DIF,value,String,0,unbounded,
element,DIF,variantRecordData,,0,unbounded,
element,DIF,name,IdentifierType,,,
element,DIF,discriminant,IdentifierType,0,,
element,DIF,dataType,ReferenceType,0,,
element,DIF,alternative,,0,unbounded,
element,DIF,enumerator,NonEmptyString,0,,
element,DIF,name,IdentifierType,0,,
element,DIF,dataType,ReferenceType,0,,
element,DIF,semantics,String,0,,
element,DIF,encoding,variantRecordEncodingType,0,,
element,DIF,semantics,String,0,,
element,DIF,arrayData,,0,unbounded,
element,DIF,name,IdentifierType,,,
element,DIF,dataType,ReferenceType,0,,
element,DIF,cardinality,cardinalityType,0,,
element,DIF,encoding,arrayDatatypeEncodingType,0,,
element,DIF,semantics,String,0,,
element,DIF,note,,0,unbounded,
element,DIF,label,xs:ID,,,
element,DIF,semantics,String,0,,
element,FDD,objectModel,objectModelType,,,
element,FDD,modelIdentification,modelIdentificationType,0,,
element,FDD,serviceUtilization,serviceUtilizationType,0,,
element,FDD,objects,objectsType,,,
element,FDD,interactions,interactionsType,,,
element,FDD,dimensions,dimensionsType,,,
element,FDD,time,timeType,0,,
element,FDD,tags,tagsType,0,,
element,FDD,synchronizations,synchronizationsType,0,,
element,FDD,transportations,transportationsType,,,
element,FDD,switches,switchesType,,,
element,FDD,updateRates,updateRatesType,0,,
element,FDD,dataTypes,dataTypesType,0,,
element,FDD,notes,notesType,0,,
element,FDD,name,NonEmptyString,0,,
element,FDD,type,modelType,0,,
element,FDD,version,NonEmptyString,0,,
element,FDD,modificationDate,,0,,
element,FDD,securityClassification,securityClassificationType,0,,
element,FDD,releaseRestriction,String,0,unbounded,
element,FDD,purpose,String,0,,
element,FDD,applicationDomain,applicationDomainType,0,,
element,FDD,description,NonEmptyString,0,,
element,FDD,useLimitation,String,0,,
element,FDD,useHistory,String,0,unbounded,
element,FDD,keyword,keywordType,0,unbounded,
element,FDD,poc,,0,unbounded,
element,FDD,reference,idReferenceType,0,unbounded,
element,FDD,other,String,0,,
element,FDD,glyph,,0,,
element,FDD,taxonomy,String,0,,
element,FDD,keywordValue,NonEmptyString,0,,
element,FDD,pocType,pocTypeType,0,,
element,FDD,pocName,String,0,,
element,FDD,pocOrg,String,0,,
element,FDD,pocTelephone,String,0,unbounded,
element,FDD,pocEmail,String,0,unbounded,
element,FDD,type,,0,,
element,FDD,identification,,0,,
element,FDD,connect,,0,,
element,FDD,disconnect,,0,,
element,FDD,connectionLost,,0,,
element,FDD,createFederationExecution,,0,,
element,FDD,destroyFederationExecution,,0,,
element,FDD,listFederationExecutions,,0,,
element,FDD,reportFederationExecutions,,0,,
element,FDD,joinFederationExecution,,0,,
element,FDD,resignFederationExecution,,0,,
element,FDD,registerFederationSynchronizationPoint,,0,,
element,FDD,confirmSynchronizationPointRegistration,,0,,
element,FDD,announceSynchronizationPoint,,0,,
element,FDD,synchronizationPointAchieved,,0,,
element,FDD,federationSynchronized,,0,,
element,FDD,requestFederationSave,,0,,
element,FDD,initiateFederateSave,,0,,
element,FDD,federateSaveBegun,,0,,
element,FDD,federateSaveComplete,,0,,
element,FDD,federationSaved,,0,,
element,FDD,abortFederationSave,,0,,
element,FDD,queryFederationSaveStatus,,0,,
element,FDD,federationSaveStatusResponse,,0,,
element,FDD,requestFederationRestore,,0,,
element,FDD,confirmFederationRestorationRequest,,0,,
element,FDD,federationRestoreBegun,,0,,
element,FDD,initiateFederateRestore,,0,,
element,FDD,federateRestoreComplete,,0,,
element,FDD,federationRestored,,0,,
element,FDD,abortFederationRestore,,0,,
element,FDD,queryFederationRestoreStatus,,0,,
element,FDD,federationRestoreStatusResponse,,0,,
element,FDD,publishObjectClassAttributes,,0,,
element,FDD,unpublishObjectClassAttributes,,0,,
element,FDD,publishInteractionClass,,0,,
element,FDD,unpublishInteractionClass,,0,,
element,FDD,subscribeObjectClassAttributes,,0,,
element,FDD,unsubscribeObjectClassAttributes,,0,,
element,FDD,subscribeInteractionClass,,0,,
element,FDD,unsubscribeInteractionClass,,0,,
element,FDD,startRegistrationForObjectClass,,0,,
element,FDD,stopRegistrationForObjectClass,,0,,
element,FDD,turnInteractionsOn,,0,,
element,FDD,turnInteractionsOff,,0,,
element,FDD,reserveObjectInstanceName,,0,,
element,FDD,objectInstanceNameReserved,,0,,
element,FDD,releaseObjectInstanceName,,0,,
element,FDD,reserveMultipleObjectInstanceNames,,0,,
element,FDD,multipleObjectInstanceNamesReserved,,0,,
element,FDD,releaseMultipleObjectInstanceNames,,0,,
element,FDD,registerObjectInstance,,0,,
element,FDD,discoverObjectInstance,,0,,
element,FDD,updateAttributeValues,,0,,
element,FDD,reflectAttributeValues,,0,,
element,FDD,sendInteraction,,0,,
element,FDD,receiveInteraction,,0,,
element,FDD,deleteObjectInstance,,0,,
element,FDD,removeobjectinstance,,0,,
element,FDD,localDeleteObjectInstance,,0,,
element,FDD,attributesInScope,,0,,
element,FDD,attributesOutOfScope,,0,,
element,FDD,requestAttributeValueUpdate,,0,,
element,FDD,provideAttributeValueUpdate,,0,,
element,FDD,turnUpdatesOnForObjectInstance,,0,,
element,FDD,turnUpdatesOffForObjectInstance,,0,,
element,FDD,requestAttributeTransportationTypeChange,,0,,
element,FDD,confirmAttributeTransportationTypeChange,,0,,
element,FDD,queryAttributeTransportationType,,0,,
element,FDD,reportAttributeTransportationType,,0,,
element,FDD,requestInteractionTransportationTypeChange,,0,,
element,FDD,confirmInteractionTransportationTypeChange,,0,,
element,FDD,queryInteractionTransportationType,,0,,
element,FDD,reportInteractionTransportationType,,0,,
element,FDD,unconditionalAttributeOwnershipDivestiture,,0,,
element,FDD,negotiatedAttributeOwnershipDivestiture,,0,,
element,FDD,requestAttributeOwnershipAssumption,,0,,
element,FDD,requestDivestitureConfirmation,,0,,
element,FDD,confirmDivestiture,,0,,
element,FDD,attributeOwnershipAcquisitionNotification,,0,,
element,FDD,attributeOwnershipAcquisition,,0,,
element,FDD,attributeOwnershipAcquisitionIfAvailable,,0,,
element,FDD,attributeOwnershipUnavailable,,0,,
element,FDD,requestAttributeOwnershipRelease,,0,,
element,FDD,attributeOwnershipReleaseDenied,,0,,
element,FDD,attributeOwnershipDivestitureIfWanted,,0,,
element,FDD,cancelNegotiatedAttributeOwnershipDivestiture,,0,,
element,FDD,cancelAttributeOwnershipAcquisition,,0,,
element,FDD,confirmAttributeOwnershipAcquisitionCancellation,,0,,
element,FDD,queryAttributeOwnership,,0,,
element,FDD,informAttributeOwnership,,0,,
element,FDD,isAttributeOwnedByFederate,,0,,
element,FDD,enableTimeRegulation,,0,,
element,FDD,timeRegulationEnabled,,0,,
element,FDD,disableTimeRegulation,,0,,
element,FDD,enableTimeConstrained,,0,,
element,FDD,timeConstrainedEnabled,,0,,
element,FDD,disableTimeConstrained,,0,,
element,FDD,timeAdvanceRequest,,0,,
element,FDD,timeAdvanceRequestAvailable,,0,,
element,FDD,nextMessageRequest,,0,,
element,FDD,nextMessageRequestAvailable,,0,,
element,FDD,flushQueueRequest,,0,,
element,FDD,timeAdvanceGrant,,0,,
element,FDD,enableAsynchronousDelivery,,0,,
element,FDD,disableAsynchronousDelivery,,0,,
element,FDD,queryGALT,,0,,
element,FDD,queryLogicalTime,,0,,
element,FDD,queryLITS,,0,,
element,FDD,modifyLookahead,,0,,
element,FDD,queryLookahead,,0,,
element,FDD,retract,,0,,
element,FDD,requestRetraction,,0,,
element,FDD,changeAttributeOrderType,,0,,
element,FDD,changeInteractionOrderType,,0,,
element,FDD,createRegion,,0,,
element,FDD,commitRegionModifications,,0,,
element,FDD,deleteRegion,,0,,
element,FDD,registerObjectInstanceWithRegions,,0,,
element,FDD,associateRegionsForUpdates,,0,,
element,FDD,unassociateRegionsForUpdates,,0,,
element,FDD,subscribeObjectClassAttributesWithRegions,,0,,
element,FDD,unsubscribeObjectClassAttributesWithRegions,,0,,
element,FDD,subscribeInteractionClassWithRegions,,0,,
element,FDD,unsubscribeInteractionClassWithRegions,,0,,
element,FDD,sendInteractionWithRegions,,0,,
element,FDD,requestAttributeValueUpdateWithRegions,,0,,
element,FDD,getAutomaticResignDirective,,0,,
element,FDD,setAutomaticResignDirective,,0,,
element,FDD,getFederateHandle,,0,,
element,FDD,getFederateName,,0,,
element,FDD,getObjectClassHandle,,0,,
element,FDD,getObjectClassName,,0,,
element,FDD,getKnownObjectClassHandle,,0,,
element,FDD,getObjectInstanceHandle,,0,,
element,FDD,getObjectInstanceName,,0,,
element,FDD,getAttributeHandle,,0,,
element,FDD,getAttributeName,,0,,
element,FDD,getUpdateRateValue,,0,,
element,FDD,getUpdateRateValueForAttribute,,0,,
element,FDD,getInteractionClassHandle,,0,,
element,FDD,getInteractionClassName,,0,,
element,FDD,getParameterHandle,,0,,
element,FDD,getParameterName,,0,,
element,FDD,getOrderType,,0,,
element,FDD,getOrderName,,0,,
element,FDD,getTransportationTypeHandle,,0,,
element,FDD,getTransportationTypeName,,0,,
element,FDD,getAvailableDimensionsForClassAttribute,,0,,
element,FDD,getAvailableDimensionsForInteractionClass,,0,,
element,FDD,getDimensionHandle,,0,,
element,FDD,getDimensionName,,0,,
element,FDD,getDimensionUpperBound,,0,,
element,FDD,getDimensionHandleSet,,0,,
element,FDD,getRangeBounds,,0,,
element,FDD,setRangeBounds,,0,,
element,FDD,normalizeFederateHandle,,0,,
element,FDD,normalizeServiceGroup,,0,,
element,FDD,enableObjectClassRelevanceAdvisorySwitch,,0,,
element,FDD,disableObjectClassRelevanceAdvisorySwitch,,0,,
element,FDD,enableAttributeRelevanceAdvisorySwitch,,0,,
element,FDD,disableAttributeRelevanceAdvisorySwitch,,0,,
element,FDD,enableAttributeScopeAdvisorySwitch,,0,,
element,FDD,disableAttributeScopeAdvisorySwitch,,0,,
element,FDD,enableInteractionRelevanceAdvisorySwitch,,0,,
element,FDD,disableInteractionRelevanceAdvisorySwitch,,0,,
element,FDD,evokeCallback,,0,,
element,FDD,evokeMultipleCallbacks,,0,,
element,FDD,enableCallbacks,,0,,
element,FDD,disableCallbacks,,0,,
element,FDD,objectClass,,,,
element,FDD,name,IdentifierType,,,
element,FDD,sharing,sharingType,0,,
element,FDD,semantics,String,0,,
element,FDD,attribute,,,,
element,FDD,name,IdentifierType,,,
element,FDD,dataType,ReferenceType,0,,
element,FDD,updateType,updateType,0,,
element,FDD,updateCondition,String,0,,
element,FDD,ownership,ownershipType,0,,
element,FDD,sharing,sharingType,0,,
element,FDD,dimensions,,0,,
element,FDD,dimension,ReferenceType,0,unbounded,
element,FDD,transportation,ReferenceType,,,
element,FDD,order,orderType,,,
element,FDD,semantics,String,0,,
element,FDD,interactionClass,,,,
element,FDD,name,IdentifierType,,,
element,FDD,sharing,sharingType,0,,
element,FDD,dimensions,,0,,
element,FDD,dimension,ReferenceType,0,unbounded,
element,FDD,transportation,ReferenceType,,,
element,FDD,order,orderType,,,
element,FDD,semantics,String,0,,
element,FDD,parameter,,,,
element,FDD,name,IdentifierType,,,
element,FDD,dataType,ReferenceType,0,,
element,FDD,semantics,String,0,,
element,FDD,dimension,,0,unbounded,
element,FDD,name,IdentifierType,,,
element,FDD,dataType,ReferenceType,0,,
element,FDD,upperBound,,0,,
element,FDD,normalization,NonEmptyString,0,,
element,FDD,value,,0,,
element,FDD,timeStamp,,0,,
element,FDD,dataType,ReferenceType,0,,
element,FDD,semantics,String,0,,
element,FDD,lookahead,,0,,
element,FDD,dataType,ReferenceType,0,,
element,FDD,semantics,String,0,,
element,FDD,updateReflectTag,tagType,0,,
element,FDD,sendReceiveTag,tagType,0,,
element,FDD,deleteRemoveTag,tagType,0,,
element,FDD,divestitureRequestTag,tagType,0,,
element,FDD,divestitureCompletionTag,tagType,0,,
element,FDD,acquisitionRequestTag,tagType,0,,
element,FDD,requestUpdateTag,tagType,0,,
element,FDD,dataType,ReferenceType,0,,
element,FDD,semantics,String,0,,
element,FDD,synchronizationPoint,,0,unbounded,
element,FDD,label,IdentifierType,,,
element,FDD,dataType,ReferenceType,0,,
element,FDD,capability,capabilityType,0,,
element,FDD,semantics,String,0,,
element,FDD,transportation,,0,unbounded,
element,FDD,name,IdentifierType,,,
element,FDD,reliable,,,,
element,FDD,semantics,String,0,,
element,FDD,autoProvide,,,,
element,FDD,conveyRegionDesignatorSets,switchType,,,
element,FDD,conveyProducingFederate,switchType,,,
element,FDD,attributeScopeAdvisory,switchType,,,
element,FDD,attributeRelevanceAdvisory,switchType,,,
element,FDD,objectClassRelevanceAdvisory,switchType,,,
element,FDD,interactionRelevanceAdvisory,switchType,,,
element,FDD,serviceReporting,switchType,,,
element,FDD,exceptionReporting,switchType,,,
element,FDD,delaySubscriptionEvaluation,switchType,,,
element,FDD,automaticResignAction,resignSwitchType,0,,
element,FDD,updateRate,updateRateType,0,unbounded,
element,FDD,name,IdentifierType,,,
element,FDD,rate,RateType,,,
element,FDD,semantics,String,0,,
element,FDD,basicDataRepresentations,basicDataRepresentationsType,0,,
element,FDD,simpleDataTypes,simpleDataTypesType,0,,
element,FDD,enumeratedDataTypes,enumeratedDataTypesType,0,,
element,FDD,arrayDataTypes,,0,,
element,FDD,fixedRecordDataTypes,fixedRecordDataTypesType,0,,
element,FDD,variantRecordDataTypes,variantRecordDataTypesType,0,,
element,FDD,basicData,,0,unbounded,
element,FDD,name,IdentifierType,,,
element,FDD,size,Size,0,,
element,FDD,interpretation,String,0,,
element,FDD,endian,endianType,0,,
element,FDD,encoding,String,0,,
element,FDD,simpleData,,0,unbounded,
element,FDD,name,IdentifierType,,,
element,FDD,representation,ReferenceType,0,,
element,FDD,units,NonEmptyString,0,,
element,FDD,resolution,NonEmptyString,0,,
element,FDD,accuracy,NonEmptyString,0,,
element,FDD,semantics,String,0,,
element,FDD,fixedRecordData,,0,unbounded,
element,FDD,name,IdentifierType,,,
element,FDD,encoding,fixedRecordEncodingType,0,,
element,FDD,semantics,String,0,,
element,FDD,field,,0,unbounded,
element,FDD,name,IdentifierType,,,
element,FDD,dataType,ReferenceType,0,,
element,FDD,semantics,String,0,,
element,FDD,enumeratedData,,0,unbounded,
element,FDD,name,IdentifierType,,,
element,FDD,representation,ReferenceType,0,,
element,FDD,semantics,String,0,,
element,FDD,enumerator,,0,unbounded,
element,FDD,name,IdentifierType,,,
element,FDD,value,String,0,unbounded,
element,FDD,variantRecordData,,0,unbounded,
element,FDD,name,IdentifierType,,,
element,FDD,discriminant,IdentifierType,0,,
element,FDD,dataType,ReferenceType,0,,
element,FDD,alternative,,0,unbounded,
element,FDD,enumerator,NonEmptyString,0,,
element,FDD,name,IdentifierType,0,,
element,FDD,dataType,ReferenceType,0,,
element,FDD,semantics,String,0,,
element,FDD,encoding,variantRecordEncodingType,0,,
element,FDD,semantics,String,0,,
element,FDD,arrayData,,0,unbounded,
element,FDD,name,IdentifierType,,,
element,FDD,dataType,ReferenceType,0,,
element,FDD,cardinality,cardinalityType,0,,
element,FDD,encoding,arrayDatatypeEncodingType,0,,
element,FDD,semantics,String,0,,
element,FDD,note,,0,unbounded,
element,FDD,label,xs:ID,,,
element,FDD,semantics,String,0,,
type,OMT,objectModelType,complexType,,,
type,OMT,modelIdentificationType,complexType,,,
type,OMT,modelType,complexType,,,
type,OMT,securityClassificationType,complexType,,,
type,OMT,applicationDomainType,complexType,,,
type,OMT,keywordType,complexType,,,
type,OMT,pocType,complexType,,,
type,OMT,pocTypeType,complexType,,,
type,OMT,idReferenceType,complexType,,,
type,OMT,glyphType,complexType,,,true
type,OMT,serviceUtilizationType,complexType,,,
type,OMT,objectsType,complexType,,,
type,OMT,objectClassType,complexType,,,
type,OMT,attributeType,complexType,,,
type,OMT,updateType,complexType,,,
type,OMT,ownershipType,complexType,,,
type,OMT,interactionsType,complexType,,,
type,OMT,interactionClassType,complexType,,,
type,OMT,parameterType,complexType,,,
type,OMT,dimensionsType,complexType,,,
type,OMT,dimensionType,complexType,,,
type,OMT,timeType,complexType,,,
type,OMT,tagsType,complexType,,,
type,OMT,tagType,complexType,,,
type,OMT,synchronizationsType,complexType,,,
type,OMT,synchronizationPointType,complexType,,,
type,OMT,capabilityType,complexType,,,
type,OMT,transportationsType,complexType,,,
type,OMT,transportationType,complexType,,,
type,OMT,switchesType,complexType,,,
type,OMT,switchType,complexType,,,
type,OMT,resignSwitchType,complexType,,,
type,OMT,updateRatesType,complexType,,,
type,OMT,updateRateType,complexType,,,
type,OMT,RateType,complexType,,,
type,OMT,dataTypesType,complexType,,,
type,OMT,basicDataRepresentationsType,complexType,,,
type,OMT,basicDataType,complexType,,,
type,OMT,Size,complexType,,,
type,OMT,endianType,complexType,,,
type,OMT,simpleDataTypesType,complexType,,,
type,OMT,simpleDataType,complexType,,,
type,OMT,fixedRecordDataTypesType,complexType,,,
type,OMT,fixedRecordDataType,complexType,,,
type,OMT,fixedRecordEncodingType,complexType,,,
type,OMT,enumeratedDataTypesType,complexType,,,
type,OMT,enumeratedDataType,complexType,,,
type,OMT,variantRecordDataTypesType,complexType,,,
type,OMT,variantRecordDataType,complexType,,,
type,OMT,variantRecordEncodingType,complexType,,,
type,OMT,arrayDataTypesType,complexType,,,
type,OMT,arrayDataType,complexType,,,
type,OMT,arrayDatatypeEncodingType,complexType,,,
type,OMT,cardinalityType,complexType,,,
type,OMT,notesType,complexType,,,
type,OMT,IdentifierType,complexType,,,
type,OMT,ReferenceType,complexType,,,
type,OMT,String,complexType,,,
type,OMT,NonEmptyString,complexType,,,
type,OMT,sharingType,complexType,,,
type,OMT,orderType,complexType,,,
type,OMT,resignActionType,simpleType,,,
type,OMT,nonEmptyString,simpleType,,,
type,OMT,reliableEnumerations,simpleType,,,
type,OMT,sharingEnumerations,simpleType,,,
type,OMT,orderEnumerations,simpleType,,,
type,OMT,endianEnumerations,simpleType,,,
type,OMT,OMTypeEnumerations,simpleType,,,
type,OMT,capabilityEnumerations,simpleType,,,
type,OMT,updateEnumerations,simpleType,,,
type,OMT,ownershipEnumerations,simpleType,,,
type,OMT,glyphTypeEnumerations,simpleType,,,
type,OMT,SecurityClassificationEnumeration,simpleType,,,
type,OMT,ApplicationDomainEnumerations,simpleType,,,
type,OMT,fixedRecordEncodingEnumeration,simpleType,,,
type,OMT,variantRecordEncodingEnumerator,simpleType,,,
type,OMT,arrayDatatypeEncodingEnum,simpleType,,,
type,OMT,POCTypeEnumeration,simpleType,,,
type,OMT,OMTypeUnion,simpleType,,,
type,OMT,glyphTypeUnion,simpleType,,,
type,OMT,fixedRecordEncodingUnion,simpleType,,,
type,OMT,variantRecordEncodingUnion,simpleType,,,
type,OMT,arrayDatatypeEncodingUnion,simpleType,,,
type,OMT,SecurityClassificationUnion,simpleType,,,
type,OMT,ApplicationDomainUnion,simpleType,,,
type,OMT,POCTypeUnion,simpleType,,,
type,OMT,dimensionValuePattern,simpleType,,,
type,OMT,variantRecordEnumeratorPattern,simpleType,,,
type,OMT,cardinalityPattern,simpleType,,,
type,DIF,objectModelType,complexType,,,
type,DIF,modelIdentificationType,complexType,,,
type,DIF,modelType,complexType,,,
type,DIF,securityClassificationType,complexType,,,
type,DIF,applicationDomainType,complexType,,,
type,DIF,keywordType,complexType,,,
type,DIF,pocType,complexType,,,
type,DIF,pocTypeType,complexType,,,
type,DIF,idReferenceType,complexType,,,
type,DIF,glyphType,complexType,,,true
type,DIF,serviceUtilizationType,complexType,,,
type,DIF,objectsType,complexType,,,
type,DIF,objectClassType,complexType,,,
type,DIF,attributeType,complexType,,,
type,DIF,updateType,complexType,,,
type,DIF,ownershipType,complexType,,,
type,DIF,interactionsType,complexType,,,
type,DIF,interactionClassType,complexType,,,
type,DIF,parameterType,complexType,,,
type,DIF,dimensionsType,complexType,,,
type,DIF,dimensionType,complexType,,,
type,DIF,timeType,complexType,,,
type,DIF,tagsType,complexType,,,
type,DIF,tagType,complexType,,,
type,DIF,synchronizationsType,complexType,,,
type,DIF,synchronizationPointType,complexType,,,
type,DIF,capabilityType,complexType,,,
type,DIF,transportationsType,complexType,,,
type,DIF,transportationType,complexType,,,
type,DIF,switchesType,complexType,,,
type,DIF,switchType,complexType,,,
type,DIF,resignSwitchType,complexType,,,
type,DIF,updateRatesType,complexType,,,
type,DIF,updateRateType,complexType,,,
type,DIF,RateType,complexType,,,
type,DIF,dataTypesType,complexType,,,
type,DIF,basicDataRepresentationsType,complexType,,,
type,DIF,basicDataType,complexType,,,
type,DIF,Size,complexType,,,
type,DIF,endianType,complexType,,,
type,DIF,simpleDataTypesType,complexType,,,
type,DIF,simpleDataType,complexType,,,
type,DIF,fixedRecordDataTypesType,complexType,,,
type,DIF,fixedRecordDataType,complexType,,,
type,DIF,fixedRecordEncodingType,complexType,,,
type,DIF,enumeratedDataTypesType,complexType,,,
type,DIF,enumeratedDataType,complexType,,,
type,DIF,variantRecordDataTypesType,complexType,,,
type,DIF,variantRecordDataType,complexType,,,
type,DIF,variantRecordEncodingType,complexType,,,
type,DIF,arrayDataTypesType,complexType,,,
type,DIF,arrayDatatypeEncodingType,complexType,,,
type,DIF,arrayDataType,complexType,,,
type,DIF,cardinalityType,complexType,,,
type,DIF,notesType,complexType,,,
type,DIF,IdentifierType,complexType,,,
type,DIF,ReferenceType,complexType,,,
type,DIF,String,complexType,,,
type,DIF,NonEmptyString,complexType,,,
type,DIF,sharingType,complexType,,,
type,DIF,orderType,complexType,,,
type,DIF,resignActionType,simpleType,,,
type,DIF,nonEmptyString,simpleType,,,
type,DIF,reliableEnumerations,simpleType,,,
type,DIF,sharingEnumerations,simpleType,,,
type,DIF,orderEnumerations,simpleType,,,
type,DIF,endianEnumerations,simpleType,,,
type,DIF,OMTypeEnumerations,simpleType,,,
type,DIF,capabilityEnumerations,simpleType,,,
type,DIF,updateEnumerations,simpleType,,,
type,DIF,ownershipEnumerations,simpleType,,,
type,DIF,glyphTypeEnumerations,simpleType,,,
type,DIF,SecurityClassificationEnumeration,simpleType,,,
type,DIF,ApplicationDomainEnumerations,simpleType,,,
type,DIF,fixedRecordEncodingEnumeration,simpleType,,,
type,DIF,variantRecordEncodingEnumerator,simpleType,,,
type,DIF,arrayDatatypeEncodingEnum,simpleType,,,
type,DIF,POCTypeEnumeration,simpleType,,,
type,DIF,OMTypeUnion,simpleType,,,
type,DIF,glyphTypeUnion,simpleType,,,
type,DIF,fixedRecordEncodingUnion,simpleType,,,
type,DIF,variantRecordEncodingUnion,simpleType,,,
type,DIF,arrayDatatypeEncodingUnion,simpleType,,,
type,DIF,SecurityClassificationUnion,simpleType,,,
type,DIF,ApplicationDomainUnion,simpleType,,,
type,DIF,POCTypeUnion,simpleType,,,
type,DIF,dimensionValuePattern,simpleType,,,
type,DIF,variantRecordEnumeratorPattern,simpleType,,,
type,DIF,cardinalityPattern,simpleType,,,
type,FDD,objectModelType,complexType,,,
type,FDD,modelIdentificationType,complexType,,,
type,FDD,modelType,complexType,,,
type,FDD,securityClassificationType,complexType,,,
type,FDD,applicationDomainType,complexType,,,
type,FDD,keywordType,complexType,,,
type,FDD,pocType,complexType,,,
type,FDD,pocTypeType,complexType,,,
type,FDD,idReferenceType,complexType,,,
type,FDD,glyphType,complexType,,,true
type,FDD,serviceUtilizationType,complexType,,,
type,FDD,objectsType,complexType,,,
type,FDD,objectClassType,complexType,,,
type,FDD,attributeType,complexType,,,
type,FDD,updateType,complexType,,,
type,FDD,ownershipType,complexType,,,
type,FDD,interactionsType,complexType,,,
type,FDD,interactionClassType,complexType,,,
type,FDD,parameterType,complexType,,,
type,FDD,dimensionsType,complexType,,,
type,FDD,dimensionType,complexType,,,
type,FDD,timeType,complexType,,,
type,FDD,tagsType,complexType,,,
type,FDD,tagType,complexType,,,
type,FDD,synchronizationsType,complexType,,,
type,FDD,synchronizationPointType,complexType,,,
type,FDD,capabilityType,complexType,,,
type,FDD,transportationsType,complexType,,,
type,FDD,transportationType,complexType,,,
type,FDD,switchesType,complexType,,,
type,FDD,switchType,complexType,,,
type,FDD,resignSwitchType,complexType,,,
type,FDD,updateRatesType,complexType,,,
type,FDD,updateRateType,complexType,,,
type,FDD,RateType,complexType,,,
type,FDD,dataTypesType,complexType,,,
type,FDD,basicDataRepresentationsType,complexType,,,
type,FDD,basicDataType,complexType,,,
type,FDD,Size,complexType,,,
type,FDD,endianType,complexType,,,
type,FDD,simpleDataTypesType,complexType,,,
type,FDD,simpleDataType,complexType,,,
type,FDD,fixedRecordDataTypesType,complexType,,,
type,FDD,fixedRecordDataType,complexType,,,
type,FDD,fixedRecordEncodingType,complexType,,,
type,FDD,enumeratedDataTypesType,complexType,,,
type,FDD,enumeratedDataType,complexType,,,
type,FDD,variantRecordDataTypesType,complexType,,,
type,FDD,variantRecordDataType,complexType,,,
type,FDD,variantRecordEncodingType,complexType,,,
type,FDD,arrayDataTypesType,complexType,,,
type,FDD,arrayDataType,complexType,,,
type,FDD,cardinalityType,complexType,,,
type,FDD,arrayDatatypeEncodingType,complexType,,,
type,FDD,notesType,complexType,,,
type,FDD,IdentifierType,complexType,,,
type,FDD,ReferenceType,complexType,,,
type,FDD,String,complexType,,,
type,FDD,NonEmptyString,complexType,,,
type,FDD,sharingType,complexType,,,
type,FDD,orderType,complexType,,,
type,FDD,resignActionType,simpleType,,,
type,FDD,nonEmptyString,simpleType,,,
type,FDD,reliableEnumerations,simpleType,,,
type,FDD,sharingEnumerations,simpleType,,,
type,FDD,orderEnumerations,simpleType,,,
type,FDD,endianEnumerations,simpleType,,,
type,FDD,OMTypeEnumerations,simpleType,,,
type,FDD,capabilityEnumerations,simpleType,,,
type,FDD,updateEnumerations,simpleType,,,
type,FDD,ownershipEnumerations,simpleType,,,
type,FDD,glyphTypeEnumerations,simpleType,,,
type,FDD,SecurityClassificationEnumeration,simpleType,,,
type,FDD,ApplicationDomainEnumerations,simpleType,,,
type,FDD,fixedRecordEncodingEnumeration,simpleType,,,
type,FDD,variantRecordEncodingEnumerator,simpleType,,,
type,FDD,arrayDatatypeEncodingEnum,simpleType,,,
type,FDD,POCTypeEnumeration,simpleType,,,
type,FDD,OMTypeUnion,simpleType,,,
type,FDD,glyphTypeUnion,simpleType,,,
type,FDD,fixedRecordEncodingUnion,simpleType,,,
type,FDD,variantRecordEncodingUnion,simpleType,,,
type,FDD,arrayDatatypeEncodingUnion,simpleType,,,
type,FDD,SecurityClassificationUnion,simpleType,,,
type,FDD,ApplicationDomainUnion,simpleType,,,
type,FDD,POCTypeUnion,simpleType,,,
type,FDD,dimensionValuePattern,simpleType,,,
type,FDD,variantRecordEnumeratorPattern,simpleType,,,
type,FDD,cardinalityPattern,simpleType,,,
