packet_requirement_id,curated_requirement_id,standard,clause,feature,reconciliation_kind,requirement_text,packet_verification_method,current_test_id,current_status,implementation_area,source_packet_file,notes
HLA1516.2-OMT-OMT_SCOPE-001,HLA1516.2-OMT-001;HLA1516.2-OMT-002,IEEE 1516.2-2010,1.1,OMT-SCOPE,OMT_CLAUSE_DETAIL,"The OMT implementation shall define the scope of supported FOM, SOM, and MIM object-model documentation and interchange.",parser/unit/static validation tests,tests/factories/test_fom_omt_parsing.py::test_1516_2_hierarchy_doc_declares_omt_lexicon_and_conformance_boundary,mapped,omt.scope,hla_1516_requirements_master_v1_0.csv,This imported OMT scope row is now directly backed by the repo's explicit OMT scope documentation and its verifier.
HLA1516.2-OMT-OMT_PURPOSE-002,HLA1516.2-OMT-001;HLA1516.2-OMT-002,IEEE 1516.2-2010,1.2,OMT-PURPOSE,OMT_CLAUSE_DETAIL,"The OMT implementation shall support interoperable object-model documentation sufficient for federates and RTIs to agree on shared classes, attributes, interactions, parameters, datatypes, dimensions, and metadata.",parser/unit/static validation tests,tests/factories/test_fom_omt_parsing.py::test_1516_2_hierarchy_doc_declares_omt_lexicon_and_conformance_boundary,mapped,omt.model,hla_1516_requirements_master_v1_0.csv,This imported OMT purpose row is now directly backed by the repo's explicit OMT purpose documentation and its verifier.
HLA1516.2-OMT-OMT_BACKGROUND-003,HLA1516.2-OMT-001;HLA1516.2-OMT-002,IEEE 1516.2-2010,1.3,OMT-BACKGROUND,OMT_CLAUSE_DETAIL,Project documentation shall trace object-model implementation decisions to the OMT's background and intended integration with the HLA product set.,parser/unit/static validation tests,tests/factories/test_fom_omt_parsing.py::test_1516_2_hierarchy_doc_declares_omt_lexicon_and_conformance_boundary,mapped,docs/omt,hla_1516_requirements_master_v1_0.csv,This imported OMT background row is now directly backed by the repo's explicit OMT background and integration documentation and its verifier.
HLA1516.2-COMPONENTS-001,HLA1516.2-OMT-4.0-001;HLA1516.2-OMT-4.0-002;HLA1516.2-OMT-4.0-003,IEEE 1516.2-2010,4,OMT-COMPONENTS,seed,Parser shall recognize the standard OMT component tables used by HLA object models.,parser/validator unit test + round-trip test,tests/factories/test_fom_omt_parsing.py::test_parse_fom_xml_recognizes_standard_omt_component_tables_across_fom_som_and_mim;tests/factories/test_fom_omt_parsing.py::test_parse_fom_xml_distinguishes_required_optional_and_conditionally_required_omt_entries,mapped,omt.parser,hla_1516_requirements_master_v1_0.csv,This imported OMT components overview row is directly covered by the current parser-recognition and required/optional-entry witnesses.
HLA1516.2-IDENTITY-002,HLA1516.2-ID-001;HLA1516.2-OMID-4.1-001;HLA1516.2-OMID-4.1-002;HLA1516.2-OMID-4.1-003;HLA1516.2-OMID-4.1-004,IEEE 1516.2-2010,4.1,OMT-IDENTITY,seed,Parser shall extract and preserve object-model identification metadata.,parser/validator unit test + round-trip test,tests/factories/test_fom_omt_parsing.py::test_parse_fom_xml_requires_and_preserves_model_identification_metadata;tests/factories/test_fom_omt_parsing.py::test_parse_fom_xml_extracts_identification_names_and_reference_datatypes;tests/factories/test_fom_omt_parsing.py::test_parse_fom_xml_distinguishes_fom_som_and_mim_types_and_preserves_notes;tests/factories/test_fom_omt_parsing.py::test_serialize_fom_module_emits_schema_valid_xml_and_preserves_identification,mapped,omt.identity,hla_1516_requirements_master_v1_0.csv,This imported OMT seed row is directly covered by the current model-identification parser and serializer witnesses.
HLA1516.2-OMT-OMT_MODEL_ID-004,HLA1516.2-OMID-4.1-001;HLA1516.2-OMID-4.1-002;HLA1516.2-OMID-4.1-003;HLA1516.2-OMID-4.1-004,IEEE 1516.2-2010,4.1,OMT-MODEL-ID,OMT_CLAUSE_DETAIL,"The parser shall capture and preserve object model identification metadata including model name, type, version, purpose, sponsor, modification date, and related descriptive fields when present.",parser/unit/static validation tests,tests/factories/test_fom_omt_parsing.py::test_parse_fom_xml_requires_and_preserves_model_identification_metadata;tests/factories/test_fom_omt_parsing.py::test_parse_fom_xml_extracts_identification_names_and_reference_datatypes;tests/factories/test_fom_omt_parsing.py::test_parse_fom_xml_distinguishes_fom_som_and_mim_types_and_preserves_notes;tests/factories/test_fom_omt_parsing.py::test_serialize_fom_module_emits_schema_valid_xml_and_preserves_identification,mapped,omt/model_identification,hla_1516_requirements_master_v1_0.csv,"Current repo-native 1516.2 parser, merge, MIM, or schema tests directly cover this clause-level packet slice through curated OMT rows."
HLA1516.2-TYPE-003,HLA1516.2-ID-001;HLA1516.2-OMID-4.1-003,IEEE 1516.2-2010,4.1,OMT-TYPE,seed,"Validator shall distinguish FOM, SOM, FOM module, SOM module, and MIM-style model roles where applicable.",parser/validator unit test + round-trip test,tests/factories/test_fom_omt_parsing.py::test_parse_fom_xml_distinguishes_fom_som_and_mim_types_and_preserves_notes,mapped,omt.identity,hla_1516_requirements_master_v1_0.csv,This imported OMT seed row is directly covered by the current object-model type parser witness.
HLA1516.2-OBJECT-CLASSES-004,HLA1516.2-OC-001;HLA1516.2-OC-4.2-001;HLA1516.2-OCS-4.2-001;HLA1516.2-OCS-4.2-002;HLA1516.2-OCS-4.2-003;HLA1516.2-OCS-4.2-004;HLA1516.2-OCS-4.2-005,IEEE 1516.2-2010,4.2,OMT-OBJECT-CLASSES,seed,Parser shall preserve the object class hierarchy rooted at ObjectRoot.,parser/validator unit test + round-trip test,tests/factories/test_fom_omt_parsing.py::test_python_rti_resolves_fom_path_and_uses_requested_time_factory;tests/factories/test_fom_omt_parsing.py::test_parse_fom_xml_rejects_multiple_top_level_object_classes;tests/factories/test_fom_omt_parsing.py::test_generate_fom_overview_writes_merged_target_radar_summary;tests/factories/test_fom_omt_parsing.py::test_parse_fom_xml_rejects_duplicate_object_class_names_in_same_hierarchy,mapped,omt.object_classes,hla_1516_requirements_master_v1_0.csv,This imported OMT seed row is directly covered by the current object-class hierarchy parser witnesses.
HLA1516.2-OBJECT-CLASSES-005,HLA1516.2-OC-001;HLA1516.2-OC-4.2-002;HLA1516.2-OCS-4.2-001;HLA1516.2-OCS-4.2-002;HLA1516.2-OCS-4.2-003;HLA1516.2-OCS-4.2-004;HLA1516.2-OCS-4.2-005,IEEE 1516.2-2010,4.2,OMT-OBJECT-CLASSES,seed,Validator shall reject invalid object-class inheritance or duplicate class definitions.,parser/validator unit test + round-trip test,tests/factories/test_fom_omt_parsing.py::test_python_rti_resolves_fom_path_and_uses_requested_time_factory;tests/factories/test_fom_omt_parsing.py::test_parse_fom_xml_rejects_multiple_top_level_object_classes;tests/factories/test_fom_omt_parsing.py::test_generate_fom_overview_writes_merged_target_radar_summary;tests/factories/test_fom_omt_parsing.py::test_parse_fom_xml_rejects_duplicate_object_class_names_in_same_hierarchy,mapped,omt.object_classes,hla_1516_requirements_master_v1_0.csv,This imported OMT seed row is directly covered by the current object-class hierarchy parser witnesses.
HLA1516.2-OMT-OMT_OBJECT_CLASS_STRUCTURE-005,HLA1516.2-OC-4.2-001;HLA1516.2-OC-4.2-002;HLA1516.2-OCS-4.2-001;HLA1516.2-OCS-4.2-002;HLA1516.2-OCS-4.2-003;HLA1516.2-OCS-4.2-004;HLA1516.2-OCS-4.2-005,IEEE 1516.2-2010,4.2,OMT-OBJECT-CLASS-STRUCTURE,OMT_CLAUSE_DETAIL,"The parser and validator shall represent the ObjectRoot object-class hierarchy, preserve parent/child relationships, enforce single inheritance, and support inherited attributes.",parser/unit/static validation tests,tests/factories/test_fom_omt_parsing.py::test_python_rti_resolves_fom_path_and_uses_requested_time_factory;tests/factories/test_fom_omt_parsing.py::test_parse_fom_xml_rejects_multiple_top_level_object_classes;tests/factories/test_fom_omt_parsing.py::test_generate_fom_overview_writes_merged_target_radar_summary;tests/factories/test_fom_omt_parsing.py::test_parse_fom_xml_rejects_duplicate_object_class_names_in_same_hierarchy,mapped,omt/classes,hla_1516_requirements_master_v1_0.csv,"Current repo-native 1516.2 parser, merge, MIM, or schema tests directly cover this clause-level packet slice through curated OMT rows."
HLA1516.2-INTERACTION-CLASSES-006,HLA1516.2-IC-001;HLA1516.2-IC-4.3-001;HLA1516.2-ICS-4.3-001;HLA1516.2-ICS-4.3-002;HLA1516.2-ICS-4.3-003;HLA1516.2-ICS-4.3-004;HLA1516.2-ICS-4.3-005,IEEE 1516.2-2010,4.3,OMT-INTERACTION-CLASSES,seed,Parser shall preserve the interaction class hierarchy rooted at InteractionRoot.,parser/validator unit test + round-trip test,tests/factories/test_fom_omt_parsing.py::test_python_rti_resolves_fom_path_and_uses_requested_time_factory;tests/factories/test_fom_omt_parsing.py::test_parse_fom_xml_rejects_multiple_top_level_interaction_classes;tests/factories/test_fom_omt_parsing.py::test_generate_fom_overview_writes_merged_target_radar_summary;tests/factories/test_fom_omt_parsing.py::test_parse_fom_xml_rejects_duplicate_interaction_class_names_in_same_hierarchy,mapped,omt.interaction_classes,hla_1516_requirements_master_v1_0.csv,This imported OMT seed row is directly covered by the current interaction-class hierarchy parser witnesses.
HLA1516.2-INTERACTION-CLASSES-007,HLA1516.2-IC-001;HLA1516.2-IC-4.3-002;HLA1516.2-ICS-4.3-001;HLA1516.2-ICS-4.3-002;HLA1516.2-ICS-4.3-003;HLA1516.2-ICS-4.3-004;HLA1516.2-ICS-4.3-005,IEEE 1516.2-2010,4.3,OMT-INTERACTION-CLASSES,seed,Validator shall reject invalid interaction-class inheritance or duplicate class definitions.,parser/validator unit test + round-trip test,tests/factories/test_fom_omt_parsing.py::test_python_rti_resolves_fom_path_and_uses_requested_time_factory;tests/factories/test_fom_omt_parsing.py::test_parse_fom_xml_rejects_multiple_top_level_interaction_classes;tests/factories/test_fom_omt_parsing.py::test_generate_fom_overview_writes_merged_target_radar_summary;tests/factories/test_fom_omt_parsing.py::test_parse_fom_xml_rejects_duplicate_interaction_class_names_in_same_hierarchy,mapped,omt.interaction_classes,hla_1516_requirements_master_v1_0.csv,This imported OMT seed row is directly covered by the current interaction-class hierarchy parser witnesses.
HLA1516.2-OMT-OMT_INTERACTION_CLASS_STRUCTURE-006,HLA1516.2-IC-4.3-001;HLA1516.2-IC-4.3-002;HLA1516.2-ICS-4.3-001;HLA1516.2-ICS-4.3-002;HLA1516.2-ICS-4.3-003;HLA1516.2-ICS-4.3-004;HLA1516.2-ICS-4.3-005,IEEE 1516.2-2010,4.3,OMT-INTERACTION-CLASS-STRUCTURE,OMT_CLAUSE_DETAIL,"The parser and validator shall represent the InteractionRoot interaction-class hierarchy, preserve parent/child relationships, enforce single inheritance, and support inherited parameters.",parser/unit/static validation tests,tests/factories/test_fom_omt_parsing.py::test_python_rti_resolves_fom_path_and_uses_requested_time_factory;tests/factories/test_fom_omt_parsing.py::test_parse_fom_xml_rejects_multiple_top_level_interaction_classes;tests/factories/test_fom_omt_parsing.py::test_generate_fom_overview_writes_merged_target_radar_summary;tests/factories/test_fom_omt_parsing.py::test_parse_fom_xml_rejects_duplicate_interaction_class_names_in_same_hierarchy,mapped,omt/interactions,hla_1516_requirements_master_v1_0.csv,"Current repo-native 1516.2 parser, merge, MIM, or schema tests directly cover this clause-level packet slice through curated OMT rows."
HLA1516.2-ATTRIBUTES-008,HLA1516.2-ATTR-001;HLA1516.2-ATTR-4.4-001,IEEE 1516.2-2010,4.4,OMT-ATTRIBUTES,seed,"Parser shall preserve class-attribute metadata including datatype, update, transportation, order, dimension, sharing, and semantics fields.",parser/validator unit test + round-trip test,tests/factories/test_fom_omt_parsing.py::test_python_rti_resolves_fom_path_and_uses_requested_time_factory,mapped,omt.attributes,hla_1516_requirements_master_v1_0.csv,This imported OMT seed row is directly covered by the current attribute binding parser witness.
HLA1516.2-ATTRIBUTES-009,HLA1516.2-ATTR-001;HLA1516.2-ATTR-4.4-001,IEEE 1516.2-2010,4.4,OMT-ATTRIBUTES,seed,"Validator shall ensure attributes reference valid classes, datatypes, transportation types, order types, dimensions, and update rates.",parser/validator unit test + round-trip test,tests/factories/test_fom_omt_parsing.py::test_python_rti_resolves_fom_path_and_uses_requested_time_factory,mapped,omt.attributes,hla_1516_requirements_master_v1_0.csv,This imported OMT seed row is directly covered by the current attribute binding parser witness.
HLA1516.2-OMT-OMT_ATTRIBUTE_TABLE-007,HLA1516.2-ATTR-4.4-001,IEEE 1516.2-2010,4.4,OMT-ATTRIBUTE-TABLE,OMT_CLAUSE_DETAIL,"The parser and validator shall capture object-class attributes and validate attribute references to object classes, datatypes, transportation types, order types, dimensions, update rates, and sharing/ownership metadata.",parser/unit/static validation tests,tests/factories/test_fom_omt_parsing.py::test_python_rti_resolves_fom_path_and_uses_requested_time_factory,mapped,omt/attributes,hla_1516_requirements_master_v1_0.csv,"Current repo-native 1516.2 parser, merge, MIM, or schema tests directly cover this clause-level packet slice through curated OMT rows."
HLA1516.2-OMT-OMT_PARAMETER_TABLE-008,HLA1516.2-PARAM-4.5-001,IEEE 1516.2-2010,4.5,OMT-PARAMETER-TABLE,OMT_CLAUSE_DETAIL,The parser and validator shall capture interaction parameters and validate parameter references to interaction classes and datatypes.,parser/unit/static validation tests,tests/factories/test_fom_omt_parsing.py::test_python_rti_resolves_fom_path_and_uses_requested_time_factory,mapped,omt/parameters,hla_1516_requirements_master_v1_0.csv,"Current repo-native 1516.2 parser, merge, MIM, or schema tests directly cover this clause-level packet slice through curated OMT rows."
HLA1516.2-PARAMETERS-010,HLA1516.2-PARAM-001;HLA1516.2-PARAM-4.5-001,IEEE 1516.2-2010,4.5,OMT-PARAMETERS,seed,Parser shall preserve interaction-parameter metadata including datatype and semantics fields.,parser/validator unit test + round-trip test,tests/factories/test_fom_omt_parsing.py::test_python_rti_resolves_fom_path_and_uses_requested_time_factory,mapped,omt.parameters,hla_1516_requirements_master_v1_0.csv,This imported OMT seed row is directly covered by the current parameter binding parser witness.
HLA1516.2-PARAMETERS-011,HLA1516.2-PARAM-001;HLA1516.2-PARAM-4.5-001,IEEE 1516.2-2010,4.5,OMT-PARAMETERS,seed,Validator shall ensure parameters reference valid interaction classes and datatypes.,parser/validator unit test + round-trip test,tests/factories/test_fom_omt_parsing.py::test_python_rti_resolves_fom_path_and_uses_requested_time_factory,mapped,omt.parameters,hla_1516_requirements_master_v1_0.csv,This imported OMT seed row is directly covered by the current parameter binding parser witness.
HLA1516.2-DIMENSIONS-012,HLA1516.2-DIM-001;HLA1516.2-DIM-4.6-001;HLA1516.2-DIM-4.6-002,IEEE 1516.2-2010,4.6,OMT-DIMENSIONS,seed,Parser shall preserve dimension metadata used for DDM routing.,parser/validator unit test + round-trip test,tests/factories/test_fom_omt_parsing.py::test_python_rti_resolves_fom_path_and_uses_requested_time_factory;tests/factories/test_fom_omt_parsing.py::test_parse_fom_xml_rejects_duplicate_dimension_names,mapped,omt.dimensions,hla_1516_requirements_master_v1_0.csv,This imported OMT seed row is directly covered by the current dimension parser witnesses.
HLA1516.2-DIMENSIONS-013,HLA1516.2-DIM-001;HLA1516.2-DIM-4.6-001;HLA1516.2-DIM-4.6-002,IEEE 1516.2-2010,4.6,OMT-DIMENSIONS,seed,Validator shall ensure attributes and interaction classes reference only defined dimensions.,parser/validator unit test + round-trip test,tests/factories/test_fom_omt_parsing.py::test_python_rti_resolves_fom_path_and_uses_requested_time_factory;tests/factories/test_fom_omt_parsing.py::test_parse_fom_xml_rejects_duplicate_dimension_names,mapped,omt.dimensions,hla_1516_requirements_master_v1_0.csv,This imported OMT seed row is directly covered by the current dimension parser witnesses.
HLA1516.2-OMT-OMT_DIMENSION_TABLE-009,HLA1516.2-DIM-4.6-001;HLA1516.2-DIM-4.6-002,IEEE 1516.2-2010,4.6,OMT-DIMENSION-TABLE,OMT_CLAUSE_DETAIL,"The parser and validator shall capture DDM dimensions, upper bounds, normalization functions, datatypes, and semantics, and shall reject undefined dimension references.",parser/unit/static validation tests,tests/factories/test_fom_omt_parsing.py::test_python_rti_resolves_fom_path_and_uses_requested_time_factory;tests/factories/test_fom_omt_parsing.py::test_parse_fom_xml_rejects_duplicate_dimension_names,mapped,omt/dimensions,hla_1516_requirements_master_v1_0.csv,"Current repo-native 1516.2 parser, merge, MIM, or schema tests directly cover this clause-level packet slice through curated OMT rows."
HLA1516.2-OMT-OMT_TIME_REPRESENTATION-010,HLA1516.2-DT-4.7-001;HLA1516.2-TIME-4.7-001;HLA1516.2-TIME-4.7-002;HLA1516.2-TIME-4.7-003,IEEE 1516.2-2010,4.7,OMT-TIME-REPRESENTATION,OMT_CLAUSE_DETAIL,The parser shall capture logical-time representation metadata and expose it to RTI time-factory selection logic.,parser/unit/static validation tests,tests/factories/test_fom_omt_parsing.py::test_python_rti_resolves_fom_path_and_uses_requested_time_factory;tests/factories/test_fom_omt_parsing.py::test_parse_fom_xml_extracts_identification_names_and_reference_datatypes,mapped,omt/time,hla_1516_requirements_master_v1_0.csv,"Current repo-native 1516.2 parser, merge, MIM, or schema tests directly cover this clause-level packet slice through curated OMT rows."
HLA1516.2-TIME-014,HLA1516.2-DT-001;HLA1516.2-DT-4.7-001;HLA1516.2-TIME-4.7-001;HLA1516.2-TIME-4.7-002;HLA1516.2-TIME-4.7-003,IEEE 1516.2-2010,4.7,OMT-TIME,seed,Parser shall preserve logical-time representation metadata.,parser/validator unit test + round-trip test,tests/factories/test_fom_omt_parsing.py::test_python_rti_resolves_fom_path_and_uses_requested_time_factory;tests/factories/test_fom_omt_parsing.py::test_parse_fom_xml_extracts_identification_names_and_reference_datatypes,mapped,omt.time_representation,hla_1516_requirements_master_v1_0.csv,This imported OMT seed row is directly covered by the current time-representation parser and time-factory witnesses.
HLA1516.2-OMT-OMT_USER_TAG-011,HLA1516.2-TAG-4.8-001;HLA1516.2-TAG-4.8-002;HLA1516.2-TAG-4.8-003,IEEE 1516.2-2010,4.8,OMT-USER-TAG,OMT_CLAUSE_DETAIL,The parser shall capture the user-supplied tag representation and expose it to services that carry user-supplied tags.,parser/unit/static validation tests,tests/factories/test_fom_omt_parsing.py::test_parse_fom_xml_extracts_tag_table_and_merge_summary;tests/factories/test_fom_omt_parsing.py::test_python_backend_validates_declared_user_tag_encoding_for_updates_and_interactions,mapped,omt/tags,hla_1516_requirements_master_v1_0.csv,"Current repo-native 1516.2 parser, merge, MIM, or schema tests directly cover this clause-level packet slice through curated OMT rows."
HLA1516.2-TAGS-015,HLA1516.2-TAG-4.8-001;HLA1516.2-TAG-4.8-002;HLA1516.2-TAG-4.8-003,IEEE 1516.2-2010,4.8,OMT-TAGS,seed,Parser shall preserve user-supplied tag representation metadata.,parser/validator unit test + round-trip test,tests/factories/test_fom_omt_parsing.py::test_parse_fom_xml_extracts_tag_table_and_merge_summary;tests/backends/test_python_backend_validates_declared_user_tag_encoding_for_updates_and_interactions,mapped,omt.tags,hla_1516_requirements_master_v1_0.csv,This imported OMT seed row is directly covered by the current tag parser and runtime encoding witnesses.
HLA1516.2-OMT-OMT_SYNCHRONIZATION-012,HLA1516.2-SYNC-4.9-001;HLA1516.2-SYNC-4.9-002;HLA1516.2-SYNC-4.9-003;HLA1516.2-SYNC-4.9-004;HLA1516.2-SYNC-4.9-005,IEEE 1516.2-2010,4.9,OMT-SYNCHRONIZATION,OMT_CLAUSE_DETAIL,The parser shall capture synchronization point declarations and validate unique synchronization point names.,parser/unit/static validation tests,tests/factories/test_fom_omt_parsing.py::test_parse_fom_xml_extracts_synchronization_table_and_merge_summary;tests/factories/test_fom_omt_parsing.py::test_parse_fom_xml_rejects_duplicate_synchronization_point_labels;tests/factories/test_fom_omt_parsing.py::test_serialize_fom_module_preserves_metadata_subset_across_round_trip,mapped,omt/synchronization,hla_1516_requirements_master_v1_0.csv,"Current repo-native 1516.2 parser, merge, MIM, or schema tests directly cover this clause-level packet slice through curated OMT rows."
HLA1516.2-SYNC-016,HLA1516.2-SYNC-001;HLA1516.2-SYNC-4.9-001;HLA1516.2-SYNC-4.9-002;HLA1516.2-SYNC-4.9-003;HLA1516.2-SYNC-4.9-004;HLA1516.2-SYNC-4.9-005,IEEE 1516.2-2010,4.9,OMT-SYNC,seed,Parser shall preserve synchronization point declarations.,parser/validator unit test + round-trip test,tests/factories/test_fom_omt_parsing.py::test_parse_fom_xml_extracts_synchronization_table_and_merge_summary;tests/factories/test_fom_omt_parsing.py::test_parse_fom_xml_rejects_duplicate_synchronization_point_labels;tests/factories/test_fom_omt_parsing.py::test_serialize_fom_module_preserves_metadata_subset_across_round_trip,mapped,omt.synchronization,hla_1516_requirements_master_v1_0.csv,This imported OMT seed row is directly covered by the current synchronization parser witnesses.
HLA1516.2-OMT-OMT_TRANSPORTATION-013,HLA1516.2-TRANS-4.10-001;HLA1516.2-TRANS-4.10-002;HLA1516.2-TRANS-4.10-003;HLA1516.2-TRANS-4.10-004;HLA1516.2-TRANS-4.10-005;HLA1516.2-TRANS-4.10-006,IEEE 1516.2-2010,4.10,OMT-TRANSPORTATION,OMT_CLAUSE_DETAIL,The parser shall capture transportation type definitions and validate all attribute and interaction transportation references.,parser/unit/static validation tests,tests/factories/test_fom_omt_parsing.py::test_parse_fom_xml_extracts_transportation_update_rate_and_datatype_tables;tests/factories/test_fom_omt_parsing.py::test_parse_fom_xml_rejects_duplicate_transportation_names;tests/factories/test_fom_omt_parsing.py::test_support_lookups_round_trip_class_handle_and_name;tests/factories/test_fom_omt_parsing.py::test_parse_fom_xml_rejects_undefined_attribute_transportation_reference;tests/factories/test_fom_omt_parsing.py::test_parse_fom_xml_rejects_undefined_interaction_transportation_reference,mapped,omt/transportation,hla_1516_requirements_master_v1_0.csv,"Current repo-native 1516.2 parser, merge, MIM, or schema tests directly cover this clause-level packet slice through curated OMT rows."
HLA1516.2-TRANSPORTATION-017,HLA1516.2-TRANS-001;HLA1516.2-TRANS-4.10-001;HLA1516.2-TRANS-4.10-002;HLA1516.2-TRANS-4.10-003;HLA1516.2-TRANS-4.10-004;HLA1516.2-TRANS-4.10-005;HLA1516.2-TRANS-4.10-006,IEEE 1516.2-2010,4.10,OMT-TRANSPORTATION,seed,Parser shall preserve transportation type definitions.,parser/validator unit test + round-trip test,tests/factories/test_fom_omt_parsing.py::test_parse_fom_xml_extracts_transportation_update_rate_and_datatype_tables;tests/factories/test_fom_omt_parsing.py::test_parse_fom_xml_rejects_duplicate_transportation_names;tests/factories/test_fom_omt_parsing.py::test_parse_fom_xml_rejects_undefined_attribute_transportation_reference;tests/factories/test_fom_omt_parsing.py::test_parse_fom_xml_rejects_undefined_interaction_transportation_reference,mapped,omt.transportation,hla_1516_requirements_master_v1_0.csv,This imported OMT seed row is directly covered by the current transportation parser witnesses.
HLA1516.2-OMT-OMT_UPDATE_RATE-014,HLA1516.2-URATE-4.11-001;HLA1516.2-URATE-4.11-002;HLA1516.2-URATE-4.11-003;HLA1516.2-URATE-4.11-004;HLA1516.2-URATE-4.11-005,IEEE 1516.2-2010,4.11,OMT-UPDATE-RATE,OMT_CLAUSE_DETAIL,The parser shall capture update-rate designators and validate all attribute update-rate references.,parser/unit/static validation tests,tests/factories/test_fom_omt_parsing.py::test_parse_fom_xml_extracts_transportation_update_rate_and_datatype_tables;tests/factories/test_fom_omt_parsing.py::test_parse_fom_xml_rejects_duplicate_update_rate_names;tests/factories/test_fom_omt_parsing.py::test_support_update_rate_lookup_for_attribute_reflects_subscribed_rate;tests/factories/test_fom_omt_parsing.py::test_parse_fom_xml_rejects_undefined_update_rate_reference,mapped,omt/update_rates,hla_1516_requirements_master_v1_0.csv,"Current repo-native 1516.2 parser, merge, MIM, or schema tests directly cover this clause-level packet slice through curated OMT rows."
HLA1516.2-UPDATE-RATE-018,HLA1516.2-URATE-001;HLA1516.2-URATE-4.11-001;HLA1516.2-URATE-4.11-002;HLA1516.2-URATE-4.11-003;HLA1516.2-URATE-4.11-004;HLA1516.2-URATE-4.11-005,IEEE 1516.2-2010,4.11,OMT-UPDATE-RATE,seed,Parser shall preserve update-rate designator definitions.,parser/validator unit test + round-trip test,tests/factories/test_fom_omt_parsing.py::test_parse_fom_xml_extracts_transportation_update_rate_and_datatype_tables;tests/factories/test_fom_omt_parsing.py::test_parse_fom_xml_rejects_duplicate_update_rate_names;tests/factories/test_fom_omt_parsing.py::test_parse_fom_xml_rejects_undefined_update_rate_reference;tests/backends/test_python_backend_support_services.py::test_support_update_rate_lookup_for_attribute_reflects_subscribed_rate,mapped,omt.update_rates,hla_1516_requirements_master_v1_0.csv,This imported OMT seed row is directly covered by the current update-rate parser and runtime lookup witnesses.
HLA1516.2-OMT-OMT_SWITCHES-015,HLA1516.2-SWITCH-4.12-001;HLA1516.2-SWITCH-4.12-002;HLA1516.2-SWITCH-4.12-003,IEEE 1516.2-2010,4.12,OMT-SWITCHES,OMT_CLAUSE_DETAIL,The parser shall capture switch metadata and expose switches to declaration and support-service advisory behavior.,parser/unit/static validation tests,tests/factories/test_fom_omt_parsing.py::test_parse_fom_xml_extracts_switch_table_settings_and_merge_summary;tests/factories/test_fom_omt_parsing.py::test_parse_fom_xml_rejects_unknown_switch_definition,mapped,omt/switches,hla_1516_requirements_master_v1_0.csv,"Current repo-native 1516.2 parser, merge, MIM, or schema tests directly cover this clause-level packet slice through curated OMT rows."
HLA1516.2-SWITCHES-019,HLA1516.2-SWITCH-001;HLA1516.2-SWITCH-4.12-001;HLA1516.2-SWITCH-4.12-002;HLA1516.2-SWITCH-4.12-003,IEEE 1516.2-2010,4.12,OMT-SWITCHES,seed,Parser shall preserve switch declarations.,parser/validator unit test + round-trip test,tests/factories/test_fom_omt_parsing.py::test_parse_fom_xml_extracts_switch_table_settings_and_merge_summary;tests/factories/test_fom_omt_parsing.py::test_parse_fom_xml_rejects_unknown_switch_definition,mapped,omt.switches,hla_1516_requirements_master_v1_0.csv,This imported OMT seed row is directly covered by the current switch parser witnesses.
HLA1516.2-DATATYPES-ARRAY-023,HLA1516.2-DT-002;HLA1516.2-DT-4.13-030;HLA1516.2-DT-4.13-031;HLA1516.2-DT-4.13-032;HLA1516.2-DT-4.13-033;HLA1516.2-DT-4.13-034,IEEE 1516.2-2010,4.13,OMT-DATATYPES-ARRAY,seed,Parser shall preserve fixed and variable array datatype definitions.,parser/validator unit test + round-trip test,tests/factories/test_fom_omt_parsing.py::test_parse_standard_mim_xml_extracts_structured_datatype_definitions;tests/factories/test_fom_omt_parsing.py::test_parse_fom_xml_rejects_unresolved_array_and_fixed_record_datatype_references;tests/factories/test_fom_omt_parsing.py::test_parse_fom_xml_rejects_invalid_fixed_array_cardinality,mapped,omt.datatypes.arrays,hla_1516_requirements_master_v1_0.csv,This imported OMT datatype seed row is directly covered by the current array-datatype parser witnesses.
HLA1516.2-DATATYPES-BASIC-020,HLA1516.2-DT-002;HLA1516.2-DT-4.13-001;HLA1516.2-DT-4.13-002;HLA1516.2-DT-4.13-003;HLA1516.2-DT-4.13-004;HLA1516.2-DT-4.13-005;HLA1516.2-DT-4.13-006,IEEE 1516.2-2010,4.13,OMT-DATATYPES-BASIC,seed,Parser shall preserve basic datatype definitions.,parser/validator unit test + round-trip test,tests/factories/test_fom_omt_parsing.py::test_parse_fom_xml_extracts_transportation_update_rate_and_datatype_tables;tests/factories/test_fom_omt_parsing.py::test_parse_standard_mim_xml_extracts_structured_datatype_definitions;tests/factories/test_fom_omt_parsing.py::test_parse_fom_xml_rejects_duplicate_datatype_names,mapped,omt.datatypes.basic,hla_1516_requirements_master_v1_0.csv,This imported OMT datatype seed row is directly covered by the current basic-datatype parser witnesses.
HLA1516.2-DATATYPES-ENUM-022,HLA1516.2-DT-002;HLA1516.2-DT-4.13-020;HLA1516.2-DT-4.13-021;HLA1516.2-DT-4.13-022;HLA1516.2-DT-4.13-023;HLA1516.2-DT-4.13-024,IEEE 1516.2-2010,4.13,OMT-DATATYPES-ENUM,seed,Parser shall preserve enumerated datatypes and their enumerator values.,parser/validator unit test + round-trip test,tests/factories/test_fom_omt_parsing.py::test_parse_standard_mim_xml_extracts_structured_datatype_definitions;tests/factories/test_fom_omt_parsing.py::test_parse_fom_xml_rejects_duplicate_enumerated_datatype_names;tests/factories/test_fom_omt_parsing.py::test_parse_fom_xml_rejects_duplicate_enumeration_values,mapped,omt.datatypes.enumerated,hla_1516_requirements_master_v1_0.csv,This imported OMT datatype seed row is directly covered by the current enumerated-datatype parser witnesses.
HLA1516.2-DATATYPES-FIXED-RECORD-024,HLA1516.2-DT-002;HLA1516.2-DT-4.13-040;HLA1516.2-DT-4.13-041;HLA1516.2-DT-4.13-042;HLA1516.2-DT-4.13-043;HLA1516.2-DT-4.13-044,IEEE 1516.2-2010,4.13,OMT-DATATYPES-FIXED-RECORD,seed,Parser shall preserve fixed record datatype field ordering and field datatype references.,parser/validator unit test + round-trip test,tests/factories/test_fom_omt_parsing.py::test_parse_standard_mim_xml_extracts_structured_datatype_definitions;tests/factories/test_fom_omt_parsing.py::test_parse_fom_xml_rejects_unresolved_array_and_fixed_record_datatype_references,mapped,omt.datatypes.fixed_records,hla_1516_requirements_master_v1_0.csv,This imported OMT datatype seed row is directly covered by the current fixed-record parser witnesses.
HLA1516.2-DATATYPES-SIMPLE-021,HLA1516.2-DT-002;HLA1516.2-DT-4.13-010;HLA1516.2-DT-4.13-011;HLA1516.2-DT-4.13-012,IEEE 1516.2-2010,4.13,OMT-DATATYPES-SIMPLE,seed,Parser shall preserve simple datatype aliases and validate their base datatype references.,parser/validator unit test + round-trip test,tests/factories/test_fom_omt_parsing.py::test_parse_standard_mim_xml_extracts_structured_datatype_definitions;tests/factories/test_fom_omt_parsing.py::test_parse_fom_xml_rejects_unresolved_simple_array_fixed_and_variant_datatype_references,mapped,omt.datatypes.simple,hla_1516_requirements_master_v1_0.csv,This imported OMT datatype seed row is directly covered by the current simple-datatype parser witnesses.
HLA1516.2-DATATYPES-VARIANT-025,HLA1516.2-DT-002;HLA1516.2-DT-4.13-050;HLA1516.2-DT-4.13-051;HLA1516.2-DT-4.13-052;HLA1516.2-DT-4.13-053;HLA1516.2-DT-4.13-054,IEEE 1516.2-2010,4.13,OMT-DATATYPES-VARIANT,seed,"Parser shall preserve variant record discriminants, alternatives, and datatype references.",parser/validator unit test + round-trip test,tests/factories/test_fom_omt_parsing.py::test_parse_fom_xml_extracts_variant_record_mappings_and_rejects_duplicate_alternatives;tests/factories/test_fom_omt_parsing.py::test_parse_fom_xml_rejects_unresolved_variant_record_datatype_references,mapped,omt.datatypes.variant_records,hla_1516_requirements_master_v1_0.csv,This imported OMT datatype seed row is directly covered by the current variant-record parser witnesses.
HLA1516.2-OMT-OMT_DATATYPES-016,HLA1516.2-DT-4.13-001;HLA1516.2-DT-4.13-002;HLA1516.2-DT-4.13-003;HLA1516.2-DT-4.13-004;HLA1516.2-DT-4.13-005;HLA1516.2-DT-4.13-006;HLA1516.2-DT-4.13-010;HLA1516.2-DT-4.13-011;HLA1516.2-DT-4.13-012;HLA1516.2-DT-4.13-020;HLA1516.2-DT-4.13-021;HLA1516.2-DT-4.13-022;HLA1516.2-DT-4.13-023;HLA1516.2-DT-4.13-024;HLA1516.2-DT-4.13-030;HLA1516.2-DT-4.13-031;HLA1516.2-DT-4.13-032;HLA1516.2-DT-4.13-033;HLA1516.2-DT-4.13-034;HLA1516.2-DT-4.13-040;HLA1516.2-DT-4.13-041;HLA1516.2-DT-4.13-042;HLA1516.2-DT-4.13-043;HLA1516.2-DT-4.13-044;HLA1516.2-DT-4.13-050;HLA1516.2-DT-4.13-051;HLA1516.2-DT-4.13-052;HLA1516.2-DT-4.13-053;HLA1516.2-DT-4.13-054,IEEE 1516.2-2010,4.13,OMT-DATATYPES,OMT_CLAUSE_DETAIL,"The parser and validator shall support basic, simple, enumerated, array, fixed-record, and variant-record datatypes with ordering, encoding, cardinality, discriminant, and reference validation.",parser/unit/static validation tests,tests/factories/test_fom_omt_parsing.py::test_parse_fom_xml_extracts_transportation_update_rate_and_datatype_tables;tests/factories/test_fom_omt_parsing.py::test_parse_fom_xml_rejects_duplicate_datatype_names;tests/factories/test_fom_omt_parsing.py::test_parse_standard_mim_xml_extracts_structured_datatype_definitions;tests/factories/test_fom_omt_parsing.py::test_parse_fom_xml_extracts_identification_names_and_reference_datatypes;tests/factories/test_fom_omt_parsing.py::test_parse_fom_xml_rejects_unresolved_simple_array_fixed_and_variant_datatype_references;tests/factories/test_fom_omt_parsing.py::test_parse_fom_xml_rejects_unresolved_array_and_fixed_record_datatype_references;tests/factories/test_fom_omt_parsing.py::test_parse_fom_xml_rejects_unresolved_variant_record_datatype_references;tests/factories/test_fom_omt_parsing.py::test_parse_fom_xml_rejects_duplicate_enumerated_datatype_names;tests/factories/test_fom_omt_parsing.py::test_parse_fom_xml_rejects_duplicate_enumeration_values;tests/factories/test_fom_omt_parsing.py::test_parse_fom_xml_rejects_invalid_fixed_array_cardinality;tests/factories/test_fom_omt_parsing.py::test_parse_fom_xml_extracts_variant_record_mappings_and_rejects_duplicate_alternatives,mapped,omt/datatypes,hla_1516_requirements_master_v1_0.csv,"Current repo-native 1516.2 parser, merge, MIM, or schema tests directly cover this clause-level packet slice through curated OMT rows."
HLA1516.2-NOTES-026,HLA1516.2-NOTE-001;HLA1516.2-NOTE-4.14-001;HLA1516.2-NOTE-4.14-002;HLA1516.2-NOTE-4.14-003,IEEE 1516.2-2010,4.14,OMT-NOTES,seed,Parser and serializer shall preserve notes associated with OMT elements.,parser/validator unit test + round-trip test,tests/factories/test_fom_omt_parsing.py::test_parse_fom_xml_distinguishes_fom_som_and_mim_types_and_preserves_notes;tests/factories/test_fom_omt_parsing.py::test_serialize_fom_module_preserves_metadata_subset_across_round_trip,mapped,omt.notes,hla_1516_requirements_master_v1_0.csv,This imported OMT notes seed row is directly covered by the current note-preservation parser witnesses.
HLA1516.2-OMT-OMT_NOTES-017,HLA1516.2-NOTE-4.14-001;HLA1516.2-NOTE-4.14-002;HLA1516.2-NOTE-4.14-003,IEEE 1516.2-2010,4.14,OMT-NOTES,OMT_CLAUSE_DETAIL,The parser and serializer shall preserve note metadata for OMT elements without altering normative element semantics.,parser/unit/static validation tests,tests/factories/test_fom_omt_parsing.py::test_parse_fom_xml_distinguishes_fom_som_and_mim_types_and_preserves_notes;tests/factories/test_fom_omt_parsing.py::test_serialize_fom_module_preserves_metadata_subset_across_round_trip,mapped,omt/notes,hla_1516_requirements_master_v1_0.csv,"Current repo-native 1516.2 parser, merge, MIM, or schema tests directly cover this clause-level packet slice through curated OMT rows."
HLA1516.2-LEXICON-027,HLA1516.2-OMT-5-001,IEEE 1516.2-2010,5,OMT-LEXICON,seed,Object model documentation shall support FOM/SOM lexicon definition tables.,parser/validator unit test + round-trip test,tests/factories/test_fom_omt_parsing.py::test_1516_2_hierarchy_doc_declares_omt_lexicon_and_conformance_boundary,mapped,omt.lexicon,hla_1516_requirements_master_v1_0.csv,This imported OMT lexicon seed row is directly covered by the current 1516.2 hierarchy and lexicon documentation witness.
HLA1516.2-OMT-OMT_LEXICON_PURPOSE-018,HLA1516.2-OMT-5-001,IEEE 1516.2-2010,5.1,OMT-LEXICON-PURPOSE,OMT_CLAUSE_DETAIL,The implementation shall treat the FOM/SOM lexicon as the definitional bridge between OMT tables and human-readable object model semantics.,parser/unit/static validation tests,tests/factories/test_fom_omt_parsing.py::test_1516_2_hierarchy_doc_declares_omt_lexicon_and_conformance_boundary,mapped,omt/lexicon,hla_1516_requirements_master_v1_0.csv,This imported OMT lexicon-purpose row is now directly backed by explicit repo lexicon guidance and its verifier.
HLA1516.2-OMT-OMT_LEXICON_OBJECTS-019,HLA1516.2-OMT-5-001,IEEE 1516.2-2010,5.2,OMT-LEXICON-OBJECTS,OMT_CLAUSE_DETAIL,"The implementation shall capture object class definitions and semantics sufficient for documentation, validation, and traceability.",parser/unit/static validation tests,tests/factories/test_fom_omt_parsing.py::test_1516_2_hierarchy_doc_declares_omt_lexicon_and_conformance_boundary,mapped,omt/lexicon,hla_1516_requirements_master_v1_0.csv,This imported OMT lexicon-objects row is now directly backed by explicit repo lexicon guidance and its verifier.
HLA1516.2-OMT-OMT_LEXICON_INTERACTIONS-020,HLA1516.2-OMT-5-001,IEEE 1516.2-2010,5.3,OMT-LEXICON-INTERACTIONS,OMT_CLAUSE_DETAIL,"The implementation shall capture interaction class definitions and semantics sufficient for documentation, validation, and traceability.",parser/unit/static validation tests,tests/factories/test_fom_omt_parsing.py::test_1516_2_hierarchy_doc_declares_omt_lexicon_and_conformance_boundary,mapped,omt/lexicon,hla_1516_requirements_master_v1_0.csv,This imported OMT lexicon-interactions row is now directly backed by explicit repo lexicon guidance and its verifier.
HLA1516.2-OMT-OMT_LEXICON_ATTRIBUTES-021,HLA1516.2-OMT-5-001,IEEE 1516.2-2010,5.4,OMT-LEXICON-ATTRIBUTES,OMT_CLAUSE_DETAIL,"The implementation shall capture attribute definitions and semantics sufficient for documentation, validation, and traceability.",parser/unit/static validation tests,tests/factories/test_fom_omt_parsing.py::test_1516_2_hierarchy_doc_declares_omt_lexicon_and_conformance_boundary,mapped,omt/lexicon,hla_1516_requirements_master_v1_0.csv,This imported OMT lexicon-attributes row is now directly backed by explicit repo lexicon guidance and its verifier.
HLA1516.2-OMT-OMT_LEXICON_PARAMETERS-022,HLA1516.2-OMT-5-001,IEEE 1516.2-2010,5.5,OMT-LEXICON-PARAMETERS,OMT_CLAUSE_DETAIL,"The implementation shall capture parameter definitions and semantics sufficient for documentation, validation, and traceability.",parser/unit/static validation tests,tests/factories/test_fom_omt_parsing.py::test_1516_2_hierarchy_doc_declares_omt_lexicon_and_conformance_boundary,mapped,omt/lexicon,hla_1516_requirements_master_v1_0.csv,This imported OMT lexicon-parameters row is now directly backed by explicit repo lexicon guidance and its verifier.
HLA1516.2-CONFORMANCE-028,HLA1516.2-OMT-6-001,IEEE 1516.2-2010,6,OMT-CONFORMANCE,seed,Validator shall classify OMT conformance against supported conformance labels and verification rules.,parser/validator unit test + round-trip test,tests/factories/test_fom_omt_parsing.py::test_1516_2_hierarchy_doc_declares_omt_lexicon_and_conformance_boundary,mapped,omt.conformance,hla_1516_requirements_master_v1_0.csv,This imported OMT conformance seed row is directly covered by the current 1516.2 hierarchy and subset-conformance documentation witness.
HLA1516.2-OMT-OMT_CONFORMANCE_LABELS-023,HLA1516.2-OMT-6-001,IEEE 1516.2-2010,6.1,OMT-CONFORMANCE-LABELS,OMT_CLAUSE_DETAIL,"The OMT validator shall record conformance labels and use them to classify whether an object model is conforming, partially conforming, or nonconforming according to the standard criteria.",parser/unit/static validation tests,tests/factories/test_fom_omt_parsing.py::test_assess_omt_conformance_classifies_conforming_partial_and_nonconforming_documents;tests/factories/test_fom_omt_parsing.py::test_1516_2_hierarchy_doc_declares_omt_lexicon_and_conformance_boundary,mapped,omt/conformance,hla_1516_requirements_master_v1_0.csv,"This imported OMT conformance-labels row is now directly backed by executable parser classification evidence plus explicit documentation of the repo-native OMT document conformance labels."
HLA1516.2-OMT-OMT_CONFORMANCE_VERIFICATION-024,HLA1516.2-OMT-6-001,IEEE 1516.2-2010,6.2,OMT-CONFORMANCE-VERIFICATION,OMT_CLAUSE_DETAIL,"The OMT verification suite shall include schema validation, semantic validation, reference validation, merge validation, and parse/serialize round-trip validation.",parser/unit/static validation tests,tests/factories/test_fom_omt_parsing.py::test_1516_2_hierarchy_doc_declares_omt_lexicon_and_conformance_boundary;tests/factories/test_fom_omt_parsing.py::test_parse_fom_xml_with_omt_schema_validation_accepts_restaurant_reference_module_and_rejects_invalid_document;tests/factories/test_fom_omt_parsing.py::test_merge_fom_modules_preserves_class_datatype_and_dimension_consistency;tests/factories/test_fom_omt_parsing.py::test_serialize_fom_module_preserves_metadata_subset_across_round_trip,mapped,tests/omt_conformance,hla_1516_requirements_master_v1_0.csv,This imported OMT conformance-verification row is now directly backed by explicit suite composition documentation plus executable schema, merge, and round-trip witnesses.
HLA1516.2-OMT-OMT_SERVICE_UTILIZATION-025,HLA1516.2-OMT-6-001,IEEE 1516.2-2010,6.3,OMT-SERVICE-UTILIZATION,OMT_CLAUSE_DETAIL,The parser shall capture service utilization information and expose it for federate/SOM/FOM conformance assessment where present.,parser/unit/static validation tests,tests/factories/test_fom_omt_parsing.py::test_parse_fom_xml_recognizes_standard_omt_component_tables_across_fom_som_and_mim;tests/factories/test_fom_omt_parsing.py::test_merge_with_standard_mim_preserves_standard_mom_definitions_and_catalog_metadata;tests/factories/test_fom_omt_parsing.py::test_1516_2_hierarchy_doc_declares_omt_lexicon_and_conformance_boundary,mapped,omt/service_utilization,hla_1516_requirements_master_v1_0.csv,This imported OMT service-utilization row is now directly backed by parser witnesses that extract and preserve serviceUtilization metadata from standard OMT artifacts.
HLA1516.2-MERGE-029,HLA1516.2-OMT-001;HLA1516.2-MERGE-001;HLA1516.2-OMT-7-001;HLA1516.2-OMT-7-002;HLA1516.2-MERGE-7-001;HLA1516.2-MERGE-7-002,IEEE 1516.2-2010,7,OMT-MERGE,seed,Merger shall combine FOM/SOM modules according to standard module merging rules.,parser/validator unit test + round-trip test,tests/factories/test_fom_omt_parsing.py::test_create_federation_execution_distinguishes_open_read_time_and_inconsistent_fom_errors;tests/factories/test_fom_omt_parsing.py::test_strict_fom_loading_discovers_bundled_fom_and_rejects_unknown_names;tests/factories/test_fom_omt_parsing.py::test_merge_fom_modules_preserves_class_datatype_and_dimension_consistency;tests/factories/test_fom_omt_parsing.py::test_join_fom_time_conflict_is_transactional;tests/factories/test_fom_omt_parsing.py::test_create_federation_execution_with_explicit_mim_uses_requested_module,mapped,omt.merge,hla_1516_requirements_master_v1_0.csv,This imported OMT merge seed row is directly covered by the current module-merge parser and integration witnesses.
HLA1516.2-OMT-OMT_MODULE_MERGING-026,HLA1516.2-OMT-7-001;HLA1516.2-OMT-7-002;HLA1516.2-MERGE-7-001;HLA1516.2-MERGE-7-002;HLA1516.2-MERGE-7.0-001;HLA1516.2-MERGE-7.0-002;HLA1516.2-MERGE-7.0-003;HLA1516.2-MERGE-7.0-004;HLA1516.2-MERGE-7.0-005;HLA1516.2-MERGE-7.0-006;HLA1516.2-MERGE-7.0-007;HLA1516.2-MERGE-7.0-008,IEEE 1516.2-2010,7,OMT-MODULE-MERGING,OMT_CLAUSE_DETAIL,"The FOM/SOM module merger shall compose multiple modules into a consistent effective object model while detecting conflicts in classes, attributes, interactions, datatypes, dimensions, transportation, update rates, switches, notes, and identification metadata.",parser/unit/static validation tests,tests/factories/test_fom_omt_parsing.py::test_create_federation_execution_distinguishes_open_read_time_and_inconsistent_fom_errors;tests/factories/test_fom_omt_parsing.py::test_strict_fom_loading_discovers_bundled_fom_and_rejects_unknown_names;tests/factories/test_fom_omt_parsing.py::test_join_fom_time_conflict_is_transactional;tests/factories/test_fom_omt_parsing.py::test_create_federation_execution_with_explicit_mim_uses_requested_module;tests/factories/test_fom_omt_parsing.py::test_merge_fom_modules_preserves_class_datatype_and_dimension_consistency,mapped,omt/module_merger,hla_1516_requirements_master_v1_0.csv,"Current repo-native 1516.2 parser, merge, MIM, or schema tests directly cover this clause-level packet slice through curated OMT rows."
HLA1516.2-NORMALIZATION-030,,IEEE 1516.2-2010,Annex B,OMT-NORMALIZATION,seed,Implementation shall support common normalization functions required for DDM dimension values.,parser/validator unit test + round-trip test,tests/factories/test_fom_omt_parsing.py::test_parse_fom_xml_preserves_dimension_normalization_metadata;tests/factories/test_fom_omt_parsing.py::test_parse_fom_xml_with_omt_schema_validation_accepts_restaurant_reference_module_and_rejects_invalid_document,partial,omt.normalization,hla_1516_requirements_master_v1_0.csv,Current repo-native evidence now directly proves parser/schema recognition and preservation of dimension normalization metadata, but not full executable runtime normalization semantics for DDM routing values.
HLA1516.2-OMT-OMT_NORM_NORMALIZATION-027,,IEEE 1516.2-2010,Annex B,OMT-NORM-NORMALIZATION,OMT_CLAUSE_DETAIL,The DDM implementation shall support common normalization functions defined by the normative OMT annex where referenced by dimensions.,parser/unit/static validation tests,tests/factories/test_fom_omt_parsing.py::test_parse_fom_xml_preserves_dimension_normalization_metadata;tests/factories/test_fom_omt_parsing.py::test_parse_fom_xml_with_omt_schema_validation_accepts_restaurant_reference_module_and_rejects_invalid_document,partial,ddm/normalization,hla_1516_requirements_master_v1_0.csv,Current repo-native evidence now directly proves parser/schema recognition and preservation of dimension normalization metadata, but not full executable runtime normalization semantics for DDM routing values.
HLA1516.2-MERGE-PRINCIPLES-031,HLA1516.2-OMT-001;HLA1516.2-MERGE-001;HLA1516.2-OMT-7-001;HLA1516.2-OMT-7-002;HLA1516.2-MERGE-7-001;HLA1516.2-MERGE-7-002,IEEE 1516.2-2010,Annex C,OMT-MERGE-PRINCIPLES,seed,Merger shall apply the normative module merging principles when composing object models.,parser/validator unit test + round-trip test,tests/factories/test_fom_omt_parsing.py::test_merge_fom_modules_applies_normative_merging_principles_for_compatible_and_incompatible_inputs;tests/factories/test_fom_omt_parsing.py::test_merge_fom_modules_preserves_class_datatype_and_dimension_consistency;tests/factories/test_fom_omt_parsing.py::test_join_fom_time_conflict_is_transactional;tests/factories/test_fom_omt_parsing.py::test_create_federation_execution_with_explicit_mim_uses_requested_module,mapped,omt.merge,hla_1516_requirements_master_v1_0.csv,"This imported OMT merge-principles seed row is now directly backed by executable merge evidence for compatible composition plus rejection of incompatible duplicate datatypes and inconsistent logical time definitions."
HLA1516.2-OMT-OMT_NORM_MERGING_PRINCIPLES-028,,IEEE 1516.2-2010,Annex C,OMT-NORM-MERGING-PRINCIPLES,OMT_CLAUSE_DETAIL,The module-merging implementation shall apply the normative merging principles and reject incompatible duplicates or inconsistent definitions.,parser/unit/static validation tests,tests/factories/test_fom_omt_parsing.py::test_merge_fom_modules_applies_normative_merging_principles_for_compatible_and_incompatible_inputs,mapped,omt/module_merger,hla_1516_requirements_master_v1_0.csv,Current repo-native merge logic now has a direct annex-oriented witness proving compatible module composition plus rejection of incompatible duplicate datatype and logical time definitions.
HLA1516.2-OMT-OMT_DIF-029,HLA1516.2-MIM-D-001;HLA1516.2-XML-D-001;HLA1516.2-XML-D-002;HLA1516.2-XML-D-003,IEEE 1516.2-2010,Annex D,OMT-DIF,OMT_CLAUSE_DETAIL,The XML interchange implementation shall read and write the OMT data interchange format and preserve semantic equivalence through parse/serialize/parse cycles.,parser/unit/static validation tests,tests/factories/test_fom_omt_parsing.py::test_mom_request_mim_data_reports_bundled_mim_payload;tests/factories/test_fom_omt_parsing.py::test_create_federation_execution_distinguishes_open_read_time_and_inconsistent_fom_errors;tests/factories/test_fom_omt_parsing.py::test_java_overload_resolution_and_converter_prepare_vendor_owned_collections;tests/factories/test_fom_omt_parsing.py::test_mom_report_payload_uses_exact_mim_catalog_parameters,mapped,omt/xml,hla_1516_requirements_master_v1_0.csv,"Current repo-native 1516.2 parser, merge, MIM, or schema tests directly cover this clause-level packet slice through curated OMT rows."
